C*******************************************************************************
C
C                  INTEGRATED WATER FLOW MODEL (IWFM)
C                         *** Version 2015 ***
C
C*******************************************************************************
C
C                        ZONE DEFINITION INPUT FILE
C                     for IWFM Z-Budget Post-Processing
C
C             Project:  C2VSim Fine Grid (C2VSimFG)
C                       California Central Valley Groundwater-Surface Water Simulation Model
C             Filename: C2VSimFG.in
C             Version:  C2VSimFG_v1.0     2020-12-04
C             
C*******************************************************************************
C
C                        ***** Model Disclaimer *****
C
C          This is version 1.0 of C2VSimFG and is subject to change.  Users 
C          of this version should be aware that this model is undergoing active
C          development and adjustment. Users of this model do so at their own
C          risk subject to the GNU General Public License below. The Department 
C          does not guarantee the accuracy, completeness, or timeliness of the 
C          information provided. Neither the Department of Water Resources nor 
C          any of the sources of the information used by the Department in the
C          development of this model shall be responsible for any errors or 
C          omissions, for the use, or results obtained from the use of this model.
C
C*******************************************************************************
C
C  California Central Valley Groundwater-Surface Water Flow Model (C2VSim)
C  Copyright (C) 2012-2018
C  State of California, Department of Water Resources
C
C  This model is free. You can redistribute it and/or modify it
C  under the terms of the GNU General Public License as published
C  by the Free Software Foundation; either version 2 of the License,
C  or (at your option) any later version.
C
C  This model is distributed WITHOUT ANY WARRANTY; without even
C  the implied warranty of MERCHANTABILITY or FITNESS FOR A
C  PARTICULAR PURPOSE.  See the GNU General Public License for
C  more details. (http://www.gnu.org/licenses/gpl.html)
C
C  The GNU General Public License is available from the Free Software
C  Foundation, Inc., 59 Temple Place - Suite 330, Boston, MA  02111-1307, USA.
C
C  For technical support, e-mail: IWFMtechsupport@water.ca.gov
C
C
C    Principal Contact:
C          Tariq N. Kadir, PE, Senior Engineer, DWR
C          (916) 653-3513, kadir@water.ca.gov
C
C   SGMA Contact:
C          Tyler Hatch, PhD, PE, Senior Engineer, DWR
C          (916) 651-7014, tyler.hatch@water.ca.gov
C
C*******************************************************************************                     
C
C                            File Description
C
C    This file contains zone definitions to be used with the Z-Budget post-processor.
C    
C*******************************************************************************                     
C                            Zone Information
C
C    The following lists the zone numbers that the elements of the finite element 
C    mesh belong to.  Element number, layer number (this information is
C    optional depending on the value of ZEXTENT above) and the zone number that 
C    the element belongs to are required information. It is not necessary to list
C    all elements at all layers and assign a zone number to each of them.
C    By default, each element is given a zone number of -99.  Therefore, any elements  
C    that are not listed below will constitute zone -99.
C    
C    ** Note: If variable ZEXTENT below is set to 1, do not specify LAYER below. If 
C             ZEXTENT is set to 0, it is required that LAYER for each element below 
C             is specified.
C
C    ZEXTENT ; Extent of the the zone numbering
C                1 = Zone numbering is defined for horizontal plane and will be 
C                     used for all layers
C                0 = Different zone numbering is specified for each layer
C    IE      ; Element number
C    LAYER   ; Layer number at which element is located 
C    ZONE    ; Zone number 
C 
C-------------------------------------------------------------------------------
C    VALUE                      / DESCRIPTION                                    
C-------------------------------------------------------------------------------
        1                       / ZEXTENT
C-------------------------------------------------------------------------------
C       ZID     ZNAME
C-------------------------------------------------------------------------------
        1       5-022.11
        2       5-022.09
        3       5-022.02
        4       2-031
        5       2-006
        6       2-004
        7       2-005
        8       2-003
        9       5-021.54
        10      5-021.50
        11      5-021.53
        12      5-006.03
        13      5-006.04
        14      5-022.10
        15      5-022.18
        16      5-022.17
        17      5-022.16
        18      5-022.14
        19      5-022.12
        20      5-022.13
        21      5-022.05
        22      5-022.04
        23      5-021.56
        24      5-006.01
        25      5-006.06
        26      5-006.05
        27      5-022.07
        28      5-022.15
        29      5-021.66
        30      5-021.67
        31      5-022.01
        32      5-021.65
        33      5-021.60
        34      5-021.51
        35      5-021.52
        36      5-021.61
        37      5-021.64
        38      5-022.19
        39      5-021.57
        40      5-021.69
        41      5-021.62
        42      5-022.08
        43      5-021.70
        44      5-022.06
        45      5-022.03
        46      Suisun Bay
C-------------------------------------------------------------------------------
C       IE      LAYER   ZONE                                                         
C-------------------------------------------------------------------------------
1    13
2    13
3    13
4    13
5    13
6    13
7    13
8    13
9    26
10    13
11    13
12    13
13    13
14    13
15    13
16    13
17    13
18    13
19    13
20    13
21    13
22    13
23    26
24    26
25    26
26    26
27    13
28    13
29    13
30    13
31    13
32    13
33    13
34    13
35    13
36    13
37    13
38    13
39    13
40    13
41    26
42    26
43    26
44    26
45    26
46    26
47    26
48    13
49    13
50    12
51    12
52    12
53    12
54    12
55    13
56    13
57    13
58    13
59    13
60    13
61    13
62    13
63    13
64    13
65    13
66    13
67    26
68    26
69    26
70    26
71    26
72    26
73    12
74    12
75    12
76    12
77    12
78    12
79    12
80    12
81    12
82    13
83    13
84    13
85    13
86    13
87    13
88    13
89    13
90    13
91    13
92    13
93    13
94    13
95    13
96    13
97    13
98    26
99    26
100    26
101    26
102    26
103    26
104    26
105    12
106    12
107    12
108    12
109    12
110    12
111    13
112    13
113    13
114    13
115    13
116    13
117    13
118    13
119    13
120    13
121    13
122    13
123    13
124    13
125    13
126    13
127    26
128    26
129    26
130    26
131    26
132    26
133    26
134    26
135    26
136    26
137    26
138    26
139    26
140    26
141    26
142    26
143    12
144    12
145    12
146    12
147    12
148    13
149    13
150    13
151    13
152    13
153    13
154    13
155    13
156    13
157    13
158    13
159    13
160    13
161    13
162    13
163    13
164    13
165    26
166    26
167    26
168    26
169    26
170    26
171    26
172    26
173    26
174    26
175    26
176    26
177    26
178    26
179    26
180    26
181    26
182    26
183    26
184    26
185    12
186    12
187    12
188    12
189    12
190    12
191    13
192    13
193    12
194    12
195    13
196    13
197    13
198    13
199    13
200    13
201    13
202    13
203    13
204    13
205    13
206    13
207    13
208    26
209    26
210    26
211    26
212    26
213    26
214    26
215    26
216    26
217    26
218    26
219    26
220    26
221    26
222    26
223    26
224    26
225    12
226    12
227    12
228    12
229    12
230    12
231    12
232    12
233    12
234    13
235    13
236    13
237    13
238    13
239    13
240    13
241    13
242    13
243    13
244    13
245    13
246    13
247    13
248    13
249    13
250    13
251    26
252    26
253    26
254    26
255    26
256    26
257    26
258    26
259    26
260    26
261    26
262    12
263    12
264    12
265    12
266    12
267    12
268    12
269    12
270    12
271    12
272    12
273    12
274    13
275    13
276    13
277    13
278    13
279    13
280    13
281    13
282    13
283    13
284    13
285    13
286    13
287    13
288    13
289    13
290    13
291    26
292    26
293    26
294    26
295    26
296    26
297    26
298    26
299    26
300    26
301    26
302    26
303    12
304    12
305    12
306    12
307    12
308    12
309    12
310    12
311    12
312    12
313    12
314    12
315    12
316    12
317    13
318    13
319    13
320    13
321    12
322    12
323    12
324    13
325    13
326    13
327    13
328    13
329    13
330    13
331    13
332    13
333    13
334    13
335    13
336    13
337    26
338    26
339    26
340    26
341    26
342    26
343    26
344    26
345    26
346    26
347    12
348    12
349    12
350    12
351    12
352    12
353    12
354    12
355    12
356    12
357    12
358    12
359    12
360    12
361    12
362    12
363    12
364    12
365    12
366    12
367    12
368    12
369    12
370    12
371    12
372    13
373    13
374    13
375    13
376    12
377    12
378    12
379    13
380    13
381    13
382    13
383    13
384    26
385    26
386    26
387    26
388    26
389    26
390    26
391    26
392    26
393    26
394    26
395    26
396    12
397    12
398    12
399    12
400    12
401    12
402    12
403    12
404    12
405    12
406    12
407    12
408    12
409    12
410    12
411    12
412    12
413    12
414    12
415    12
416    12
417    12
418    12
419    12
420    12
421    12
422    12
423    12
424    12
425    12
426    12
427    13
428    13
429    13
430    26
431    26
432    26
433    26
434    26
435    26
436    26
437    26
438    26
439    26
440    26
441    26
442    26
443    26
444    26
445    12
446    12
447    12
448    12
449    12
450    12
451    12
452    12
453    12
454    12
455    12
456    12
457    12
458    12
459    12
460    12
461    12
462    12
463    12
464    12
465    12
466    12
467    12
468    12
469    12
470    12
471    12
472    12
473    12
474    12
475    12
476    12
477    26
478    26
479    26
480    26
481    26
482    26
483    26
484    26
485    26
486    26
487    26
488    26
489    26
490    26
491    26
492    26
493    26
494    26
495    12
496    12
497    12
498    12
499    12
500    12
501    12
502    12
503    12
504    12
505    12
506    12
507    12
508    12
509    12
510    12
511    12
512    12
513    12
514    12
515    12
516    12
517    12
518    12
519    12
520    12
521    12
522    12
523    12
524    12
525    12
526    12
527    12
528    12
529    12
530    26
531    26
532    26
533    26
534    26
535    26
536    26
537    26
538    26
539    26
540    26
541    26
542    26
543    26
544    26
545    26
546    26
547    12
548    12
549    12
550    12
551    12
552    12
553    12
554    12
555    12
556    12
557    12
558    12
559    12
560    12
561    12
562    12
563    12
564    12
565    12
566    12
567    12
568    12
569    12
570    12
571    12
572    12
573    12
574    12
575    12
576    12
577    12
578    12
579    12
580    12
581    12
582    12
583    12
584    12
585    26
586    26
587    26
588    26
589    26
590    26
591    26
592    26
593    26
594    26
595    26
596    26
597    26
598    26
599    26
600    26
601    26
602    26
603    26
604    26
605    26
606    26
607    12
608    12
609    12
610    12
611    12
612    12
613    12
614    12
615    12
616    12
617    12
618    12
619    12
620    12
621    12
622    12
623    12
624    12
625    12
626    12
627    12
628    12
629    12
630    12
631    12
632    12
633    12
634    12
635    12
636    12
637    12
638    12
639    12
640    12
641    12
642    12
643    12
644    12
645    12
646    12
647    12
648    12
649    12
650    12
651    12
652    12
653    26
654    26
655    26
656    26
657    26
658    26
659    26
660    26
661    26
662    26
663    26
664    26
665    25
666    25
667    26
668    26
669    26
670    26
671    26
672    25
673    25
674    25
675    25
676    25
677    25
678    12
679    12
680    12
681    12
682    12
683    12
684    12
685    24
686    24
687    24
688    12
689    12
690    12
691    12
692    12
693    12
694    12
695    12
696    12
697    12
698    24
699    12
700    12
701    12
702    12
703    12
704    12
705    12
706    12
707    12
708    12
709    12
710    12
711    12
712    12
713    12
714    12
715    12
716    12
717    12
718    12
719    12
720    12
721    12
722    12
723    12
724    12
725    12
726    12
727    26
728    26
729    26
730    26
731    26
732    26
733    26
734    25
735    26
736    26
737    26
738    25
739    25
740    25
741    25
742    25
743    25
744    25
745    25
746    25
747    25
748    25
749    25
750    25
751    12
752    12
753    24
754    24
755    24
756    24
757    24
758    24
759    24
760    24
761    24
762    24
763    24
764    24
765    24
766    24
767    24
768    24
769    24
770    12
771    12
772    12
773    12
774    12
775    24
776    12
777    12
778    12
779    24
780    24
781    24
782    24
783    24
784    12
785    12
786    12
787    12
788    12
789    12
790    12
791    24
792    24
793    24
794    12
795    12
796    12
797    12
798    12
799    12
800    12
801    26
802    26
803    26
804    26
805    26
806    25
807    25
808    25
809    25
810    25
811    25
812    25
813    25
814    25
815    25
816    25
817    25
818    25
819    25
820    25
821    25
822    25
823    12
824    12
825    24
826    24
827    24
828    24
829    24
830    24
831    24
832    24
833    24
834    24
835    24
836    24
837    24
838    24
839    24
840    24
841    24
842    24
843    24
844    24
845    24
846    24
847    24
848    24
849    24
850    24
851    24
852    24
853    24
854    24
855    24
856    24
857    24
858    24
859    24
860    24
861    24
862    24
863    24
864    24
865    24
866    24
867    24
868    12
869    12
870    12
871    12
872    12
873    12
874    26
875    25
876    25
877    25
878    25
879    25
880    25
881    25
882    25
883    25
884    25
885    25
886    25
887    25
888    25
889    25
890    25
891    25
892    12
893    24
894    24
895    24
896    24
897    24
898    24
899    24
900    24
901    24
902    24
903    24
904    24
905    24
906    24
907    24
908    24
909    24
910    24
911    24
912    24
913    24
914    24
915    24
916    24
917    24
918    24
919    24
920    24
921    24
922    24
923    24
924    24
925    24
926    24
927    24
928    24
929    24
930    24
931    24
932    24
933    24
934    24
935    24
936    24
937    24
938    24
939    24
940    24
941    12
942    26
943    25
944    25
945    25
946    25
947    25
948    25
949    25
950    25
951    25
952    25
953    25
954    25
955    25
956    25
957    25
958    25
959    25
960    25
961    24
962    24
963    24
964    24
965    24
966    24
967    24
968    24
969    24
970    24
971    24
972    24
973    24
974    24
975    24
976    24
977    24
978    24
979    24
980    24
981    24
982    24
983    24
984    24
985    24
986    24
987    24
988    24
989    24
990    24
991    24
992    24
993    24
994    24
995    24
996    24
997    24
998    24
999    24
1000    24
1001    24
1002    26
1003    26
1004    26
1005    25
1006    25
1007    25
1008    25
1009    25
1010    25
1011    25
1012    25
1013    25
1014    25
1015    25
1016    25
1017    25
1018    25
1019    25
1020    25
1021    25
1022    24
1023    24
1024    24
1025    24
1026    24
1027    24
1028    24
1029    24
1030    24
1031    24
1032    24
1033    24
1034    24
1035    24
1036    24
1037    24
1038    24
1039    24
1040    24
1041    24
1042    24
1043    24
1044    24
1045    24
1046    24
1047    24
1048    24
1049    24
1050    24
1051    24
1052    24
1053    24
1054    24
1055    24
1056    24
1057    24
1058    24
1059    24
1060    24
1061    24
1062    24
1063    25
1064    25
1065    25
1066    25
1067    25
1068    25
1069    25
1070    25
1071    25
1072    25
1073    25
1074    25
1075    25
1076    25
1077    25
1078    25
1079    25
1080    25
1081    25
1082    11
1083    11
1084    11
1085    11
1086    24
1087    24
1088    24
1089    24
1090    24
1091    24
1092    24
1093    24
1094    24
1095    24
1096    24
1097    24
1098    24
1099    24
1100    24
1101    24
1102    24
1103    24
1104    24
1105    24
1106    24
1107    24
1108    24
1109    24
1110    24
1111    24
1112    24
1113    24
1114    24
1115    24
1116    24
1117    24
1118    24
1119    24
1120    24
1121    24
1122    24
1123    24
1124    24
1125    24
1126    24
1127    24
1128    24
1129    24
1130    25
1131    24
1132    24
1133    24
1134    25
1135    25
1136    25
1137    25
1138    25
1139    25
1140    25
1141    25
1142    25
1143    25
1144    25
1145    25
1146    25
1147    25
1148    25
1149    25
1150    11
1151    11
1152    11
1153    11
1154    11
1155    11
1156    11
1157    11
1158    24
1159    24
1160    24
1161    24
1162    24
1163    24
1164    24
1165    24
1166    24
1167    24
1168    24
1169    24
1170    24
1171    24
1172    24
1173    24
1174    24
1175    24
1176    24
1177    24
1178    24
1179    24
1180    24
1181    24
1182    24
1183    24
1184    24
1185    24
1186    24
1187    24
1188    24
1189    24
1190    24
1191    24
1192    24
1193    24
1194    24
1195    24
1196    24
1197    24
1198    24
1199    24
1200    25
1201    25
1202    25
1203    25
1204    25
1205    25
1206    24
1207    24
1208    24
1209    24
1210    25
1211    25
1212    25
1213    25
1214    25
1215    25
1216    25
1217    25
1218    25
1219    11
1220    11
1221    11
1222    11
1223    11
1224    11
1225    11
1226    11
1227    24
1228    24
1229    24
1230    24
1231    24
1232    24
1233    24
1234    24
1235    24
1236    24
1237    24
1238    24
1239    24
1240    24
1241    24
1242    24
1243    24
1244    24
1245    24
1246    24
1247    24
1248    24
1249    24
1250    24
1251    24
1252    24
1253    24
1254    24
1255    24
1256    24
1257    24
1258    24
1259    24
1260    10
1261    10
1262    24
1263    24
1264    10
1265    10
1266    24
1267    24
1268    24
1269    24
1270    24
1271    25
1272    25
1273    25
1274    25
1275    25
1276    25
1277    25
1278    25
1279    24
1280    24
1281    10
1282    10
1283    25
1284    24
1285    25
1286    25
1287    25
1288    25
1289    11
1290    11
1291    11
1292    11
1293    11
1294    11
1295    11
1296    11
1297    11
1298    24
1299    24
1300    24
1301    24
1302    24
1303    24
1304    24
1305    24
1306    24
1307    24
1308    24
1309    24
1310    24
1311    24
1312    24
1313    24
1314    24
1315    24
1316    24
1317    24
1318    24
1319    24
1320    24
1321    10
1322    10
1323    10
1324    10
1325    24
1326    24
1327    24
1328    10
1329    10
1330    10
1331    10
1332    10
1333    10
1334    10
1335    10
1336    10
1337    10
1338    10
1339    24
1340    24
1341    24
1342    25
1343    25
1344    25
1345    25
1346    24
1347    24
1348    24
1349    10
1350    10
1351    10
1352    10
1353    11
1354    11
1355    11
1356    11
1357    11
1358    11
1359    11
1360    11
1361    11
1362    11
1363    11
1364    11
1365    24
1366    24
1367    24
1368    24
1369    24
1370    24
1371    24
1372    24
1373    24
1374    24
1375    24
1376    24
1377    24
1378    24
1379    24
1380    24
1381    24
1382    24
1383    24
1384    24
1385    24
1386    24
1387    10
1388    10
1389    10
1390    10
1391    10
1392    10
1393    10
1394    10
1395    10
1396    10
1397    10
1398    10
1399    10
1400    10
1401    10
1402    10
1403    10
1404    10
1405    10
1406    10
1407    24
1408    24
1409    25
1410    25
1411    25
1412    24
1413    24
1414    24
1415    10
1416    10
1417    11
1418    11
1419    11
1420    11
1421    10
1422    10
1423    11
1424    11
1425    11
1426    11
1427    11
1428    11
1429    11
1430    11
1431    11
1432    11
1433    11
1434    11
1435    11
1436    24
1437    24
1438    24
1439    24
1440    24
1441    24
1442    24
1443    24
1444    24
1445    24
1446    24
1447    24
1448    24
1449    24
1450    24
1451    24
1452    24
1453    24
1454    10
1455    10
1456    10
1457    10
1458    10
1459    10
1460    10
1461    10
1462    10
1463    10
1464    10
1465    10
1466    10
1467    10
1468    10
1469    10
1470    10
1471    10
1472    10
1473    10
1474    10
1475    10
1476    10
1477    10
1478    10
1479    24
1480    24
1481    10
1482    10
1483    10
1484    11
1485    11
1486    11
1487    11
1488    11
1489    11
1490    11
1491    11
1492    11
1493    11
1494    11
1495    11
1496    11
1497    11
1498    11
1499    24
1500    24
1501    24
1502    24
1503    24
1504    24
1505    24
1506    24
1507    24
1508    24
1509    24
1510    24
1511    24
1512    24
1513    24
1514    24
1515    24
1516    10
1517    10
1518    10
1519    10
1520    10
1521    10
1522    10
1523    10
1524    10
1525    10
1526    10
1527    10
1528    10
1529    10
1530    10
1531    10
1532    10
1533    10
1534    10
1535    10
1536    10
1537    10
1538    10
1539    10
1540    10
1541    10
1542    10
1543    10
1544    10
1545    10
1546    11
1547    11
1548    11
1549    11
1550    11
1551    11
1552    11
1553    11
1554    11
1555    11
1556    11
1557    11
1558    11
1559    11
1560    11
1561    11
1562    11
1563    24
1564    24
1565    24
1566    24
1567    24
1568    24
1569    24
1570    24
1571    24
1572    24
1573    24
1574    10
1575    10
1576    10
1577    10
1578    10
1579    10
1580    10
1581    10
1582    10
1583    10
1584    10
1585    10
1586    10
1587    10
1588    10
1589    10
1590    10
1591    10
1592    10
1593    10
1594    10
1595    10
1596    10
1597    10
1598    10
1599    11
1600    11
1601    11
1602    11
1603    11
1604    11
1605    11
1606    10
1607    11
1608    11
1609    11
1610    11
1611    11
1612    11
1613    11
1614    11
1615    11
1616    11
1617    11
1618    11
1619    11
1620    11
1621    11
1622    11
1623    11
1624    24
1625    24
1626    24
1627    24
1628    24
1629    24
1630    24
1631    24
1632    10
1633    10
1634    10
1635    10
1636    10
1637    10
1638    10
1639    10
1640    10
1641    10
1642    10
1643    10
1644    10
1645    10
1646    10
1647    10
1648    10
1649    10
1650    10
1651    10
1652    10
1653    10
1654    10
1655    10
1656    10
1657    10
1658    10
1659    10
1660    11
1661    11
1662    11
1663    11
1664    11
1665    10
1666    10
1667    10
1668    10
1669    11
1670    11
1671    11
1672    11
1673    11
1674    11
1675    9
1676    9
1677    9
1678    24
1679    24
1680    24
1681    10
1682    10
1683    24
1684    24
1685    10
1686    10
1687    10
1688    10
1689    10
1690    10
1691    10
1692    10
1693    10
1694    10
1695    10
1696    10
1697    10
1698    10
1699    10
1700    10
1701    10
1702    10
1703    10
1704    10
1705    10
1706    10
1707    10
1708    10
1709    9
1710    9
1711    9
1712    9
1713    9
1714    10
1715    10
1716    10
1717    10
1718    10
1719    10
1720    10
1721    10
1722    10
1723    10
1724    10
1725    10
1726    11
1727    11
1728    11
1729    9
1730    9
1731    9
1732    9
1733    9
1734    9
1735    9
1736    10
1737    10
1738    10
1739    10
1740    10
1741    10
1742    10
1743    10
1744    10
1745    10
1746    10
1747    10
1748    10
1749    10
1750    10
1751    10
1752    10
1753    10
1754    10
1755    10
1756    10
1757    10
1758    10
1759    10
1760    10
1761    10
1762    10
1763    10
1764    10
1765    9
1766    9
1767    9
1768    9
1769    9
1770    9
1771    9
1772    10
1773    9
1774    11
1775    11
1776    10
1777    11
1778    9
1779    9
1780    9
1781    9
1782    9
1783    9
1784    9
1785    23
1786    23
1787    10
1788    10
1789    10
1790    10
1791    10
1792    10
1793    10
1794    10
1795    10
1796    10
1797    10
1798    10
1799    10
1800    10
1801    10
1802    10
1803    10
1804    10
1805    10
1806    10
1807    10
1808    10
1809    10
1810    10
1811    10
1812    10
1813    10
1814    10
1815    10
1816    10
1817    10
1818    9
1819    9
1820    9
1821    9
1822    9
1823    9
1824    9
1825    9
1826    9
1827    9
1828    9
1829    9
1830    9
1831    9
1832    9
1833    23
1834    23
1835    23
1836    23
1837    10
1838    10
1839    10
1840    10
1841    10
1842    10
1843    10
1844    10
1845    10
1846    10
1847    10
1848    10
1849    10
1850    10
1851    10
1852    10
1853    10
1854    10
1855    10
1856    10
1857    10
1858    10
1859    10
1860    10
1861    10
1862    10
1863    10
1864    10
1865    10
1866    9
1867    9
1868    9
1869    9
1870    9
1871    9
1872    9
1873    9
1874    9
1875    9
1876    9
1877    9
1878    9
1879    9
1880    23
1881    23
1882    23
1883    23
1884    23
1885    10
1886    10
1887    10
1888    10
1889    10
1890    10
1891    10
1892    10
1893    10
1894    10
1895    10
1896    10
1897    10
1898    10
1899    10
1900    10
1901    10
1902    10
1903    10
1904    10
1905    10
1906    10
1907    10
1908    10
1909    10
1910    10
1911    10
1912    9
1913    9
1914    9
1915    9
1916    9
1917    9
1918    9
1919    9
1920    9
1921    9
1922    9
1923    9
1924    9
1925    23
1926    23
1927    23
1928    23
1929    23
1930    10
1931    10
1932    10
1933    10
1934    10
1935    10
1936    10
1937    10
1938    10
1939    10
1940    10
1941    10
1942    10
1943    10
1944    10
1945    10
1946    10
1947    10
1948    10
1949    10
1950    10
1951    10
1952    10
1953    10
1954    10
1955    10
1956    10
1957    10
1958    10
1959    9
1960    9
1961    9
1962    9
1963    9
1964    9
1965    9
1966    9
1967    9
1968    9
1969    23
1970    23
1971    23
1972    23
1973    23
1974    23
1975    23
1976    23
1977    23
1978    10
1979    10
1980    10
1981    10
1982    10
1983    10
1984    10
1985    10
1986    10
1987    10
1988    10
1989    10
1990    10
1991    10
1992    10
1993    10
1994    10
1995    10
1996    10
1997    10
1998    10
1999    10
2000    10
2001    10
2002    10
2003    10
2004    10
2005    10
2006    10
2007    10
2008    10
2009    10
2010    9
2011    9
2012    10
2013    9
2014    9
2015    9
2016    9
2017    9
2018    9
2019    9
2020    9
2021    9
2022    9
2023    9
2024    23
2025    23
2026    23
2027    23
2028    23
2029    23
2030    23
2031    23
2032    10
2033    10
2034    10
2035    10
2036    10
2037    10
2038    10
2039    10
2040    10
2041    10
2042    10
2043    10
2044    10
2045    10
2046    10
2047    10
2048    10
2049    10
2050    10
2051    10
2052    10
2053    10
2054    10
2055    10
2056    10
2057    10
2058    10
2059    10
2060    10
2061    10
2062    10
2063    10
2064    10
2065    10
2066    10
2067    10
2068    10
2069    10
2070    10
2071    9
2072    10
2073    9
2074    9
2075    9
2076    9
2077    9
2078    9
2079    9
2080    23
2081    23
2082    23
2083    23
2084    23
2085    23
2086    23
2087    23
2088    10
2089    10
2090    10
2091    10
2092    10
2093    10
2094    10
2095    10
2096    10
2097    10
2098    10
2099    10
2100    10
2101    10
2102    10
2103    10
2104    10
2105    10
2106    10
2107    10
2108    10
2109    10
2110    10
2111    10
2112    10
2113    10
2114    10
2115    10
2116    10
2117    10
2118    10
2119    10
2120    10
2121    10
2122    10
2123    10
2124    10
2125    10
2126    10
2127    10
2128    10
2129    10
2130    10
2131    10
2132    10
2133    10
2134    10
2135    10
2136    10
2137    9
2138    9
2139    9
2140    9
2141    9
2142    23
2143    9
2144    23
2145    23
2146    23
2147    23
2148    23
2149    23
2150    23
2151    23
2152    23
2153    10
2154    10
2155    10
2156    10
2157    10
2158    10
2159    10
2160    10
2161    10
2162    10
2163    10
2164    10
2165    10
2166    10
2167    10
2168    10
2169    10
2170    10
2171    10
2172    10
2173    10
2174    10
2175    10
2176    10
2177    10
2178    10
2179    10
2180    10
2181    10
2182    10
2183    10
2184    10
2185    10
2186    10
2187    10
2188    10
2189    10
2190    10
2191    10
2192    10
2193    10
2194    10
2195    10
2196    10
2197    10
2198    10
2199    10
2200    10
2201    10
2202    10
2203    10
2204    10
2205    10
2206    9
2207    10
2208    10
2209    9
2210    9
2211    9
2212    9
2213    23
2214    23
2215    23
2216    23
2217    23
2218    23
2219    23
2220    23
2221    23
2222    23
2223    10
2224    10
2225    10
2226    10
2227    10
2228    10
2229    10
2230    10
2231    10
2232    10
2233    10
2234    10
2235    10
2236    10
2237    10
2238    10
2239    10
2240    10
2241    10
2242    10
2243    10
2244    10
2245    10
2246    10
2247    10
2248    10
2249    10
2250    10
2251    10
2252    10
2253    10
2254    10
2255    10
2256    10
2257    10
2258    10
2259    10
2260    10
2261    10
2262    10
2263    10
2264    10
2265    10
2266    10
2267    10
2268    10
2269    10
2270    10
2271    10
2272    10
2273    10
2274    10
2275    10
2276    10
2277    10
2278    9
2279    9
2280    9
2281    9
2282    23
2283    23
2284    23
2285    23
2286    23
2287    23
2288    23
2289    23
2290    23
2291    23
2292    23
2293    23
2294    23
2295    23
2296    23
2297    23
2298    10
2299    10
2300    10
2301    10
2302    10
2303    10
2304    10
2305    10
2306    10
2307    10
2308    10
2309    10
2310    10
2311    10
2312    10
2313    10
2314    10
2315    10
2316    10
2317    10
2318    10
2319    10
2320    10
2321    10
2322    10
2323    10
2324    10
2325    10
2326    10
2327    10
2328    10
2329    10
2330    10
2331    10
2332    10
2333    10
2334    10
2335    10
2336    10
2337    10
2338    10
2339    10
2340    10
2341    10
2342    10
2343    9
2344    9
2345    9
2346    9
2347    9
2348    23
2349    23
2350    23
2351    23
2352    23
2353    23
2354    23
2355    23
2356    23
2357    23
2358    23
2359    23
2360    23
2361    23
2362    23
2363    23
2364    23
2365    10
2366    10
2367    10
2368    10
2369    10
2370    10
2371    10
2372    10
2373    10
2374    10
2375    34
2376    34
2377    34
2378    34
2379    10
2380    34
2381    10
2382    10
2383    10
2384    10
2385    10
2386    34
2387    34
2388    34
2389    34
2390    10
2391    10
2392    10
2393    10
2394    10
2395    10
2396    10
2397    10
2398    10
2399    10
2400    10
2401    10
2402    10
2403    10
2404    10
2405    10
2406    10
2407    10
2408    10
2409    10
2410    10
2411    10
2412    10
2413    10
2414    10
2415    10
2416    10
2417    23
2418    23
2419    23
2420    23
2421    23
2422    23
2423    23
2424    23
2425    23
2426    23
2427    23
2428    23
2429    23
2430    23
2431    23
2432    23
2433    23
2434    23
2435    23
2436    23
2437    10
2438    10
2439    10
2440    10
2441    10
2442    10
2443    10
2444    10
2445    10
2446    10
2447    10
2448    34
2449    34
2450    34
2451    34
2452    34
2453    34
2454    34
2455    34
2456    34
2457    34
2458    34
2459    34
2460    34
2461    34
2462    34
2463    34
2464    34
2465    34
2466    34
2467    34
2468    10
2469    10
2470    10
2471    10
2472    10
2473    10
2474    10
2475    10
2476    10
2477    10
2478    10
2479    10
2480    10
2481    10
2482    10
2483    10
2484    10
2485    10
2486    10
2487    10
2488    10
2489    10
2490    10
2491    10
2492    10
2493    10
2494    23
2495    23
2496    23
2497    23
2498    23
2499    23
2500    23
2501    23
2502    23
2503    23
2504    23
2505    23
2506    23
2507    23
2508    23
2509    23
2510    10
2511    10
2512    10
2513    10
2514    10
2515    10
2516    10
2517    10
2518    34
2519    34
2520    34
2521    34
2522    10
2523    34
2524    34
2525    34
2526    34
2527    34
2528    34
2529    34
2530    34
2531    34
2532    34
2533    34
2534    34
2535    34
2536    34
2537    34
2538    34
2539    34
2540    34
2541    34
2542    34
2543    34
2544    10
2545    10
2546    10
2547    10
2548    10
2549    10
2550    10
2551    10
2552    10
2553    10
2554    10
2555    10
2556    10
2557    10
2558    10
2559    10
2560    10
2561    10
2562    10
2563    10
2564    10
2565    10
2566    10
2567    10
2568    23
2569    23
2570    23
2571    23
2572    23
2573    23
2574    23
2575    23
2576    23
2577    23
2578    23
2579    23
2580    23
2581    23
2582    23
2583    23
2584    10
2585    10
2586    10
2587    10
2588    10
2589    10
2590    34
2591    34
2592    34
2593    34
2594    34
2595    34
2596    34
2597    34
2598    34
2599    34
2600    34
2601    34
2602    34
2603    34
2604    34
2605    34
2606    34
2607    34
2608    34
2609    34
2610    34
2611    34
2612    34
2613    34
2614    10
2615    10
2616    10
2617    10
2618    10
2619    10
2620    10
2621    10
2622    10
2623    10
2624    10
2625    10
2626    10
2627    10
2628    10
2629    10
2630    10
2631    10
2632    10
2633    10
2634    23
2635    23
2636    23
2637    23
2638    23
2639    23
2640    23
2641    23
2642    23
2643    23
2644    23
2645    23
2646    23
2647    23
2648    23
2649    23
2650    23
2651    23
2652    23
2653    34
2654    34
2655    34
2656    34
2657    34
2658    34
2659    34
2660    34
2661    34
2662    34
2663    34
2664    34
2665    34
2666    34
2667    34
2668    34
2669    34
2670    34
2671    34
2672    34
2673    34
2674    34
2675    34
2676    34
2677    34
2678    34
2679    34
2680    34
2681    34
2682    34
2683    34
2684    34
2685    10
2686    10
2687    10
2688    10
2689    10
2690    10
2691    10
2692    10
2693    10
2694    23
2695    23
2696    23
2697    23
2698    23
2699    23
2700    23
2701    23
2702    23
2703    23
2704    23
2705    23
2706    23
2707    23
2708    23
2709    23
2710    23
2711    23
2712    34
2713    34
2714    34
2715    34
2716    34
2717    34
2718    34
2719    34
2720    34
2721    34
2722    34
2723    34
2724    34
2725    34
2726    34
2727    34
2728    34
2729    34
2730    34
2731    34
2732    34
2733    34
2734    34
2735    34
2736    34
2737    34
2738    34
2739    34
2740    34
2741    34
2742    34
2743    34
2744    34
2745    34
2746    34
2747    34
2748    10
2749    10
2750    34
2751    10
2752    10
2753    10
2754    10
2755    10
2756    10
2757    10
2758    23
2759    23
2760    23
2761    23
2762    23
2763    23
2764    23
2765    23
2766    23
2767    23
2768    23
2769    23
2770    23
2771    23
2772    23
2773    23
2774    23
2775    23
2776    23
2777    34
2778    34
2779    34
2780    34
2781    34
2782    34
2783    34
2784    34
2785    34
2786    34
2787    34
2788    34
2789    34
2790    34
2791    34
2792    34
2793    34
2794    34
2795    34
2796    34
2797    34
2798    34
2799    34
2800    34
2801    34
2802    34
2803    34
2804    34
2805    34
2806    34
2807    34
2808    34
2809    34
2810    34
2811    34
2812    34
2813    34
2814    34
2815    34
2816    34
2817    34
2818    34
2819    10
2820    10
2821    23
2822    10
2823    23
2824    10
2825    23
2826    23
2827    23
2828    23
2829    23
2830    23
2831    23
2832    23
2833    23
2834    23
2835    23
2836    23
2837    23
2838    23
2839    23
2840    23
2841    23
2842    23
2843    34
2844    34
2845    34
2846    34
2847    34
2848    34
2849    34
2850    34
2851    34
2852    34
2853    34
2854    34
2855    34
2856    34
2857    34
2858    34
2859    34
2860    34
2861    34
2862    34
2863    34
2864    34
2865    34
2866    34
2867    34
2868    34
2869    34
2870    34
2871    34
2872    34
2873    34
2874    34
2875    34
2876    34
2877    34
2878    34
2879    34
2880    34
2881    34
2882    34
2883    34
2884    34
2885    34
2886    34
2887    10
2888    34
2889    23
2890    23
2891    23
2892    23
2893    23
2894    23
2895    23
2896    23
2897    23
2898    23
2899    23
2900    23
2901    23
2902    23
2903    23
2904    23
2905    23
2906    23
2907    23
2908    23
2909    23
2910    23
2911    23
2912    34
2913    34
2914    34
2915    34
2916    34
2917    34
2918    34
2919    34
2920    34
2921    34
2922    34
2923    34
2924    34
2925    34
2926    34
2927    34
2928    34
2929    34
2930    34
2931    34
2932    34
2933    34
2934    34
2935    34
2936    34
2937    34
2938    34
2939    34
2940    34
2941    34
2942    34
2943    34
2944    34
2945    34
2946    34
2947    34
2948    34
2949    34
2950    34
2951    34
2952    34
2953    34
2954    34
2955    34
2956    34
2957    34
2958    34
2959    23
2960    23
2961    23
2962    23
2963    23
2964    23
2965    23
2966    23
2967    23
2968    23
2969    23
2970    23
2971    23
2972    23
2973    23
2974    23
2975    23
2976    23
2977    23
2978    23
2979    23
2980    23
2981    23
2982    23
2983    34
2984    34
2985    34
2986    34
2987    34
2988    34
2989    34
2990    34
2991    34
2992    34
2993    34
2994    34
2995    34
2996    34
2997    34
2998    34
2999    34
3000    34
3001    34
3002    34
3003    34
3004    34
3005    34
3006    34
3007    34
3008    34
3009    34
3010    34
3011    34
3012    34
3013    34
3014    34
3015    34
3016    34
3017    34
3018    34
3019    34
3020    34
3021    34
3022    34
3023    34
3024    34
3025    34
3026    34
3027    34
3028    34
3029    34
3030    34
3031    34
3032    34
3033    34
3034    23
3035    23
3036    23
3037    23
3038    23
3039    23
3040    23
3041    23
3042    23
3043    23
3044    23
3045    23
3046    23
3047    23
3048    23
3049    23
3050    23
3051    23
3052    23
3053    34
3054    34
3055    34
3056    34
3057    34
3058    34
3059    34
3060    34
3061    34
3062    34
3063    34
3064    34
3065    34
3066    34
3067    34
3068    34
3069    34
3070    34
3071    34
3072    34
3073    34
3074    34
3075    34
3076    34
3077    34
3078    34
3079    34
3080    34
3081    34
3082    34
3083    34
3084    34
3085    34
3086    34
3087    34
3088    34
3089    34
3090    34
3091    34
3092    34
3093    34
3094    34
3095    34
3096    34
3097    34
3098    34
3099    34
3100    34
3101    34
3102    34
3103    34
3104    34
3105    34
3106    34
3107    34
3108    34
3109    34
3110    34
3111    34
3112    34
3113    34
3114    23
3115    23
3116    23
3117    23
3118    23
3119    23
3120    23
3121    23
3122    23
3123    23
3124    23
3125    23
3126    23
3127    23
3128    23
3129    23
3130    23
3131    23
3132    34
3133    34
3134    34
3135    34
3136    34
3137    34
3138    34
3139    34
3140    34
3141    34
3142    34
3143    34
3144    35
3145    35
3146    35
3147    35
3148    35
3149    35
3150    35
3151    35
3152    34
3153    35
3154    35
3155    35
3156    35
3157    35
3158    35
3159    34
3160    34
3161    34
3162    34
3163    34
3164    34
3165    34
3166    34
3167    34
3168    34
3169    34
3170    34
3171    34
3172    34
3173    34
3174    34
3175    34
3176    34
3177    34
3178    34
3179    34
3180    34
3181    34
3182    34
3183    23
3184    23
3185    34
3186    34
3187    23
3188    23
3189    23
3190    34
3191    34
3192    23
3193    23
3194    23
3195    23
3196    23
3197    23
3198    23
3199    23
3200    23
3201    23
3202    23
3203    23
3204    23
3205    23
3206    23
3207    23
3208    23
3209    39
3210    39
3211    39
3212    23
3213    34
3214    34
3215    34
3216    34
3217    34
3218    34
3219    34
3220    34
3221    34
3222    34
3223    35
3224    35
3225    35
3226    35
3227    35
3228    35
3229    35
3230    35
3231    35
3232    35
3233    35
3234    35
3235    35
3236    35
3237    34
3238    34
3239    34
3240    34
3241    34
3242    34
3243    34
3244    34
3245    34
3246    34
3247    34
3248    34
3249    34
3250    34
3251    34
3252    34
3253    34
3254    34
3255    34
3256    34
3257    34
3258    34
3259    34
3260    34
3261    34
3262    34
3263    34
3264    34
3265    34
3266    34
3267    23
3268    23
3269    23
3270    23
3271    23
3272    23
3273    23
3274    23
3275    23
3276    23
3277    23
3278    23
3279    23
3280    23
3281    39
3282    39
3283    39
3284    39
3285    39
3286    39
3287    39
3288    39
3289    34
3290    34
3291    34
3292    34
3293    34
3294    34
3295    34
3296    34
3297    34
3298    34
3299    34
3300    35
3301    35
3302    35
3303    35
3304    35
3305    35
3306    35
3307    35
3308    35
3309    35
3310    35
3311    35
3312    35
3313    35
3314    35
3315    35
3316    34
3317    34
3318    34
3319    34
3320    34
3321    34
3322    34
3323    34
3324    34
3325    34
3326    34
3327    34
3328    34
3329    34
3330    34
3331    34
3332    34
3333    34
3334    34
3335    34
3336    34
3337    39
3338    39
3339    39
3340    34
3341    34
3342    34
3343    34
3344    34
3345    23
3346    23
3347    23
3348    34
3349    23
3350    23
3351    23
3352    23
3353    23
3354    39
3355    23
3356    39
3357    39
3358    39
3359    39
3360    39
3361    39
3362    39
3363    39
3364    39
3365    39
3366    39
3367    34
3368    34
3369    34
3370    34
3371    34
3372    35
3373    35
3374    35
3375    35
3376    35
3377    35
3378    35
3379    35
3380    35
3381    35
3382    35
3383    35
3384    35
3385    35
3386    35
3387    35
3388    35
3389    35
3390    35
3391    35
3392    35
3393    34
3394    35
3395    35
3396    35
3397    34
3398    34
3399    34
3400    34
3401    34
3402    34
3403    34
3404    34
3405    34
3406    34
3407    34
3408    34
3409    34
3410    34
3411    34
3412    34
3413    34
3414    39
3415    39
3416    39
3417    39
3418    39
3419    39
3420    39
3421    39
3422    39
3423    39
3424    39
3425    39
3426    39
3427    39
3428    39
3429    39
3430    39
3431    39
3432    39
3433    39
3434    39
3435    39
3436    39
3437    39
3438    39
3439    35
3440    35
3441    35
3442    35
3443    34
3444    34
3445    35
3446    35
3447    35
3448    35
3449    35
3450    35
3451    35
3452    35
3453    35
3454    35
3455    35
3456    35
3457    35
3458    35
3459    35
3460    35
3461    35
3462    35
3463    35
3464    35
3465    35
3466    35
3467    34
3468    34
3469    34
3470    34
3471    34
3472    34
3473    34
3474    34
3475    34
3476    34
3477    34
3478    34
3479    34
3480    39
3481    34
3482    34
3483    34
3484    39
3485    39
3486    39
3487    39
3488    39
3489    39
3490    39
3491    39
3492    39
3493    39
3494    39
3495    39
3496    39
3497    39
3498    39
3499    39
3500    39
3501    39
3502    35
3503    35
3504    35
3505    35
3506    35
3507    35
3508    35
3509    35
3510    35
3511    35
3512    35
3513    35
3514    35
3515    35
3516    35
3517    35
3518    35
3519    35
3520    35
3521    35
3522    35
3523    35
3524    35
3525    35
3526    35
3527    35
3528    35
3529    35
3530    35
3531    35
3532    35
3533    34
3534    34
3535    34
3536    34
3537    34
3538    34
3539    34
3540    34
3541    34
3542    34
3543    34
3544    34
3545    39
3546    39
3547    39
3548    39
3549    39
3550    39
3551    39
3552    39
3553    39
3554    39
3555    39
3556    39
3557    39
3558    39
3559    39
3560    39
3561    39
3562    39
3563    39
3564    39
3565    39
3566    35
3567    35
3568    35
3569    35
3570    35
3571    35
3572    35
3573    35
3574    35
3575    35
3576    35
3577    35
3578    35
3579    35
3580    35
3581    35
3582    35
3583    35
3584    35
3585    35
3586    35
3587    35
3588    35
3589    35
3590    35
3591    35
3592    35
3593    35
3594    35
3595    35
3596    35
3597    35
3598    35
3599    34
3600    34
3601    34
3602    34
3603    34
3604    34
3605    34
3606    34
3607    34
3608    34
3609    34
3610    34
3611    39
3612    39
3613    39
3614    39
3615    39
3616    39
3617    39
3618    39
3619    39
3620    39
3621    39
3622    39
3623    39
3624    39
3625    39
3626    39
3627    39
3628    39
3629    39
3630    39
3631    39
3632    39
3633    39
3634    35
3635    35
3636    35
3637    35
3638    35
3639    35
3640    35
3641    35
3642    35
3643    35
3644    35
3645    35
3646    35
3647    35
3648    35
3649    35
3650    35
3651    35
3652    35
3653    35
3654    35
3655    35
3656    35
3657    35
3658    35
3659    35
3660    35
3661    35
3662    35
3663    35
3664    35
3665    34
3666    34
3667    34
3668    34
3669    34
3670    34
3671    34
3672    34
3673    34
3674    34
3675    34
3676    34
3677    34
3678    39
3679    39
3680    34
3681    34
3682    39
3683    39
3684    39
3685    39
3686    39
3687    39
3688    39
3689    39
3690    39
3691    39
3692    39
3693    39
3694    39
3695    39
3696    39
3697    39
3698    39
3699    39
3700    39
3701    39
3702    39
3703    39
3704    35
3705    35
3706    35
3707    35
3708    35
3709    35
3710    35
3711    35
3712    35
3713    35
3714    35
3715    35
3716    35
3717    35
3718    35
3719    35
3720    35
3721    35
3722    35
3723    35
3724    35
3725    35
3726    35
3727    35
3728    35
3729    35
3730    35
3731    35
3732    35
3733    34
3734    34
3735    34
3736    34
3737    34
3738    34
3739    34
3740    34
3741    34
3742    34
3743    34
3744    34
3745    34
3746    34
3747    34
3748    34
3749    39
3750    39
3751    39
3752    39
3753    39
3754    39
3755    39
3756    39
3757    39
3758    39
3759    39
3760    39
3761    39
3762    39
3763    39
3764    39
3765    39
3766    39
3767    39
3768    39
3769    39
3770    39
3771    39
3772    39
3773    39
3774    39
3775    39
3776    39
3777    39
3778    39
3779    39
3780    39
3781    35
3782    35
3783    35
3784    35
3785    35
3786    35
3787    35
3788    35
3789    35
3790    35
3791    35
3792    35
3793    35
3794    35
3795    35
3796    35
3797    35
3798    35
3799    35
3800    35
3801    35
3802    35
3803    35
3804    35
3805    35
3806    35
3807    35
3808    35
3809    34
3810    34
3811    34
3812    34
3813    34
3814    34
3815    34
3816    34
3817    34
3818    34
3819    39
3820    39
3821    39
3822    39
3823    39
3824    39
3825    39
3826    34
3827    39
3828    34
3829    34
3830    39
3831    39
3832    39
3833    39
3834    39
3835    39
3836    39
3837    39
3838    39
3839    39
3840    39
3841    39
3842    39
3843    39
3844    39
3845    39
3846    39
3847    39
3848    39
3849    39
3850    39
3851    39
3852    39
3853    39
3854    35
3855    35
3856    35
3857    35
3858    35
3859    35
3860    35
3861    35
3862    35
3863    35
3864    35
3865    35
3866    35
3867    35
3868    35
3869    35
3870    35
3871    35
3872    35
3873    35
3874    35
3875    35
3876    35
3877    35
3878    35
3879    35
3880    35
3881    35
3882    35
3883    35
3884    35
3885    34
3886    34
3887    34
3888    34
3889    34
3890    34
3891    34
3892    34
3893    34
3894    34
3895    34
3896    34
3897    34
3898    34
3899    34
3900    34
3901    39
3902    39
3903    39
3904    39
3905    39
3906    39
3907    39
3908    39
3909    39
3910    39
3911    39
3912    39
3913    43
3914    43
3915    39
3916    39
3917    39
3918    39
3919    39
3920    39
3921    39
3922    39
3923    39
3924    39
3925    39
3926    39
3927    39
3928    39
3929    39
3930    35
3931    35
3932    35
3933    35
3934    35
3935    35
3936    35
3937    35
3938    35
3939    35
3940    35
3941    35
3942    35
3943    35
3944    35
3945    35
3946    35
3947    35
3948    35
3949    35
3950    35
3951    35
3952    35
3953    35
3954    35
3955    35
3956    35
3957    35
3958    35
3959    35
3960    35
3961    35
3962    35
3963    35
3964    35
3965    35
3966    35
3967    35
3968    35
3969    34
3970    34
3971    34
3972    34
3973    34
3974    34
3975    34
3976    34
3977    34
3978    34
3979    34
3980    34
3981    34
3982    34
3983    39
3984    39
3985    39
3986    39
3987    39
3988    43
3989    43
3990    43
3991    43
3992    39
3993    39
3994    39
3995    39
3996    39
3997    39
3998    39
3999    39
4000    39
4001    39
4002    39
4003    39
4004    39
4005    39
4006    39
4007    39
4008    39
4009    39
4010    35
4011    35
4012    35
4013    35
4014    35
4015    35
4016    35
4017    35
4018    35
4019    35
4020    35
4021    35
4022    35
4023    35
4024    35
4025    35
4026    35
4027    35
4028    35
4029    35
4030    35
4031    35
4032    35
4033    35
4034    35
4035    35
4036    35
4037    35
4038    35
4039    35
4040    35
4041    35
4042    35
4043    35
4044    35
4045    35
4046    35
4047    35
4048    35
4049    35
4050    35
4051    35
4052    35
4053    35
4054    35
4055    34
4056    34
4057    34
4058    34
4059    34
4060    34
4061    34
4062    34
4063    34
4064    34
4065    39
4066    39
4067    39
4068    39
4069    43
4070    43
4071    43
4072    43
4073    43
4074    39
4075    39
4076    39
4077    39
4078    39
4079    39
4080    39
4081    39
4082    39
4083    39
4084    39
4085    39
4086    39
4087    39
4088    39
4089    39
4090    39
4091    39
4092    39
4093    39
4094    35
4095    35
4096    35
4097    35
4098    35
4099    35
4100    35
4101    35
4102    35
4103    35
4104    35
4105    35
4106    35
4107    35
4108    35
4109    35
4110    35
4111    35
4112    35
4113    35
4114    35
4115    35
4116    35
4117    35
4118    35
4119    35
4120    35
4121    35
4122    35
4123    35
4124    35
4125    35
4126    35
4127    35
4128    35
4129    35
4130    35
4131    35
4132    35
4133    35
4134    35
4135    35
4136    35
4137    35
4138    35
4139    35
4140    35
4141    35
4142    35
4143    34
4144    34
4145    34
4146    34
4147    34
4148    34
4149    34
4150    34
4151    34
4152    43
4153    43
4154    39
4155    39
4156    43
4157    43
4158    43
4159    43
4160    39
4161    39
4162    39
4163    39
4164    39
4165    39
4166    39
4167    39
4168    39
4169    39
4170    39
4171    39
4172    39
4173    39
4174    39
4175    39
4176    39
4177    39
4178    39
4179    39
4180    39
4181    39
4182    39
4183    35
4184    35
4185    35
4186    35
4187    35
4188    35
4189    35
4190    35
4191    35
4192    35
4193    35
4194    35
4195    35
4196    35
4197    35
4198    35
4199    35
4200    35
4201    35
4202    35
4203    35
4204    35
4205    35
4206    35
4207    35
4208    35
4209    35
4210    35
4211    35
4212    35
4213    35
4214    35
4215    35
4216    35
4217    35
4218    35
4219    35
4220    35
4221    35
4222    35
4223    35
4224    35
4225    35
4226    35
4227    35
4228    35
4229    35
4230    35
4231    34
4232    34
4233    34
4234    34
4235    43
4236    43
4237    43
4238    43
4239    43
4240    43
4241    43
4242    39
4243    39
4244    39
4245    39
4246    39
4247    39
4248    39
4249    39
4250    39
4251    39
4252    39
4253    39
4254    39
4255    39
4256    39
4257    39
4258    39
4259    39
4260    39
4261    39
4262    39
4263    39
4264    39
4265    39
4266    35
4267    35
4268    35
4269    35
4270    35
4271    35
4272    35
4273    35
4274    35
4275    35
4276    35
4277    35
4278    35
4279    35
4280    35
4281    35
4282    35
4283    35
4284    35
4285    35
4286    35
4287    35
4288    35
4289    35
4290    35
4291    35
4292    35
4293    35
4294    35
4295    35
4296    35
4297    35
4298    35
4299    35
4300    35
4301    35
4302    35
4303    35
4304    35
4305    35
4306    35
4307    35
4308    35
4309    35
4310    35
4311    35
4312    35
4313    35
4314    43
4315    43
4316    35
4317    35
4318    34
4319    34
4320    43
4321    43
4322    43
4323    43
4324    43
4325    43
4326    43
4327    39
4328    39
4329    39
4330    39
4331    39
4332    39
4333    39
4334    39
4335    39
4336    39
4337    39
4338    39
4339    39
4340    39
4341    39
4342    39
4343    39
4344    39
4345    39
4346    39
4347    39
4348    39
4349    39
4350    39
4351    35
4352    35
4353    35
4354    35
4355    35
4356    35
4357    35
4358    35
4359    35
4360    35
4361    35
4362    35
4363    35
4364    35
4365    35
4366    35
4367    35
4368    35
4369    35
4370    35
4371    35
4372    35
4373    35
4374    35
4375    35
4376    35
4377    35
4378    35
4379    35
4380    35
4381    35
4382    35
4383    35
4384    35
4385    35
4386    35
4387    35
4388    35
4389    35
4390    35
4391    35
4392    35
4393    35
4394    43
4395    35
4396    35
4397    35
4398    35
4399    35
4400    43
4401    43
4402    43
4403    43
4404    43
4405    43
4406    43
4407    43
4408    43
4409    43
4410    39
4411    43
4412    43
4413    39
4414    39
4415    39
4416    39
4417    39
4418    39
4419    39
4420    39
4421    39
4422    39
4423    39
4424    39
4425    39
4426    39
4427    39
4428    39
4429    39
4430    39
4431    39
4432    39
4433    39
4434    39
4435    39
4436    39
4437    39
4438    39
4439    39
4440    35
4441    35
4442    35
4443    35
4444    35
4445    35
4446    35
4447    35
4448    35
4449    35
4450    35
4451    35
4452    35
4453    35
4454    35
4455    35
4456    35
4457    35
4458    35
4459    35
4460    35
4461    35
4462    35
4463    35
4464    35
4465    35
4466    35
4467    35
4468    35
4469    35
4470    35
4471    35
4472    35
4473    35
4474    35
4475    43
4476    43
4477    43
4478    43
4479    43
4480    43
4481    43
4482    43
4483    43
4484    43
4485    43
4486    43
4487    35
4488    35
4489    35
4490    43
4491    43
4492    43
4493    43
4494    43
4495    43
4496    43
4497    43
4498    43
4499    43
4500    43
4501    43
4502    43
4503    39
4504    39
4505    39
4506    39
4507    39
4508    39
4509    39
4510    39
4511    39
4512    39
4513    39
4514    39
4515    39
4516    39
4517    39
4518    39
4519    39
4520    39
4521    39
4522    39
4523    35
4524    35
4525    35
4526    35
4527    35
4528    35
4529    35
4530    35
4531    35
4532    35
4533    35
4534    35
4535    35
4536    35
4537    35
4538    35
4539    35
4540    35
4541    35
4542    35
4543    35
4544    35
4545    35
4546    35
4547    35
4548    35
4549    35
4550    35
4551    35
4552    35
4553    35
4554    43
4555    43
4556    43
4557    35
4558    43
4559    43
4560    43
4561    43
4562    43
4563    43
4564    43
4565    43
4566    43
4567    43
4568    43
4569    43
4570    43
4571    43
4572    43
4573    43
4574    43
4575    43
4576    43
4577    43
4578    43
4579    43
4580    43
4581    43
4582    43
4583    43
4584    39
4585    39
4586    39
4587    39
4588    39
4589    39
4590    39
4591    39
4592    39
4593    39
4594    39
4595    39
4596    39
4597    39
4598    39
4599    39
4600    39
4601    39
4602    39
4603    39
4604    39
4605    39
4606    35
4607    35
4608    35
4609    35
4610    35
4611    35
4612    35
4613    35
4614    35
4615    35
4616    35
4617    35
4618    35
4619    35
4620    35
4621    35
4622    35
4623    35
4624    35
4625    35
4626    35
4627    35
4628    35
4629    35
4630    35
4631    35
4632    35
4633    35
4634    35
4635    43
4636    43
4637    43
4638    35
4639    43
4640    43
4641    43
4642    43
4643    43
4644    43
4645    43
4646    43
4647    43
4648    43
4649    43
4650    43
4651    43
4652    43
4653    43
4654    43
4655    43
4656    43
4657    43
4658    43
4659    43
4660    43
4661    43
4662    39
4663    39
4664    39
4665    39
4666    39
4667    39
4668    39
4669    39
4670    39
4671    39
4672    39
4673    39
4674    39
4675    39
4676    39
4677    39
4678    39
4679    39
4680    35
4681    35
4682    35
4683    35
4684    35
4685    35
4686    35
4687    35
4688    35
4689    35
4690    35
4691    35
4692    35
4693    35
4694    35
4695    35
4696    35
4697    35
4698    35
4699    35
4700    35
4701    35
4702    35
4703    35
4704    35
4705    35
4706    35
4707    35
4708    35
4709    35
4710    43
4711    43
4712    35
4713    35
4714    43
4715    43
4716    43
4717    43
4718    43
4719    43
4720    43
4721    43
4722    43
4723    43
4724    43
4725    43
4726    43
4727    43
4728    43
4729    43
4730    43
4731    43
4732    43
4733    43
4734    39
4735    43
4736    43
4737    39
4738    39
4739    39
4740    39
4741    39
4742    43
4743    39
4744    39
4745    39
4746    39
4747    39
4748    35
4749    35
4750    35
4751    35
4752    35
4753    35
4754    35
4755    35
4756    35
4757    35
4758    35
4759    35
4760    35
4761    35
4762    35
4763    35
4764    35
4765    35
4766    35
4767    35
4768    35
4769    35
4770    35
4771    35
4772    35
4773    35
4774    35
4775    35
4776    35
4777    35
4778    35
4779    35
4780    43
4781    43
4782    43
4783    43
4784    43
4785    43
4786    43
4787    43
4788    43
4789    43
4790    43
4791    43
4792    43
4793    43
4794    43
4795    43
4796    43
4797    43
4798    43
4799    43
4800    43
4801    43
4802    43
4803    43
4804    43
4805    43
4806    39
4807    43
4808    43
4809    43
4810    43
4811    39
4812    39
4813    39
4814    39
4815    35
4816    35
4817    35
4818    35
4819    35
4820    35
4821    35
4822    35
4823    35
4824    35
4825    35
4826    35
4827    35
4828    35
4829    35
4830    35
4831    35
4832    35
4833    35
4834    35
4835    35
4836    35
4837    35
4838    35
4839    35
4840    35
4841    35
4842    35
4843    35
4844    43
4845    43
4846    43
4847    43
4848    43
4849    43
4850    43
4851    43
4852    43
4853    43
4854    43
4855    43
4856    43
4857    43
4858    43
4859    43
4860    43
4861    43
4862    43
4863    43
4864    43
4865    43
4866    43
4867    43
4868    43
4869    43
4870    43
4871    43
4872    43
4873    43
4874    43
4875    43
4876    39
4877    39
4878    43
4879    43
4880    40
4881    35
4882    35
4883    35
4884    35
4885    35
4886    35
4887    35
4888    35
4889    35
4890    35
4891    35
4892    35
4893    35
4894    35
4895    35
4896    35
4897    35
4898    35
4899    35
4900    35
4901    35
4902    35
4903    35
4904    35
4905    35
4906    35
4907    35
4908    35
4909    43
4910    35
4911    35
4912    43
4913    43
4914    43
4915    43
4916    43
4917    43
4918    43
4919    43
4920    43
4921    43
4922    43
4923    43
4924    43
4925    43
4926    43
4927    43
4928    43
4929    43
4930    43
4931    43
4932    43
4933    43
4934    43
4935    43
4936    43
4937    43
4938    43
4939    43
4940    43
4941    43
4942    43
4943    43
4944    43
4945    43
4946    40
4947    40
4948    40
4949    40
4950    35
4951    35
4952    35
4953    35
4954    35
4955    35
4956    35
4957    35
4958    35
4959    35
4960    35
4961    35
4962    35
4963    35
4964    35
4965    35
4966    35
4967    35
4968    35
4969    35
4970    35
4971    35
4972    35
4973    35
4974    35
4975    35
4976    35
4977    35
4978    35
4979    35
4980    35
4981    35
4982    43
4983    43
4984    43
4985    43
4986    43
4987    43
4988    43
4989    43
4990    43
4991    43
4992    43
4993    43
4994    43
4995    43
4996    43
4997    43
4998    43
4999    43
5000    43
5001    43
5002    43
5003    43
5004    43
5005    43
5006    43
5007    43
5008    43
5009    43
5010    43
5011    43
5012    43
5013    43
5014    43
5015    43
5016    43
5017    43
5018    43
5019    43
5020    43
5021    43
5022    40
5023    40
5024    40
5025    40
5026    40
5027    40
5028    40
5029    35
5030    35
5031    35
5032    35
5033    35
5034    35
5035    35
5036    35
5037    35
5038    35
5039    35
5040    35
5041    35
5042    35
5043    35
5044    35
5045    35
5046    35
5047    35
5048    35
5049    35
5050    35
5051    35
5052    35
5053    35
5054    35
5055    35
5056    35
5057    35
5058    35
5059    35
5060    43
5061    43
5062    43
5063    43
5064    43
5065    43
5066    43
5067    43
5068    43
5069    43
5070    43
5071    43
5072    43
5073    43
5074    43
5075    43
5076    43
5077    43
5078    43
5079    43
5080    43
5081    43
5082    43
5083    43
5084    43
5085    43
5086    43
5087    43
5088    43
5089    43
5090    43
5091    43
5092    43
5093    43
5094    43
5095    43
5096    43
5097    43
5098    43
5099    43
5100    43
5101    43
5102    43
5103    40
5104    40
5105    40
5106    40
5107    40
5108    40
5109    40
5110    40
5111    40
5112    40
5113    40
5114    40
5115    40
5116    40
5117    35
5118    35
5119    35
5120    35
5121    35
5122    35
5123    35
5124    35
5125    35
5126    35
5127    35
5128    35
5129    35
5130    35
5131    35
5132    35
5133    35
5134    35
5135    35
5136    35
5137    35
5138    35
5139    35
5140    35
5141    35
5142    35
5143    35
5144    35
5145    35
5146    35
5147    35
5148    35
5149    35
5150    35
5151    35
5152    35
5153    35
5154    35
5155    35
5156    35
5157    35
5158    43
5159    43
5160    43
5161    43
5162    43
5163    43
5164    43
5165    43
5166    43
5167    43
5168    43
5169    43
5170    43
5171    43
5172    43
5173    43
5174    43
5175    43
5176    43
5177    43
5178    43
5179    43
5180    43
5181    43
5182    43
5183    43
5184    43
5185    43
5186    43
5187    43
5188    43
5189    43
5190    43
5191    43
5192    43
5193    40
5194    40
5195    40
5196    40
5197    40
5198    40
5199    40
5200    40
5201    40
5202    40
5203    40
5204    40
5205    40
5206    40
5207    40
5208    40
5209    40
5210    40
5211    40
5212    40
5213    35
5214    35
5215    35
5216    35
5217    35
5218    35
5219    35
5220    35
5221    35
5222    35
5223    35
5224    35
5225    35
5226    35
5227    35
5228    35
5229    35
5230    35
5231    35
5232    35
5233    35
5234    35
5235    35
5236    35
5237    35
5238    35
5239    35
5240    35
5241    35
5242    35
5243    35
5244    35
5245    35
5246    35
5247    35
5248    35
5249    35
5250    35
5251    35
5252    35
5253    35
5254    43
5255    43
5256    43
5257    43
5258    43
5259    43
5260    43
5261    43
5262    43
5263    43
5264    43
5265    43
5266    43
5267    43
5268    43
5269    43
5270    43
5271    43
5272    43
5273    43
5274    43
5275    43
5276    43
5277    43
5278    43
5279    43
5280    43
5281    43
5282    43
5283    43
5284    43
5285    43
5286    40
5287    40
5288    40
5289    40
5290    40
5291    40
5292    40
5293    40
5294    40
5295    40
5296    40
5297    40
5298    40
5299    40
5300    40
5301    40
5302    40
5303    40
5304    35
5305    35
5306    35
5307    35
5308    35
5309    35
5310    35
5311    35
5312    35
5313    35
5314    35
5315    35
5316    35
5317    35
5318    35
5319    35
5320    35
5321    35
5322    35
5323    35
5324    35
5325    35
5326    35
5327    35
5328    35
5329    35
5330    35
5331    35
5332    35
5333    35
5334    35
5335    35
5336    35
5337    35
5338    35
5339    35
5340    35
5341    35
5342    35
5343    35
5344    43
5345    43
5346    43
5347    43
5348    43
5349    43
5350    43
5351    43
5352    43
5353    43
5354    43
5355    43
5356    43
5357    43
5358    43
5359    43
5360    43
5361    43
5362    43
5363    43
5364    43
5365    43
5366    43
5367    43
5368    43
5369    43
5370    43
5371    43
5372    43
5373    43
5374    43
5375    43
5376    43
5377    43
5378    43
5379    43
5380    43
5381    43
5382    43
5383    40
5384    40
5385    40
5386    40
5387    40
5388    40
5389    40
5390    40
5391    40
5392    40
5393    40
5394    40
5395    35
5396    35
5397    35
5398    35
5399    35
5400    35
5401    35
5402    35
5403    35
5404    35
5405    35
5406    35
5407    35
5408    35
5409    35
5410    35
5411    35
5412    35
5413    35
5414    35
5415    35
5416    35
5417    35
5418    35
5419    35
5420    35
5421    35
5422    35
5423    35
5424    35
5425    35
5426    35
5427    35
5428    35
5429    35
5430    35
5431    35
5432    35
5433    35
5434    35
5435    35
5436    35
5437    35
5438    35
5439    35
5440    43
5441    43
5442    43
5443    43
5444    43
5445    43
5446    43
5447    43
5448    43
5449    43
5450    43
5451    43
5452    43
5453    43
5454    43
5455    43
5456    43
5457    43
5458    43
5459    43
5460    43
5461    43
5462    43
5463    43
5464    43
5465    43
5466    43
5467    43
5468    43
5469    43
5470    43
5471    43
5472    43
5473    43
5474    43
5475    43
5476    43
5477    40
5478    40
5479    40
5480    40
5481    40
5482    40
5483    40
5484    40
5485    40
5486    40
5487    35
5488    35
5489    35
5490    35
5491    35
5492    35
5493    35
5494    35
5495    35
5496    35
5497    35
5498    35
5499    35
5500    35
5501    35
5502    35
5503    35
5504    35
5505    35
5506    35
5507    35
5508    35
5509    35
5510    35
5511    35
5512    35
5513    35
5514    35
5515    35
5516    35
5517    35
5518    35
5519    35
5520    35
5521    35
5522    35
5523    35
5524    35
5525    43
5526    43
5527    43
5528    43
5529    43
5530    43
5531    43
5532    43
5533    43
5534    43
5535    43
5536    43
5537    43
5538    43
5539    43
5540    43
5541    43
5542    43
5543    43
5544    43
5545    43
5546    43
5547    43
5548    43
5549    43
5550    43
5551    43
5552    43
5553    43
5554    43
5555    43
5556    43
5557    43
5558    43
5559    43
5560    43
5561    43
5562    43
5563    43
5564    43
5565    43
5566    43
5567    43
5568    40
5569    40
5570    40
5571    40
5572    40
5573    40
5574    40
5575    40
5576    35
5577    35
5578    35
5579    35
5580    35
5581    35
5582    35
5583    35
5584    35
5585    35
5586    35
5587    35
5588    35
5589    35
5590    35
5591    35
5592    35
5593    35
5594    35
5595    35
5596    35
5597    35
5598    35
5599    35
5600    35
5601    35
5602    35
5603    35
5604    35
5605    35
5606    35
5607    35
5608    35
5609    35
5610    35
5611    35
5612    35
5613    35
5614    35
5615    35
5616    35
5617    35
5618    35
5619    35
5620    35
5621    43
5622    43
5623    43
5624    43
5625    43
5626    43
5627    43
5628    43
5629    41
5630    43
5631    43
5632    43
5633    43
5634    43
5635    43
5636    43
5637    43
5638    43
5639    43
5640    43
5641    43
5642    43
5643    43
5644    43
5645    43
5646    43
5647    43
5648    43
5649    43
5650    43
5651    43
5652    43
5653    43
5654    43
5655    43
5656    43
5657    40
5658    40
5659    40
5660    40
5661    40
5662    40
5663    40
5664    40
5665    35
5666    35
5667    35
5668    35
5669    35
5670    35
5671    35
5672    35
5673    35
5674    35
5675    35
5676    35
5677    35
5678    35
5679    35
5680    35
5681    35
5682    35
5683    35
5684    35
5685    35
5686    35
5687    35
5688    35
5689    35
5690    35
5691    35
5692    35
5693    35
5694    35
5695    35
5696    35
5697    35
5698    35
5699    35
5700    35
5701    35
5702    35
5703    35
5704    35
5705    35
5706    35
5707    35
5708    35
5709    35
5710    35
5711    35
5712    35
5713    43
5714    43
5715    43
5716    43
5717    43
5718    41
5719    41
5720    41
5721    41
5722    41
5723    43
5724    43
5725    43
5726    43
5727    43
5728    43
5729    43
5730    43
5731    43
5732    43
5733    43
5734    43
5735    43
5736    43
5737    43
5738    43
5739    43
5740    43
5741    43
5742    43
5743    43
5744    43
5745    43
5746    40
5747    40
5748    40
5749    40
5750    40
5751    40
5752    40
5753    40
5754    40
5755    40
5756    40
5757    40
5758    35
5759    35
5760    35
5761    35
5762    35
5763    35
5764    35
5765    35
5766    35
5767    35
5768    35
5769    35
5770    35
5771    35
5772    35
5773    35
5774    35
5775    35
5776    35
5777    35
5778    35
5779    35
5780    35
5781    35
5782    35
5783    35
5784    35
5785    35
5786    35
5787    35
5788    35
5789    35
5790    35
5791    35
5792    35
5793    35
5794    35
5795    35
5796    35
5797    35
5798    35
5799    35
5800    35
5801    35
5802    35
5803    35
5804    43
5805    43
5806    43
5807    43
5808    43
5809    41
5810    41
5811    41
5812    41
5813    41
5814    41
5815    41
5816    41
5817    43
5818    43
5819    43
5820    43
5821    43
5822    43
5823    43
5824    43
5825    43
5826    43
5827    43
5828    43
5829    43
5830    43
5831    43
5832    43
5833    43
5834    43
5835    40
5836    40
5837    40
5838    40
5839    40
5840    40
5841    40
5842    40
5843    40
5844    40
5845    40
5846    40
5847    40
5848    40
5849    35
5850    35
5851    35
5852    35
5853    35
5854    35
5855    35
5856    35
5857    35
5858    35
5859    35
5860    35
5861    35
5862    35
5863    35
5864    35
5865    35
5866    35
5867    35
5868    35
5869    35
5870    35
5871    35
5872    35
5873    35
5874    35
5875    35
5876    35
5877    35
5878    35
5879    35
5880    35
5881    35
5882    35
5883    35
5884    35
5885    35
5886    35
5887    35
5888    35
5889    35
5890    35
5891    35
5892    35
5893    35
5894    35
5895    35
5896    35
5897    35
5898    43
5899    41
5900    41
5901    41
5902    41
5903    41
5904    41
5905    41
5906    41
5907    41
5908    41
5909    41
5910    41
5911    41
5912    41
5913    43
5914    41
5915    43
5916    43
5917    43
5918    43
5919    43
5920    43
5921    43
5922    43
5923    43
5924    43
5925    43
5926    43
5927    43
5928    43
5929    43
5930    40
5931    40
5932    40
5933    40
5934    40
5935    40
5936    40
5937    40
5938    40
5939    40
5940    40
5941    40
5942    40
5943    40
5944    40
5945    40
5946    40
5947    40
5948    35
5949    35
5950    35
5951    35
5952    35
5953    35
5954    35
5955    35
5956    35
5957    35
5958    35
5959    35
5960    35
5961    35
5962    35
5963    35
5964    35
5965    35
5966    35
5967    35
5968    35
5969    35
5970    35
5971    35
5972    35
5973    35
5974    35
5975    35
5976    35
5977    35
5978    35
5979    35
5980    35
5981    35
5982    35
5983    35
5984    35
5985    35
5986    35
5987    35
5988    35
5989    35
5990    35
5991    35
5992    35
5993    35
5994    35
5995    35
5996    35
5997    43
5998    43
5999    41
6000    41
6001    41
6002    41
6003    41
6004    41
6005    41
6006    41
6007    41
6008    41
6009    41
6010    41
6011    41
6012    41
6013    41
6014    43
6015    43
6016    41
6017    41
6018    41
6019    41
6020    43
6021    43
6022    43
6023    43
6024    43
6025    43
6026    43
6027    43
6028    43
6029    43
6030    40
6031    40
6032    40
6033    40
6034    40
6035    40
6036    40
6037    33
6038    33
6039    33
6040    33
6041    40
6042    35
6043    35
6044    35
6045    35
6046    35
6047    35
6048    35
6049    35
6050    35
6051    35
6052    35
6053    35
6054    35
6055    35
6056    35
6057    35
6058    35
6059    35
6060    35
6061    35
6062    35
6063    35
6064    35
6065    35
6066    35
6067    35
6068    35
6069    35
6070    35
6071    35
6072    35
6073    35
6074    35
6075    35
6076    35
6077    35
6078    35
6079    35
6080    35
6081    35
6082    35
6083    35
6084    35
6085    35
6086    35
6087    35
6088    35
6089    35
6090    35
6091    35
6092    35
6093    35
6094    35
6095    43
6096    43
6097    43
6098    43
6099    43
6100    43
6101    41
6102    41
6103    41
6104    41
6105    41
6106    41
6107    41
6108    41
6109    41
6110    41
6111    41
6112    41
6113    41
6114    41
6115    41
6116    41
6117    41
6118    41
6119    41
6120    41
6121    43
6122    43
6123    43
6124    43
6125    43
6126    43
6127    40
6128    40
6129    40
6130    40
6131    40
6132    40
6133    40
6134    40
6135    40
6136    33
6137    33
6138    33
6139    33
6140    33
6141    33
6142    33
6143    33
6144    33
6145    35
6146    35
6147    35
6148    35
6149    35
6150    35
6151    35
6152    35
6153    35
6154    35
6155    35
6156    35
6157    35
6158    35
6159    35
6160    35
6161    35
6162    35
6163    35
6164    35
6165    35
6166    35
6167    35
6168    35
6169    35
6170    35
6171    35
6172    35
6173    35
6174    35
6175    35
6176    35
6177    35
6178    35
6179    35
6180    35
6181    35
6182    35
6183    35
6184    35
6185    35
6186    35
6187    35
6188    35
6189    35
6190    35
6191    43
6192    35
6193    35
6194    43
6195    43
6196    43
6197    43
6198    43
6199    43
6200    43
6201    41
6202    41
6203    41
6204    41
6205    41
6206    41
6207    41
6208    41
6209    41
6210    41
6211    41
6212    41
6213    41
6214    41
6215    41
6216    41
6217    41
6218    41
6219    43
6220    43
6221    40
6222    40
6223    33
6224    40
6225    33
6226    33
6227    33
6228    33
6229    33
6230    33
6231    33
6232    33
6233    33
6234    33
6235    33
6236    35
6237    35
6238    35
6239    35
6240    35
6241    35
6242    35
6243    35
6244    35
6245    35
6246    35
6247    35
6248    35
6249    35
6250    35
6251    35
6252    35
6253    35
6254    35
6255    35
6256    35
6257    35
6258    35
6259    35
6260    35
6261    35
6262    35
6263    35
6264    35
6265    35
6266    35
6267    35
6268    35
6269    35
6270    35
6271    35
6272    35
6273    35
6274    35
6275    35
6276    35
6277    35
6278    35
6279    35
6280    43
6281    43
6282    35
6283    43
6284    43
6285    43
6286    43
6287    43
6288    41
6289    41
6290    41
6291    41
6292    41
6293    41
6294    41
6295    41
6296    41
6297    41
6298    41
6299    41
6300    41
6301    41
6302    41
6303    41
6304    41
6305    41
6306    41
6307    41
6308    41
6309    41
6310    41
6311    43
6312    40
6313    33
6314    33
6315    33
6316    33
6317    33
6318    33
6319    33
6320    33
6321    33
6322    33
6323    33
6324    33
6325    33
6326    33
6327    33
6328    35
6329    35
6330    35
6331    35
6332    35
6333    35
6334    35
6335    35
6336    35
6337    35
6338    35
6339    35
6340    35
6341    35
6342    35
6343    35
6344    35
6345    35
6346    35
6347    35
6348    35
6349    35
6350    35
6351    35
6352    35
6353    35
6354    35
6355    35
6356    35
6357    35
6358    35
6359    35
6360    35
6361    35
6362    35
6363    35
6364    35
6365    35
6366    35
6367    35
6368    35
6369    35
6370    43
6371    43
6372    43
6373    43
6374    41
6375    41
6376    43
6377    41
6378    41
6379    41
6380    41
6381    41
6382    41
6383    41
6384    41
6385    41
6386    41
6387    41
6388    41
6389    41
6390    41
6391    41
6392    41
6393    41
6394    41
6395    41
6396    41
6397    41
6398    41
6399    41
6400    41
6401    41
6402    41
6403    33
6404    33
6405    33
6406    41
6407    33
6408    40
6409    33
6410    33
6411    33
6412    33
6413    33
6414    33
6415    33
6416    33
6417    33
6418    33
6419    33
6420    33
6421    33
6422    33
6423    33
6424    33
6425    35
6426    35
6427    35
6428    35
6429    35
6430    35
6431    35
6432    35
6433    35
6434    35
6435    35
6436    35
6437    35
6438    35
6439    35
6440    35
6441    35
6442    35
6443    35
6444    35
6445    35
6446    35
6447    35
6448    35
6449    35
6450    35
6451    35
6452    35
6453    35
6454    35
6455    35
6456    35
6457    35
6458    35
6459    35
6460    35
6461    35
6462    35
6463    35
6464    35
6465    35
6466    35
6467    41
6468    35
6469    41
6470    41
6471    41
6472    41
6473    35
6474    35
6475    35
6476    35
6477    41
6478    41
6479    41
6480    41
6481    41
6482    41
6483    41
6484    41
6485    41
6486    41
6487    41
6488    41
6489    41
6490    41
6491    41
6492    41
6493    41
6494    41
6495    41
6496    41
6497    41
6498    41
6499    41
6500    41
6501    41
6502    41
6503    41
6504    41
6505    41
6506    33
6507    33
6508    33
6509    41
6510    41
6511    33
6512    33
6513    33
6514    33
6515    33
6516    33
6517    33
6518    33
6519    33
6520    33
6521    33
6522    33
6523    33
6524    33
6525    33
6526    33
6527    33
6528    33
6529    35
6530    35
6531    35
6532    35
6533    35
6534    35
6535    35
6536    35
6537    35
6538    35
6539    35
6540    35
6541    35
6542    35
6543    35
6544    35
6545    35
6546    35
6547    35
6548    35
6549    35
6550    35
6551    35
6552    35
6553    35
6554    35
6555    35
6556    35
6557    35
6558    35
6559    35
6560    35
6561    35
6562    35
6563    35
6564    35
6565    35
6566    35
6567    35
6568    35
6569    35
6570    35
6571    35
6572    35
6573    35
6574    35
6575    41
6576    41
6577    41
6578    41
6579    41
6580    41
6581    41
6582    41
6583    41
6584    41
6585    41
6586    41
6587    41
6588    41
6589    41
6590    41
6591    41
6592    41
6593    41
6594    41
6595    41
6596    41
6597    41
6598    41
6599    41
6600    41
6601    41
6602    41
6603    41
6604    41
6605    41
6606    41
6607    41
6608    41
6609    33
6610    33
6611    33
6612    33
6613    33
6614    33
6615    33
6616    33
6617    33
6618    33
6619    33
6620    33
6621    33
6622    33
6623    33
6624    33
6625    33
6626    33
6627    33
6628    33
6629    33
6630    33
6631    33
6632    33
6633    35
6634    35
6635    35
6636    35
6637    35
6638    35
6639    35
6640    35
6641    35
6642    35
6643    35
6644    35
6645    35
6646    35
6647    35
6648    35
6649    35
6650    35
6651    35
6652    35
6653    35
6654    35
6655    35
6656    35
6657    35
6658    35
6659    35
6660    35
6661    35
6662    35
6663    35
6664    35
6665    35
6666    35
6667    35
6668    35
6669    35
6670    35
6671    35
6672    35
6673    35
6674    41
6675    35
6676    41
6677    41
6678    41
6679    41
6680    35
6681    35
6682    41
6683    41
6684    41
6685    41
6686    41
6687    41
6688    41
6689    41
6690    41
6691    41
6692    41
6693    41
6694    41
6695    41
6696    41
6697    41
6698    41
6699    41
6700    41
6701    41
6702    41
6703    41
6704    41
6705    41
6706    41
6707    41
6708    41
6709    41
6710    41
6711    41
6712    41
6713    41
6714    41
6715    41
6716    41
6717    41
6718    41
6719    41
6720    41
6721    41
6722    33
6723    33
6724    33
6725    33
6726    33
6727    33
6728    33
6729    33
6730    33
6731    33
6732    33
6733    33
6734    33
6735    33
6736    36
6737    36
6738    36
6739    33
6740    36
6741    33
6742    36
6743    36
6744    36
6745    30
6746    30
6747    35
6748    35
6749    35
6750    35
6751    35
6752    35
6753    35
6754    35
6755    35
6756    35
6757    35
6758    35
6759    35
6760    35
6761    35
6762    35
6763    35
6764    35
6765    35
6766    35
6767    35
6768    35
6769    35
6770    35
6771    35
6772    35
6773    35
6774    35
6775    35
6776    35
6777    35
6778    35
6779    35
6780    35
6781    35
6782    35
6783    35
6784    35
6785    41
6786    41
6787    41
6788    41
6789    41
6790    41
6791    41
6792    41
6793    41
6794    41
6795    41
6796    41
6797    41
6798    41
6799    41
6800    41
6801    41
6802    41
6803    41
6804    41
6805    41
6806    41
6807    41
6808    41
6809    41
6810    41
6811    41
6812    41
6813    41
6814    41
6815    41
6816    41
6817    41
6818    41
6819    41
6820    41
6821    41
6822    41
6823    41
6824    41
6825    41
6826    41
6827    33
6828    33
6829    33
6830    33
6831    33
6832    33
6833    33
6834    33
6835    33
6836    33
6837    33
6838    33
6839    33
6840    33
6841    33
6842    33
6843    36
6844    36
6845    36
6846    36
6847    36
6848    36
6849    36
6850    36
6851    36
6852    30
6853    30
6854    30
6855    30
6856    30
6857    30
6858    30
6859    30
6860    30
6861    30
6862    30
6863    30
6864    30
6865    30
6866    35
6867    35
6868    30
6869    35
6870    35
6871    35
6872    35
6873    35
6874    35
6875    35
6876    35
6877    35
6878    35
6879    35
6880    35
6881    35
6882    35
6883    35
6884    35
6885    35
6886    35
6887    35
6888    35
6889    35
6890    35
6891    35
6892    35
6893    35
6894    41
6895    41
6896    41
6897    41
6898    41
6899    41
6900    41
6901    41
6902    41
6903    41
6904    41
6905    41
6906    41
6907    41
6908    41
6909    41
6910    41
6911    41
6912    41
6913    41
6914    41
6915    41
6916    41
6917    41
6918    41
6919    41
6920    41
6921    41
6922    41
6923    41
6924    41
6925    41
6926    41
6927    41
6928    41
6929    41
6930    41
6931    41
6932    41
6933    41
6934    41
6935    33
6936    41
6937    33
6938    33
6939    33
6940    33
6941    33
6942    33
6943    33
6944    33
6945    33
6946    33
6947    33
6948    33
6949    33
6950    36
6951    36
6952    36
6953    36
6954    36
6955    36
6956    36
6957    36
6958    36
6959    36
6960    36
6961    36
6962    36
6963    30
6964    30
6965    30
6966    30
6967    30
6968    30
6969    30
6970    30
6971    30
6972    30
6973    30
6974    30
6975    30
6976    30
6977    30
6978    30
6979    30
6980    30
6981    30
6982    30
6983    35
6984    35
6985    35
6986    35
6987    35
6988    35
6989    35
6990    35
6991    35
6992    35
6993    35
6994    35
6995    35
6996    35
6997    35
6998    35
6999    35
7000    35
7001    35
7002    35
7003    35
7004    35
7005    35
7006    35
7007    35
7008    35
7009    35
7010    35
7011    41
7012    41
7013    41
7014    41
7015    41
7016    41
7017    41
7018    41
7019    41
7020    41
7021    41
7022    41
7023    41
7024    41
7025    41
7026    41
7027    41
7028    41
7029    41
7030    41
7031    41
7032    41
7033    41
7034    41
7035    41
7036    41
7037    41
7038    41
7039    41
7040    41
7041    41
7042    41
7043    41
7044    41
7045    41
7046    41
7047    41
7048    41
7049    41
7050    41
7051    41
7052    41
7053    41
7054    41
7055    33
7056    41
7057    33
7058    33
7059    33
7060    33
7061    33
7062    33
7063    33
7064    33
7065    33
7066    36
7067    33
7068    36
7069    33
7070    36
7071    36
7072    36
7073    36
7074    36
7075    36
7076    36
7077    36
7078    36
7079    30
7080    30
7081    30
7082    30
7083    30
7084    30
7085    30
7086    30
7087    30
7088    30
7089    30
7090    30
7091    30
7092    30
7093    30
7094    30
7095    30
7096    35
7097    35
7098    35
7099    35
7100    35
7101    35
7102    35
7103    35
7104    35
7105    35
7106    35
7107    35
7108    35
7109    35
7110    35
7111    35
7112    35
7113    35
7114    35
7115    35
7116    35
7117    35
7118    41
7119    41
7120    41
7121    41
7122    41
7123    41
7124    41
7125    41
7126    41
7127    41
7128    41
7129    41
7130    41
7131    41
7132    41
7133    41
7134    41
7135    41
7136    41
7137    41
7138    41
7139    41
7140    41
7141    41
7142    41
7143    41
7144    41
7145    41
7146    41
7147    41
7148    41
7149    41
7150    41
7151    41
7152    41
7153    41
7154    41
7155    41
7156    41
7157    33
7158    33
7159    33
7160    33
7161    33
7162    33
7163    33
7164    33
7165    36
7166    36
7167    36
7168    36
7169    36
7170    36
7171    36
7172    36
7173    36
7174    36
7175    36
7176    36
7177    36
7178    36
7179    30
7180    30
7181    30
7182    30
7183    30
7184    30
7185    30
7186    30
7187    30
7188    30
7189    30
7190    30
7191    30
7192    30
7193    30
7194    30
7195    30
7196    30
7197    30
7198    30
7199    30
7200    30
7201    35
7202    35
7203    35
7204    35
7205    35
7206    35
7207    35
7208    35
7209    35
7210    35
7211    35
7212    35
7213    35
7214    35
7215    35
7216    35
7217    35
7218    35
7219    35
7220    35
7221    35
7222    35
7223    35
7224    41
7225    41
7226    41
7227    41
7228    41
7229    41
7230    41
7231    41
7232    41
7233    41
7234    41
7235    41
7236    41
7237    41
7238    41
7239    41
7240    41
7241    41
7242    41
7243    41
7244    41
7245    41
7246    41
7247    41
7248    41
7249    41
7250    41
7251    41
7252    41
7253    41
7254    41
7255    41
7256    41
7257    41
7258    41
7259    41
7260    41
7261    41
7262    41
7263    41
7264    33
7265    33
7266    33
7267    33
7268    36
7269    36
7270    36
7271    36
7272    36
7273    36
7274    36
7275    36
7276    36
7277    36
7278    36
7279    36
7280    36
7281    36
7282    36
7283    36
7284    30
7285    30
7286    30
7287    30
7288    30
7289    30
7290    30
7291    30
7292    30
7293    30
7294    30
7295    30
7296    30
7297    30
7298    30
7299    30
7300    30
7301    30
7302    30
7303    30
7304    30
7305    30
7306    30
7307    30
7308    30
7309    30
7310    30
7311    35
7312    35
7313    35
7314    35
7315    35
7316    35
7317    35
7318    35
7319    35
7320    35
7321    35
7322    35
7323    35
7324    35
7325    35
7326    35
7327    35
7328    35
7329    35
7330    35
7331    35
7332    35
7333    35
7334    35
7335    35
7336    35
7337    41
7338    41
7339    41
7340    41
7341    41
7342    41
7343    41
7344    41
7345    41
7346    41
7347    41
7348    41
7349    41
7350    41
7351    41
7352    41
7353    41
7354    41
7355    41
7356    41
7357    41
7358    41
7359    41
7360    41
7361    41
7362    41
7363    41
7364    41
7365    41
7366    41
7367    41
7368    41
7369    41
7370    41
7371    41
7372    41
7373    41
7374    41
7375    41
7376    33
7377    33
7378    33
7379    33
7380    33
7381    33
7382    33
7383    36
7384    36
7385    36
7386    36
7387    36
7388    36
7389    36
7390    36
7391    36
7392    36
7393    36
7394    36
7395    36
7396    36
7397    36
7398    36
7399    36
7400    36
7401    36
7402    30
7403    30
7404    30
7405    30
7406    30
7407    30
7408    30
7409    30
7410    30
7411    30
7412    30
7413    30
7414    30
7415    30
7416    30
7417    30
7418    30
7419    30
7420    30
7421    30
7422    30
7423    30
7424    30
7425    30
7426    30
7427    30
7428    30
7429    30
7430    30
7431    30
7432    30
7433    30
7434    30
7435    35
7436    35
7437    35
7438    35
7439    35
7440    35
7441    35
7442    35
7443    35
7444    35
7445    35
7446    35
7447    35
7448    35
7449    35
7450    35
7451    35
7452    35
7453    35
7454    35
7455    35
7456    35
7457    35
7458    35
7459    41
7460    35
7461    41
7462    41
7463    41
7464    41
7465    41
7466    41
7467    41
7468    41
7469    41
7470    41
7471    41
7472    41
7473    41
7474    41
7475    41
7476    41
7477    41
7478    41
7479    41
7480    41
7481    41
7482    41
7483    41
7484    41
7485    41
7486    41
7487    41
7488    41
7489    41
7490    41
7491    41
7492    41
7493    41
7494    41
7495    41
7496    41
7497    36
7498    36
7499    36
7500    36
7501    36
7502    36
7503    36
7504    36
7505    36
7506    36
7507    36
7508    36
7509    36
7510    36
7511    36
7512    36
7513    36
7514    36
7515    36
7516    36
7517    36
7518    36
7519    36
7520    36
7521    36
7522    36
7523    36
7524    30
7525    30
7526    30
7527    30
7528    30
7529    30
7530    30
7531    30
7532    30
7533    30
7534    30
7535    30
7536    30
7537    30
7538    30
7539    30
7540    30
7541    30
7542    30
7543    30
7544    30
7545    30
7546    30
7547    30
7548    30
7549    30
7550    30
7551    30
7552    30
7553    30
7554    30
7555    30
7556    30
7557    30
7558    30
7559    35
7560    35
7561    35
7562    30
7563    35
7564    35
7565    35
7566    35
7567    35
7568    35
7569    35
7570    35
7571    35
7572    35
7573    35
7574    35
7575    35
7576    35
7577    35
7578    41
7579    41
7580    41
7581    41
7582    41
7583    41
7584    41
7585    41
7586    41
7587    41
7588    41
7589    41
7590    41
7591    41
7592    41
7593    41
7594    41
7595    41
7596    41
7597    41
7598    41
7599    41
7600    41
7601    41
7602    41
7603    41
7604    41
7605    41
7606    41
7607    41
7608    41
7609    41
7610    36
7611    36
7612    41
7613    36
7614    41
7615    41
7616    41
7617    41
7618    41
7619    41
7620    41
7621    36
7622    36
7623    36
7624    36
7625    36
7626    36
7627    36
7628    36
7629    36
7630    36
7631    36
7632    36
7633    36
7634    36
7635    36
7636    36
7637    36
7638    36
7639    36
7640    36
7641    36
7642    36
7643    36
7644    36
7645    36
7646    36
7647    36
7648    30
7649    30
7650    30
7651    30
7652    30
7653    30
7654    30
7655    30
7656    30
7657    30
7658    30
7659    30
7660    30
7661    30
7662    30
7663    30
7664    30
7665    30
7666    30
7667    30
7668    30
7669    30
7670    30
7671    30
7672    30
7673    30
7674    30
7675    30
7676    30
7677    30
7678    30
7679    30
7680    30
7681    30
7682    30
7683    30
7684    30
7685    30
7686    30
7687    30
7688    35
7689    35
7690    35
7691    35
7692    35
7693    35
7694    35
7695    35
7696    35
7697    35
7698    35
7699    35
7700    35
7701    35
7702    41
7703    41
7704    41
7705    41
7706    35
7707    41
7708    41
7709    41
7710    41
7711    41
7712    41
7713    41
7714    41
7715    41
7716    41
7717    41
7718    41
7719    41
7720    41
7721    41
7722    41
7723    41
7724    41
7725    41
7726    41
7727    41
7728    41
7729    41
7730    41
7731    41
7732    36
7733    36
7734    36
7735    36
7736    36
7737    36
7738    36
7739    36
7740    36
7741    41
7742    36
7743    36
7744    36
7745    36
7746    36
7747    36
7748    36
7749    36
7750    36
7751    36
7752    36
7753    36
7754    36
7755    36
7756    36
7757    36
7758    36
7759    36
7760    36
7761    36
7762    36
7763    36
7764    36
7765    30
7766    30
7767    30
7768    30
7769    30
7770    30
7771    30
7772    30
7773    30
7774    30
7775    30
7776    30
7777    30
7778    30
7779    30
7780    30
7781    30
7782    30
7783    30
7784    30
7785    30
7786    30
7787    30
7788    30
7789    30
7790    30
7791    30
7792    30
7793    30
7794    30
7795    30
7796    30
7797    30
7798    30
7799    30
7800    30
7801    30
7802    30
7803    30
7804    30
7805    30
7806    35
7807    41
7808    41
7809    35
7810    35
7811    35
7812    35
7813    41
7814    41
7815    41
7816    41
7817    41
7818    35
7819    41
7820    41
7821    35
7822    35
7823    35
7824    41
7825    41
7826    41
7827    41
7828    41
7829    41
7830    41
7831    41
7832    41
7833    41
7834    41
7835    41
7836    41
7837    41
7838    41
7839    41
7840    41
7841    41
7842    41
7843    41
7844    41
7845    41
7846    41
7847    41
7848    41
7849    41
7850    41
7851    41
7852    41
7853    41
7854    41
7855    41
7856    36
7857    36
7858    36
7859    36
7860    36
7861    36
7862    36
7863    36
7864    36
7865    36
7866    36
7867    36
7868    36
7869    36
7870    36
7871    36
7872    36
7873    36
7874    36
7875    36
7876    37
7877    37
7878    37
7879    36
7880    36
7881    36
7882    36
7883    36
7884    36
7885    36
7886    36
7887    37
7888    36
7889    36
7890    30
7891    30
7892    30
7893    30
7894    30
7895    30
7896    30
7897    30
7898    30
7899    30
7900    30
7901    30
7902    30
7903    30
7904    30
7905    30
7906    30
7907    30
7908    30
7909    30
7910    30
7911    30
7912    30
7913    30
7914    30
7915    30
7916    30
7917    30
7918    30
7919    30
7920    30
7921    30
7922    30
7923    30
7924    30
7925    30
7926    30
7927    30
7928    30
7929    30
7930    30
7931    30
7932    30
7933    41
7934    41
7935    41
7936    41
7937    35
7938    41
7939    41
7940    41
7941    41
7942    41
7943    41
7944    41
7945    41
7946    41
7947    35
7948    35
7949    35
7950    41
7951    41
7952    41
7953    41
7954    41
7955    41
7956    41
7957    41
7958    41
7959    41
7960    41
7961    41
7962    41
7963    41
7964    41
7965    41
7966    41
7967    41
7968    41
7969    41
7970    41
7971    41
7972    41
7973    41
7974    41
7975    41
7976    41
7977    41
7978    41
7979    41
7980    41
7981    36
7982    41
7983    41
7984    36
7985    36
7986    36
7987    36
7988    36
7989    36
7990    36
7991    36
7992    36
7993    36
7994    36
7995    36
7996    36
7997    37
7998    36
7999    36
8000    37
8001    37
8002    37
8003    37
8004    37
8005    37
8006    37
8007    37
8008    37
8009    37
8010    37
8011    37
8012    37
8013    37
8014    37
8015    37
8016    37
8017    36
8018    37
8019    37
8020    37
8021    37
8022    37
8023    37
8024    30
8025    30
8026    30
8027    30
8028    30
8029    30
8030    30
8031    30
8032    30
8033    30
8034    30
8035    30
8036    30
8037    30
8038    30
8039    30
8040    30
8041    30
8042    30
8043    30
8044    30
8045    30
8046    30
8047    30
8048    30
8049    30
8050    30
8051    30
8052    30
8053    30
8054    30
8055    30
8056    30
8057    30
8058    30
8059    30
8060    30
8061    30
8062    30
8063    30
8064    30
8065    30
8066    30
8067    30
8068    30
8069    41
8070    41
8071    30
8072    30
8073    30
8074    30
8075    41
8076    41
8077    41
8078    41
8079    41
8080    41
8081    41
8082    41
8083    35
8084    35
8085    41
8086    41
8087    41
8088    41
8089    41
8090    41
8091    41
8092    41
8093    41
8094    41
8095    41
8096    41
8097    41
8098    41
8099    41
8100    41
8101    41
8102    41
8103    41
8104    41
8105    41
8106    41
8107    41
8108    41
8109    41
8110    36
8111    36
8112    36
8113    41
8114    41
8115    41
8116    41
8117    36
8118    36
8119    36
8120    36
8121    36
8122    36
8123    36
8124    36
8125    36
8126    36
8127    36
8128    37
8129    37
8130    37
8131    37
8132    37
8133    37
8134    37
8135    37
8136    37
8137    37
8138    37
8139    37
8140    37
8141    37
8142    37
8143    37
8144    37
8145    37
8146    37
8147    37
8148    37
8149    37
8150    30
8151    30
8152    30
8153    30
8154    30
8155    30
8156    30
8157    30
8158    30
8159    30
8160    30
8161    30
8162    30
8163    30
8164    30
8165    30
8166    30
8167    30
8168    30
8169    30
8170    30
8171    30
8172    30
8173    30
8174    30
8175    30
8176    30
8177    30
8178    30
8179    30
8180    30
8181    30
8182    30
8183    30
8184    30
8185    30
8186    30
8187    30
8188    30
8189    30
8190    30
8191    30
8192    30
8193    30
8194    30
8195    30
8196    30
8197    30
8198    30
8199    30
8200    30
8201    30
8202    30
8203    30
8204    30
8205    30
8206    30
8207    41
8208    41
8209    41
8210    41
8211    41
8212    41
8213    41
8214    41
8215    30
8216    30
8217    41
8218    30
8219    41
8220    41
8221    41
8222    41
8223    41
8224    41
8225    41
8226    41
8227    41
8228    41
8229    41
8230    41
8231    41
8232    41
8233    41
8234    41
8235    41
8236    41
8237    41
8238    41
8239    41
8240    41
8241    41
8242    41
8243    41
8244    41
8245    41
8246    41
8247    41
8248    41
8249    41
8250    36
8251    36
8252    36
8253    36
8254    36
8255    36
8256    36
8257    36
8258    36
8259    36
8260    36
8261    36
8262    36
8263    36
8264    36
8265    37
8266    37
8267    37
8268    37
8269    37
8270    37
8271    37
8272    37
8273    37
8274    37
8275    37
8276    37
8277    37
8278    37
8279    37
8280    37
8281    37
8282    37
8283    37
8284    37
8285    37
8286    37
8287    37
8288    30
8289    30
8290    30
8291    30
8292    30
8293    30
8294    30
8295    30
8296    30
8297    30
8298    30
8299    30
8300    30
8301    30
8302    30
8303    30
8304    30
8305    30
8306    30
8307    30
8308    30
8309    30
8310    30
8311    30
8312    30
8313    30
8314    30
8315    30
8316    30
8317    30
8318    30
8319    30
8320    30
8321    30
8322    30
8323    30
8324    30
8325    30
8326    30
8327    30
8328    30
8329    30
8330    30
8331    30
8332    30
8333    30
8334    30
8335    30
8336    30
8337    30
8338    30
8339    30
8340    30
8341    30
8342    30
8343    30
8344    30
8345    30
8346    30
8347    30
8348    30
8349    30
8350    30
8351    30
8352    30
8353    30
8354    41
8355    41
8356    41
8357    41
8358    41
8359    41
8360    41
8361    41
8362    41
8363    41
8364    41
8365    41
8366    41
8367    41
8368    41
8369    41
8370    41
8371    41
8372    41
8373    41
8374    41
8375    41
8376    41
8377    41
8378    41
8379    41
8380    41
8381    41
8382    41
8383    41
8384    41
8385    41
8386    41
8387    41
8388    41
8389    41
8390    41
8391    41
8392    41
8393    36
8394    36
8395    36
8396    36
8397    36
8398    36
8399    36
8400    36
8401    36
8402    37
8403    37
8404    37
8405    37
8406    37
8407    37
8408    37
8409    37
8410    37
8411    37
8412    37
8413    37
8414    37
8415    37
8416    37
8417    37
8418    37
8419    37
8420    37
8421    37
8422    37
8423    37
8424    30
8425    30
8426    30
8427    30
8428    30
8429    30
8430    30
8431    30
8432    30
8433    30
8434    30
8435    30
8436    30
8437    30
8438    30
8439    30
8440    30
8441    30
8442    30
8443    30
8444    30
8445    30
8446    30
8447    30
8448    30
8449    30
8450    30
8451    30
8452    30
8453    30
8454    30
8455    30
8456    30
8457    30
8458    30
8459    30
8460    30
8461    30
8462    30
8463    30
8464    30
8465    30
8466    30
8467    30
8468    30
8469    30
8470    30
8471    30
8472    30
8473    30
8474    30
8475    30
8476    30
8477    30
8478    30
8479    30
8480    30
8481    30
8482    30
8483    30
8484    30
8485    30
8486    30
8487    30
8488    30
8489    30
8490    30
8491    30
8492    41
8493    41
8494    41
8495    41
8496    41
8497    41
8498    41
8499    41
8500    41
8501    41
8502    41
8503    41
8504    41
8505    41
8506    41
8507    41
8508    41
8509    41
8510    41
8511    41
8512    41
8513    41
8514    41
8515    41
8516    41
8517    41
8518    41
8519    41
8520    41
8521    41
8522    41
8523    41
8524    41
8525    36
8526    36
8527    36
8528    36
8529    36
8530    36
8531    37
8532    37
8533    37
8534    37
8535    37
8536    37
8537    37
8538    37
8539    37
8540    37
8541    37
8542    37
8543    37
8544    37
8545    37
8546    37
8547    37
8548    37
8549    37
8550    37
8551    37
8552    37
8553    37
8554    30
8555    30
8556    30
8557    30
8558    30
8559    30
8560    30
8561    30
8562    30
8563    30
8564    30
8565    30
8566    30
8567    30
8568    30
8569    30
8570    30
8571    30
8572    30
8573    30
8574    30
8575    30
8576    30
8577    30
8578    30
8579    30
8580    30
8581    30
8582    30
8583    30
8584    30
8585    30
8586    30
8587    30
8588    30
8589    30
8590    30
8591    30
8592    30
8593    30
8594    30
8595    30
8596    30
8597    30
8598    30
8599    30
8600    30
8601    30
8602    30
8603    30
8604    30
8605    30
8606    30
8607    30
8608    30
8609    30
8610    30
8611    30
8612    30
8613    30
8614    30
8615    30
8616    30
8617    30
8618    30
8619    30
8620    30
8621    30
8622    41
8623    41
8624    41
8625    41
8626    41
8627    41
8628    41
8629    41
8630    41
8631    41
8632    41
8633    41
8634    41
8635    41
8636    41
8637    41
8638    41
8639    41
8640    41
8641    41
8642    41
8643    41
8644    41
8645    41
8646    41
8647    41
8648    41
8649    41
8650    41
8651    41
8652    41
8653    41
8654    36
8655    36
8656    36
8657    36
8658    36
8659    37
8660    37
8661    37
8662    37
8663    37
8664    37
8665    37
8666    37
8667    37
8668    37
8669    37
8670    37
8671    37
8672    37
8673    37
8674    37
8675    37
8676    37
8677    37
8678    37
8679    37
8680    37
8681    37
8682    30
8683    30
8684    30
8685    30
8686    30
8687    30
8688    30
8689    30
8690    30
8691    30
8692    30
8693    30
8694    30
8695    30
8696    30
8697    30
8698    30
8699    30
8700    30
8701    30
8702    30
8703    30
8704    30
8705    30
8706    30
8707    30
8708    30
8709    30
8710    30
8711    30
8712    30
8713    30
8714    30
8715    30
8716    30
8717    30
8718    30
8719    30
8720    30
8721    30
8722    30
8723    30
8724    30
8725    30
8726    30
8727    30
8728    30
8729    30
8730    30
8731    30
8732    30
8733    30
8734    30
8735    30
8736    30
8737    30
8738    30
8739    30
8740    30
8741    30
8742    30
8743    30
8744    30
8745    30
8746    30
8747    30
8748    30
8749    30
8750    30
8751    30
8752    30
8753    30
8754    30
8755    30
8756    30
8757    30
8758    41
8759    41
8760    41
8761    41
8762    41
8763    41
8764    41
8765    41
8766    41
8767    41
8768    41
8769    41
8770    41
8771    41
8772    41
8773    41
8774    41
8775    41
8776    41
8777    41
8778    41
8779    41
8780    41
8781    41
8782    41
8783    41
8784    41
8785    41
8786    41
8787    36
8788    37
8789    37
8790    37
8791    37
8792    37
8793    37
8794    37
8795    37
8796    37
8797    37
8798    37
8799    37
8800    37
8801    37
8802    37
8803    37
8804    37
8805    37
8806    37
8807    37
8808    37
8809    37
8810    37
8811    37
8812    37
8813    37
8814    37
8815    37
8816    37
8817    37
8818    30
8819    30
8820    30
8821    30
8822    30
8823    30
8824    30
8825    30
8826    30
8827    30
8828    30
8829    30
8830    30
8831    30
8832    30
8833    30
8834    30
8835    30
8836    30
8837    30
8838    30
8839    30
8840    30
8841    30
8842    30
8843    30
8844    30
8845    30
8846    30
8847    30
8848    30
8849    30
8850    30
8851    30
8852    30
8853    30
8854    30
8855    30
8856    30
8857    30
8858    30
8859    30
8860    30
8861    30
8862    30
8863    30
8864    30
8865    30
8866    30
8867    30
8868    30
8869    30
8870    30
8871    30
8872    30
8873    30
8874    30
8875    30
8876    30
8877    30
8878    30
8879    30
8880    30
8881    30
8882    30
8883    30
8884    41
8885    41
8886    41
8887    41
8888    41
8889    41
8890    41
8891    41
8892    41
8893    41
8894    41
8895    41
8896    41
8897    41
8898    41
8899    41
8900    41
8901    41
8902    41
8903    41
8904    41
8905    41
8906    41
8907    41
8908    41
8909    41
8910    41
8911    41
8912    41
8913    41
8914    37
8915    36
8916    37
8917    37
8918    37
8919    37
8920    37
8921    37
8922    37
8923    37
8924    37
8925    37
8926    37
8927    37
8928    37
8929    37
8930    37
8931    37
8932    37
8933    37
8934    37
8935    37
8936    37
8937    37
8938    37
8939    30
8940    30
8941    30
8942    30
8943    30
8944    30
8945    30
8946    30
8947    30
8948    30
8949    30
8950    30
8951    30
8952    30
8953    30
8954    30
8955    30
8956    30
8957    30
8958    30
8959    30
8960    30
8961    30
8962    30
8963    30
8964    30
8965    30
8966    30
8967    30
8968    30
8969    30
8970    30
8971    30
8972    30
8973    30
8974    30
8975    30
8976    30
8977    30
8978    30
8979    30
8980    30
8981    30
8982    30
8983    30
8984    30
8985    30
8986    30
8987    30
8988    30
8989    30
8990    30
8991    30
8992    30
8993    30
8994    30
8995    30
8996    30
8997    30
8998    30
8999    30
9000    30
9001    41
9002    41
9003    41
9004    41
9005    41
9006    41
9007    41
9008    41
9009    41
9010    41
9011    41
9012    41
9013    41
9014    41
9015    41
9016    41
9017    41
9018    41
9019    41
9020    41
9021    41
9022    41
9023    41
9024    41
9025    41
9026    41
9027    41
9028    37
9029    37
9030    37
9031    37
9032    37
9033    37
9034    37
9035    37
9036    37
9037    37
9038    37
9039    37
9040    37
9041    37
9042    37
9043    37
9044    37
9045    37
9046    37
9047    37
9048    37
9049    37
9050    37
9051    37
9052    37
9053    37
9054    37
9055    37
9056    37
9057    37
9058    30
9059    30
9060    30
9061    30
9062    30
9063    30
9064    30
9065    30
9066    30
9067    30
9068    30
9069    30
9070    30
9071    30
9072    30
9073    30
9074    30
9075    30
9076    30
9077    30
9078    30
9079    30
9080    30
9081    30
9082    30
9083    30
9084    30
9085    30
9086    30
9087    30
9088    30
9089    30
9090    30
9091    30
9092    30
9093    30
9094    30
9095    30
9096    30
9097    30
9098    30
9099    30
9100    30
9101    41
9102    30
9103    30
9104    30
9105    30
9106    30
9107    30
9108    41
9109    41
9110    41
9111    30
9112    30
9113    30
9114    41
9115    30
9116    41
9117    41
9118    41
9119    41
9120    41
9121    41
9122    41
9123    41
9124    41
9125    41
9126    41
9127    41
9128    41
9129    41
9130    41
9131    41
9132    41
9133    41
9134    41
9135    37
9136    37
9137    37
9138    37
9139    37
9140    37
9141    37
9142    37
9143    37
9144    37
9145    37
9146    37
9147    37
9148    37
9149    37
9150    37
9151    37
9152    37
9153    37
9154    37
9155    37
9156    37
9157    37
9158    37
9159    37
9160    37
9161    37
9162    37
9163    37
9164    37
9165    37
9166    30
9167    30
9168    30
9169    30
9170    30
9171    30
9172    30
9173    30
9174    30
9175    30
9176    30
9177    30
9178    30
9179    30
9180    30
9181    30
9182    30
9183    30
9184    30
9185    30
9186    30
9187    30
9188    30
9189    30
9190    30
9191    30
9192    30
9193    30
9194    30
9195    30
9196    30
9197    30
9198    30
9199    30
9200    30
9201    30
9202    30
9203    30
9204    30
9205    30
9206    30
9207    30
9208    41
9209    41
9210    30
9211    30
9212    41
9213    41
9214    41
9215    41
9216    41
9217    41
9218    41
9219    30
9220    30
9221    30
9222    41
9223    41
9224    41
9225    41
9226    41
9227    41
9228    41
9229    41
9230    41
9231    41
9232    41
9233    41
9234    41
9235    37
9236    37
9237    37
9238    37
9239    37
9240    37
9241    37
9242    37
9243    37
9244    37
9245    41
9246    37
9247    37
9248    37
9249    37
9250    37
9251    37
9252    37
9253    37
9254    37
9255    37
9256    37
9257    37
9258    37
9259    37
9260    37
9261    37
9262    37
9263    37
9264    37
9265    37
9266    37
9267    37
9268    37
9269    37
9270    37
9271    37
9272    37
9273    37
9274    37
9275    30
9276    30
9277    30
9278    30
9279    30
9280    30
9281    30
9282    30
9283    30
9284    30
9285    30
9286    30
9287    30
9288    30
9289    30
9290    30
9291    30
9292    30
9293    30
9294    30
9295    30
9296    30
9297    30
9298    30
9299    30
9300    30
9301    30
9302    30
9303    30
9304    30
9305    30
9306    30
9307    30
9308    30
9309    30
9310    30
9311    30
9312    30
9313    30
9314    30
9315    30
9316    30
9317    30
9318    30
9319    30
9320    30
9321    30
9322    30
9323    30
9324    30
9325    30
9326    30
9327    30
9328    41
9329    41
9330    41
9331    41
9332    41
9333    41
9334    41
9335    41
9336    41
9337    41
9338    41
9339    41
9340    41
9341    41
9342    41
9343    41
9344    41
9345    41
9346    41
9347    37
9348    37
9349    37
9350    37
9351    37
9352    37
9353    37
9354    37
9355    37
9356    37
9357    37
9358    37
9359    37
9360    37
9361    37
9362    37
9363    37
9364    37
9365    37
9366    37
9367    37
9368    37
9369    37
9370    37
9371    37
9372    37
9373    37
9374    37
9375    37
9376    37
9377    37
9378    37
9379    37
9380    37
9381    37
9382    37
9383    37
9384    37
9385    37
9386    30
9387    30
9388    30
9389    30
9390    30
9391    30
9392    30
9393    30
9394    30
9395    30
9396    30
9397    30
9398    30
9399    30
9400    30
9401    30
9402    30
9403    30
9404    30
9405    30
9406    30
9407    30
9408    30
9409    30
9410    30
9411    30
9412    30
9413    30
9414    30
9415    30
9416    30
9417    30
9418    30
9419    30
9420    30
9421    30
9422    30
9423    30
9424    30
9425    30
9426    30
9427    30
9428    30
9429    30
9430    30
9431    30
9432    30
9433    30
9434    30
9435    30
9436    30
9437    30
9438    30
9439    30
9440    30
9441    30
9442    30
9443    30
9444    30
9445    30
9446    30
9447    30
9448    41
9449    41
9450    41
9451    41
9452    41
9453    41
9454    41
9455    41
9456    41
9457    41
9458    41
9459    37
9460    37
9461    37
9462    37
9463    37
9464    37
9465    37
9466    37
9467    37
9468    37
9469    37
9470    37
9471    37
9472    37
9473    37
9474    37
9475    37
9476    37
9477    37
9478    37
9479    37
9480    37
9481    37
9482    37
9483    37
9484    37
9485    37
9486    37
9487    37
9488    37
9489    37
9490    37
9491    37
9492    37
9493    37
9494    30
9495    30
9496    30
9497    30
9498    30
9499    30
9500    30
9501    30
9502    30
9503    30
9504    30
9505    30
9506    29
9507    29
9508    30
9509    30
9510    30
9511    30
9512    30
9513    30
9514    30
9515    30
9516    30
9517    30
9518    30
9519    30
9520    30
9521    30
9522    30
9523    30
9524    30
9525    30
9526    30
9527    30
9528    30
9529    30
9530    30
9531    30
9532    30
9533    30
9534    30
9535    30
9536    30
9537    30
9538    30
9539    30
9540    30
9541    30
9542    30
9543    30
9544    30
9545    30
9546    30
9547    30
9548    30
9549    30
9550    30
9551    30
9552    30
9553    30
9554    30
9555    30
9556    30
9557    30
9558    30
9559    30
9560    30
9561    30
9562    30
9563    30
9564    30
9565    30
9566    30
9567    30
9568    30
9569    30
9570    41
9571    41
9572    41
9573    41
9574    41
9575    41
9576    41
9577    37
9578    37
9579    37
9580    37
9581    37
9582    37
9583    37
9584    37
9585    37
9586    37
9587    37
9588    37
9589    37
9590    37
9591    37
9592    37
9593    37
9594    37
9595    37
9596    37
9597    37
9598    37
9599    37
9600    37
9601    37
9602    37
9603    37
9604    37
9605    37
9606    37
9607    37
9608    37
9609    37
9610    30
9611    30
9612    30
9613    30
9614    30
9615    30
9616    30
9617    30
9618    30
9619    30
9620    30
9621    29
9622    29
9623    29
9624    29
9625    29
9626    29
9627    29
9628    29
9629    29
9630    30
9631    30
9632    30
9633    29
9634    29
9635    29
9636    29
9637    29
9638    30
9639    30
9640    30
9641    30
9642    30
9643    30
9644    30
9645    30
9646    30
9647    30
9648    30
9649    30
9650    30
9651    30
9652    30
9653    30
9654    30
9655    30
9656    30
9657    30
9658    30
9659    30
9660    30
9661    30
9662    30
9663    30
9664    30
9665    30
9666    30
9667    30
9668    30
9669    30
9670    30
9671    30
9672    30
9673    30
9674    30
9675    30
9676    30
9677    30
9678    30
9679    30
9680    30
9681    30
9682    30
9683    30
9684    30
9685    30
9686    30
9687    30
9688    30
9689    41
9690    41
9691    41
9692    41
9693    41
9694    41
9695    41
9696    41
9697    37
9698    37
9699    37
9700    37
9701    37
9702    37
9703    37
9704    37
9705    37
9706    37
9707    37
9708    37
9709    37
9710    37
9711    37
9712    37
9713    37
9714    37
9715    37
9716    37
9717    37
9718    37
9719    37
9720    37
9721    37
9722    37
9723    37
9724    37
9725    37
9726    37
9727    37
9728    37
9729    37
9730    37
9731    37
9732    37
9733    37
9734    37
9735    29
9736    29
9737    30
9738    30
9739    30
9740    29
9741    29
9742    29
9743    30
9744    30
9745    30
9746    29
9747    29
9748    29
9749    29
9750    29
9751    29
9752    29
9753    29
9754    29
9755    29
9756    29
9757    29
9758    29
9759    29
9760    29
9761    29
9762    29
9763    29
9764    30
9765    30
9766    29
9767    29
9768    29
9769    29
9770    30
9771    30
9772    30
9773    30
9774    30
9775    29
9776    29
9777    29
9778    30
9779    30
9780    30
9781    30
9782    30
9783    30
9784    30
9785    30
9786    30
9787    30
9788    30
9789    30
9790    30
9791    30
9792    30
9793    30
9794    30
9795    30
9796    30
9797    30
9798    30
9799    30
9800    30
9801    30
9802    30
9803    37
9804    37
9805    37
9806    37
9807    37
9808    30
9809    30
9810    37
9811    37
9812    37
9813    37
9814    37
9815    30
9816    30
9817    30
9818    30
9819    30
9820    30
9821    30
9822    30
9823    41
9824    41
9825    30
9826    37
9827    30
9828    30
9829    30
9830    30
9831    37
9832    37
9833    37
9834    37
9835    37
9836    37
9837    37
9838    37
9839    37
9840    37
9841    37
9842    37
9843    37
9844    37
9845    37
9846    37
9847    37
9848    37
9849    37
9850    37
9851    37
9852    37
9853    37
9854    37
9855    37
9856    37
9857    37
9858    37
9859    37
9860    37
9861    37
9862    37
9863    29
9864    29
9865    29
9866    29
9867    29
9868    29
9869    29
9870    29
9871    29
9872    29
9873    29
9874    29
9875    29
9876    29
9877    29
9878    29
9879    29
9880    29
9881    29
9882    29
9883    29
9884    29
9885    29
9886    29
9887    29
9888    29
9889    29
9890    29
9891    29
9892    29
9893    29
9894    29
9895    29
9896    29
9897    29
9898    29
9899    30
9900    30
9901    30
9902    30
9903    30
9904    30
9905    30
9906    30
9907    30
9908    30
9909    30
9910    30
9911    30
9912    30
9913    30
9914    30
9915    30
9916    30
9917    30
9918    30
9919    30
9920    30
9921    37
9922    37
9923    37
9924    37
9925    37
9926    37
9927    37
9928    37
9929    37
9930    37
9931    37
9932    37
9933    37
9934    30
9935    30
9936    30
9937    37
9938    37
9939    37
9940    37
9941    37
9942    37
9943    37
9944    37
9945    37
9946    37
9947    37
9948    37
9949    37
9950    37
9951    37
9952    37
9953    37
9954    37
9955    37
9956    37
9957    37
9958    37
9959    37
9960    37
9961    37
9962    37
9963    37
9964    37
9965    37
9966    37
9967    32
9968    37
9969    37
9970    29
9971    29
9972    29
9973    29
9974    29
9975    29
9976    29
9977    29
9978    29
9979    29
9980    29
9981    29
9982    29
9983    29
9984    29
9985    29
9986    29
9987    29
9988    29
9989    29
9990    29
9991    29
9992    29
9993    29
9994    29
9995    29
9996    29
9997    29
9998    29
9999    29
10000    30
10001    30
10002    30
10003    30
10004    30
10005    30
10006    30
10007    30
10008    30
10009    30
10010    30
10011    30
10012    30
10013    30
10014    30
10015    30
10016    30
10017    30
10018    30
10019    30
10020    30
10021    30
10022    30
10023    37
10024    37
10025    37
10026    37
10027    37
10028    37
10029    37
10030    37
10031    37
10032    37
10033    37
10034    37
10035    37
10036    37
10037    37
10038    37
10039    37
10040    37
10041    37
10042    37
10043    37
10044    37
10045    37
10046    37
10047    37
10048    37
10049    37
10050    37
10051    37
10052    37
10053    37
10054    37
10055    37
10056    37
10057    37
10058    37
10059    37
10060    37
10061    37
10062    32
10063    32
10064    32
10065    32
10066    29
10067    29
10068    29
10069    29
10070    29
10071    29
10072    29
10073    29
10074    29
10075    29
10076    29
10077    29
10078    29
10079    29
10080    29
10081    29
10082    29
10083    29
10084    29
10085    29
10086    29
10087    29
10088    29
10089    29
10090    29
10091    29
10092    29
10093    29
10094    30
10095    30
10096    30
10097    30
10098    30
10099    30
10100    30
10101    30
10102    30
10103    30
10104    30
10105    30
10106    30
10107    30
10108    30
10109    30
10110    30
10111    30
10112    30
10113    30
10114    30
10115    30
10116    30
10117    30
10118    30
10119    30
10120    30
10121    37
10122    37
10123    37
10124    37
10125    37
10126    37
10127    37
10128    37
10129    37
10130    37
10131    37
10132    37
10133    37
10134    37
10135    37
10136    37
10137    37
10138    37
10139    37
10140    37
10141    37
10142    37
10143    37
10144    37
10145    37
10146    37
10147    37
10148    37
10149    37
10150    37
10151    37
10152    37
10153    37
10154    37
10155    37
10156    37
10157    37
10158    32
10159    32
10160    32
10161    32
10162    32
10163    32
10164    32
10165    32
10166    29
10167    29
10168    29
10169    29
10170    29
10171    29
10172    29
10173    29
10174    29
10175    29
10176    29
10177    29
10178    29
10179    29
10180    29
10181    29
10182    29
10183    29
10184    29
10185    29
10186    29
10187    29
10188    30
10189    29
10190    30
10191    30
10192    30
10193    30
10194    30
10195    30
10196    30
10197    30
10198    30
10199    30
10200    30
10201    30
10202    30
10203    30
10204    30
10205    30
10206    30
10207    30
10208    30
10209    30
10210    30
10211    30
10212    30
10213    30
10214    30
10215    30
10216    30
10217    30
10218    30
10219    30
10220    30
10221    30
10222    30
10223    30
10224    30
10225    37
10226    37
10227    37
10228    37
10229    37
10230    37
10231    37
10232    37
10233    37
10234    37
10235    37
10236    37
10237    37
10238    37
10239    37
10240    37
10241    37
10242    37
10243    37
10244    37
10245    37
10246    37
10247    37
10248    37
10249    37
10250    37
10251    37
10252    37
10253    37
10254    37
10255    32
10256    37
10257    32
10258    32
10259    32
10260    32
10261    32
10262    32
10263    32
10264    32
10265    32
10266    37
10267    37
10268    32
10269    32
10270    32
10271    32
10272    32
10273    32
10274    32
10275    32
10276    32
10277    32
10278    32
10279    32
10280    29
10281    29
10282    29
10283    29
10284    29
10285    29
10286    29
10287    29
10288    29
10289    29
10290    29
10291    29
10292    29
10293    29
10294    29
10295    29
10296    29
10297    29
10298    29
10299    29
10300    29
10301    29
10302    30
10303    30
10304    30
10305    30
10306    30
10307    30
10308    30
10309    30
10310    30
10311    30
10312    30
10313    30
10314    30
10315    30
10316    30
10317    30
10318    30
10319    30
10320    30
10321    30
10322    30
10323    30
10324    30
10325    30
10326    30
10327    30
10328    30
10329    30
10330    30
10331    30
10332    30
10333    30
10334    30
10335    30
10336    30
10337    30
10338    30
10339    30
10340    30
10341    30
10342    30
10343    37
10344    37
10345    37
10346    37
10347    37
10348    37
10349    37
10350    37
10351    37
10352    37
10353    37
10354    37
10355    37
10356    37
10357    37
10358    37
10359    37
10360    37
10361    37
10362    37
10363    37
10364    37
10365    37
10366    37
10367    37
10368    37
10369    32
10370    32
10371    32
10372    32
10373    32
10374    32
10375    32
10376    32
10377    32
10378    32
10379    32
10380    32
10381    32
10382    32
10383    32
10384    32
10385    32
10386    32
10387    32
10388    32
10389    32
10390    32
10391    29
10392    29
10393    29
10394    29
10395    29
10396    29
10397    29
10398    29
10399    29
10400    29
10401    29
10402    29
10403    29
10404    29
10405    29
10406    29
10407    29
10408    29
10409    29
10410    29
10411    30
10412    30
10413    30
10414    30
10415    30
10416    30
10417    30
10418    30
10419    30
10420    30
10421    30
10422    30
10423    30
10424    30
10425    30
10426    30
10427    30
10428    30
10429    30
10430    30
10431    30
10432    30
10433    30
10434    30
10435    30
10436    30
10437    30
10438    30
10439    30
10440    30
10441    30
10442    30
10443    30
10444    30
10445    30
10446    30
10447    30
10448    30
10449    30
10450    30
10451    37
10452    37
10453    37
10454    37
10455    37
10456    37
10457    37
10458    37
10459    37
10460    37
10461    37
10462    37
10463    37
10464    37
10465    37
10466    37
10467    37
10468    37
10469    37
10470    37
10471    37
10472    37
10473    37
10474    37
10475    37
10476    37
10477    37
10478    37
10479    37
10480    37
10481    32
10482    32
10483    32
10484    32
10485    32
10486    32
10487    32
10488    32
10489    32
10490    32
10491    32
10492    32
10493    32
10494    32
10495    32
10496    32
10497    32
10498    32
10499    29
10500    29
10501    29
10502    29
10503    29
10504    29
10505    29
10506    29
10507    29
10508    29
10509    29
10510    29
10511    29
10512    29
10513    29
10514    29
10515    29
10516    29
10517    29
10518    30
10519    29
10520    30
10521    30
10522    30
10523    30
10524    30
10525    30
10526    30
10527    30
10528    30
10529    30
10530    30
10531    30
10532    30
10533    30
10534    30
10535    30
10536    30
10537    30
10538    30
10539    30
10540    30
10541    30
10542    30
10543    30
10544    30
10545    30
10546    30
10547    30
10548    30
10549    30
10550    30
10551    30
10552    30
10553    30
10554    30
10555    30
10556    30
10557    30
10558    30
10559    37
10560    37
10561    37
10562    37
10563    37
10564    37
10565    37
10566    37
10567    37
10568    37
10569    37
10570    37
10571    37
10572    37
10573    37
10574    37
10575    37
10576    37
10577    37
10578    37
10579    37
10580    37
10581    37
10582    37
10583    37
10584    37
10585    37
10586    37
10587    37
10588    37
10589    37
10590    32
10591    32
10592    32
10593    37
10594    32
10595    32
10596    32
10597    32
10598    32
10599    32
10600    32
10601    32
10602    32
10603    32
10604    32
10605    32
10606    32
10607    32
10608    32
10609    32
10610    32
10611    32
10612    32
10613    29
10614    8
10615    8
10616    29
10617    29
10618    29
10619    29
10620    29
10621    29
10622    29
10623    29
10624    29
10625    29
10626    29
10627    29
10628    29
10629    29
10630    29
10631    29
10632    30
10633    30
10634    30
10635    30
10636    30
10637    30
10638    30
10639    30
10640    30
10641    30
10642    30
10643    30
10644    30
10645    30
10646    30
10647    30
10648    30
10649    30
10650    30
10651    30
10652    30
10653    30
10654    30
10655    30
10656    30
10657    30
10658    30
10659    30
10660    30
10661    30
10662    30
10663    30
10664    30
10665    30
10666    30
10667    30
10668    30
10669    30
10670    30
10671    30
10672    37
10673    37
10674    37
10675    37
10676    37
10677    37
10678    30
10679    30
10680    37
10681    37
10682    37
10683    32
10684    32
10685    32
10686    32
10687    32
10688    32
10689    32
10690    32
10691    37
10692    37
10693    37
10694    37
10695    37
10696    37
10697    37
10698    37
10699    37
10700    37
10701    37
10702    37
10703    37
10704    37
10705    37
10706    37
10707    37
10708    32
10709    32
10710    32
10711    32
10712    32
10713    32
10714    32
10715    32
10716    32
10717    32
10718    32
10719    32
10720    32
10721    32
10722    32
10723    32
10724    32
10725    8
10726    8
10727    8
10728    29
10729    29
10730    29
10731    29
10732    29
10733    29
10734    29
10735    29
10736    29
10737    29
10738    29
10739    29
10740    29
10741    29
10742    29
10743    29
10744    29
10745    29
10746    30
10747    30
10748    30
10749    30
10750    30
10751    30
10752    30
10753    30
10754    30
10755    30
10756    30
10757    30
10758    30
10759    30
10760    30
10761    30
10762    30
10763    30
10764    30
10765    30
10766    30
10767    30
10768    30
10769    30
10770    30
10771    30
10772    30
10773    30
10774    30
10775    30
10776    30
10777    30
10778    30
10779    30
10780    30
10781    30
10782    30
10783    30
10784    30
10785    30
10786    30
10787    30
10788    30
10789    30
10790    30
10791    30
10792    30
10793    30
10794    30
10795    30
10796    30
10797    30
10798    30
10799    30
10800    30
10801    37
10802    32
10803    32
10804    32
10805    32
10806    32
10807    32
10808    32
10809    32
10810    32
10811    32
10812    32
10813    32
10814    32
10815    32
10816    32
10817    32
10818    32
10819    37
10820    37
10821    37
10822    37
10823    37
10824    37
10825    37
10826    37
10827    32
10828    32
10829    32
10830    32
10831    32
10832    37
10833    32
10834    32
10835    32
10836    32
10837    32
10838    32
10839    32
10840    32
10841    32
10842    32
10843    32
10844    32
10845    32
10846    32
10847    32
10848    32
10849    32
10850    32
10851    32
10852    32
10853    32
10854    8
10855    8
10856    8
10857    8
10858    8
10859    8
10860    29
10861    29
10862    29
10863    29
10864    29
10865    29
10866    29
10867    29
10868    29
10869    29
10870    29
10871    29
10872    29
10873    29
10874    29
10875    29
10876    29
10877    30
10878    30
10879    30
10880    30
10881    30
10882    30
10883    30
10884    30
10885    30
10886    30
10887    30
10888    30
10889    30
10890    30
10891    30
10892    30
10893    30
10894    30
10895    30
10896    30
10897    30
10898    30
10899    30
10900    30
10901    30
10902    30
10903    30
10904    30
10905    30
10906    30
10907    30
10908    30
10909    30
10910    30
10911    30
10912    30
10913    30
10914    30
10915    30
10916    30
10917    30
10918    30
10919    30
10920    30
10921    30
10922    30
10923    32
10924    32
10925    32
10926    32
10927    32
10928    32
10929    32
10930    32
10931    32
10932    32
10933    37
10934    37
10935    37
10936    32
10937    32
10938    32
10939    32
10940    32
10941    32
10942    32
10943    32
10944    32
10945    32
10946    32
10947    32
10948    32
10949    32
10950    32
10951    32
10952    32
10953    32
10954    32
10955    32
10956    32
10957    32
10958    32
10959    32
10960    32
10961    32
10962    32
10963    32
10964    32
10965    32
10966    32
10967    32
10968    32
10969    32
10970    8
10971    8
10972    8
10973    8
10974    8
10975    8
10976    8
10977    8
10978    8
10979    8
10980    8
10981    29
10982    29
10983    29
10984    29
10985    29
10986    29
10987    29
10988    29
10989    29
10990    29
10991    29
10992    29
10993    29
10994    29
10995    29
10996    30
10997    30
10998    30
10999    30
11000    30
11001    30
11002    30
11003    30
11004    30
11005    30
11006    30
11007    30
11008    30
11009    30
11010    30
11011    30
11012    30
11013    30
11014    30
11015    30
11016    30
11017    30
11018    30
11019    30
11020    30
11021    30
11022    30
11023    30
11024    30
11025    30
11026    30
11027    30
11028    30
11029    30
11030    30
11031    30
11032    30
11033    30
11034    30
11035    30
11036    30
11037    30
11038    30
11039    30
11040    32
11041    32
11042    32
11043    32
11044    32
11045    32
11046    32
11047    32
11048    32
11049    32
11050    32
11051    32
11052    32
11053    32
11054    32
11055    32
11056    32
11057    32
11058    32
11059    32
11060    32
11061    32
11062    32
11063    32
11064    32
11065    32
11066    32
11067    32
11068    32
11069    32
11070    32
11071    32
11072    32
11073    32
11074    32
11075    32
11076    32
11077    32
11078    32
11079    32
11080    17
11081    17
11082    17
11083    32
11084    32
11085    32
11086    32
11087    17
11088    17
11089    32
11090    32
11091    17
11092    17
11093    8
11094    8
11095    8
11096    8
11097    8
11098    8
11099    8
11100    8
11101    8
11102    8
11103    8
11104    8
11105    8
11106    29
11107    29
11108    29
11109    29
11110    29
11111    29
11112    29
11113    29
11114    29
11115    29
11116    29
11117    29
11118    29
11119    29
11120    29
11121    30
11122    30
11123    30
11124    30
11125    30
11126    30
11127    30
11128    30
11129    30
11130    30
11131    30
11132    30
11133    30
11134    30
11135    30
11136    30
11137    30
11138    30
11139    30
11140    30
11141    30
11142    30
11143    30
11144    30
11145    30
11146    30
11147    30
11148    30
11149    30
11150    30
11151    30
11152    32
11153    32
11154    32
11155    32
11156    32
11157    32
11158    32
11159    30
11160    30
11161    30
11162    30
11163    32
11164    32
11165    32
11166    30
11167    32
11168    32
11169    32
11170    32
11171    32
11172    32
11173    32
11174    32
11175    32
11176    32
11177    32
11178    32
11179    32
11180    32
11181    32
11182    32
11183    32
11184    32
11185    32
11186    32
11187    32
11188    32
11189    32
11190    32
11191    32
11192    32
11193    32
11194    32
11195    32
11196    32
11197    32
11198    32
11199    32
11200    32
11201    17
11202    17
11203    17
11204    17
11205    17
11206    17
11207    17
11208    17
11209    32
11210    32
11211    32
11212    17
11213    17
11214    17
11215    17
11216    17
11217    17
11218    17
11219    17
11220    17
11221    17
11222    17
11223    17
11224    8
11225    8
11226    8
11227    8
11228    8
11229    8
11230    8
11231    8
11232    8
11233    8
11234    8
11235    8
11236    8
11237    8
11238    29
11239    29
11240    29
11241    29
11242    29
11243    29
11244    29
11245    29
11246    29
11247    29
11248    29
11249    29
11250    29
11251    29
11252    29
11253    29
11254    29
11255    30
11256    30
11257    30
11258    30
11259    30
11260    30
11261    30
11262    30
11263    30
11264    30
11265    30
11266    30
11267    30
11268    30
11269    30
11270    30
11271    30
11272    30
11273    30
11274    30
11275    30
11276    30
11277    30
11278    30
11279    30
11280    30
11281    30
11282    30
11283    30
11284    30
11285    32
11286    32
11287    32
11288    32
11289    32
11290    32
11291    32
11292    32
11293    32
11294    32
11295    32
11296    32
11297    32
11298    32
11299    32
11300    32
11301    32
11302    32
11303    32
11304    32
11305    32
11306    32
11307    32
11308    32
11309    32
11310    32
11311    32
11312    32
11313    32
11314    32
11315    32
11316    32
11317    32
11318    32
11319    32
11320    32
11321    32
11322    32
11323    32
11324    32
11325    32
11326    32
11327    32
11328    32
11329    17
11330    17
11331    17
11332    17
11333    17
11334    17
11335    17
11336    17
11337    17
11338    17
11339    17
11340    17
11341    17
11342    17
11343    17
11344    17
11345    17
11346    17
11347    8
11348    8
11349    8
11350    8
11351    8
11352    8
11353    8
11354    8
11355    8
11356    8
11357    8
11358    8
11359    8
11360    8
11361    8
11362    8
11363    8
11364    29
11365    29
11366    29
11367    29
11368    29
11369    29
11370    29
11371    29
11372    29
11373    29
11374    29
11375    29
11376    29
11377    29
11378    29
11379    29
11380    29
11381    29
11382    29
11383    30
11384    30
11385    30
11386    30
11387    30
11388    30
11389    30
11390    30
11391    30
11392    30
11393    30
11394    30
11395    30
11396    30
11397    30
11398    30
11399    30
11400    30
11401    30
11402    30
11403    30
11404    30
11405    30
11406    30
11407    30
11408    30
11409    30
11410    30
11411    30
11412    32
11413    32
11414    32
11415    32
11416    32
11417    32
11418    32
11419    32
11420    32
11421    32
11422    32
11423    32
11424    32
11425    32
11426    32
11427    32
11428    32
11429    32
11430    32
11431    32
11432    32
11433    32
11434    32
11435    32
11436    32
11437    32
11438    32
11439    32
11440    32
11441    32
11442    32
11443    32
11444    32
11445    32
11446    32
11447    32
11448    17
11449    32
11450    32
11451    17
11452    17
11453    17
11454    17
11455    17
11456    17
11457    17
11458    17
11459    17
11460    17
11461    17
11462    17
11463    17
11464    17
11465    17
11466    17
11467    17
11468    17
11469    8
11470    8
11471    8
11472    8
11473    8
11474    8
11475    8
11476    8
11477    8
11478    8
11479    8
11480    8
11481    8
11482    8
11483    8
11484    8
11485    8
11486    8
11487    8
11488    8
11489    8
11490    8
11491    8
11492    8
11493    29
11494    29
11495    29
11496    29
11497    29
11498    29
11499    29
11500    29
11501    29
11502    29
11503    29
11504    29
11505    29
11506    29
11507    29
11508    29
11509    30
11510    30
11511    30
11512    30
11513    30
11514    30
11515    30
11516    30
11517    30
11518    30
11519    30
11520    30
11521    30
11522    30
11523    30
11524    30
11525    30
11526    30
11527    30
11528    30
11529    30
11530    30
11531    30
11532    30
11533    30
11534    30
11535    30
11536    30
11537    30
11538    30
11539    30
11540    30
11541    30
11542    30
11543    30
11544    32
11545    32
11546    32
11547    32
11548    32
11549    32
11550    32
11551    32
11552    32
11553    32
11554    32
11555    32
11556    32
11557    32
11558    32
11559    32
11560    32
11561    32
11562    32
11563    32
11564    32
11565    32
11566    32
11567    32
11568    32
11569    32
11570    32
11571    32
11572    32
11573    32
11574    32
11575    32
11576    32
11577    17
11578    17
11579    17
11580    17
11581    17
11582    17
11583    17
11584    17
11585    17
11586    17
11587    17
11588    17
11589    17
11590    17
11591    17
11592    17
11593    17
11594    17
11595    17
11596    17
11597    8
11598    8
11599    8
11600    8
11601    8
11602    8
11603    8
11604    8
11605    8
11606    8
11607    8
11608    8
11609    8
11610    8
11611    8
11612    8
11613    8
11614    8
11615    8
11616    8
11617    8
11618    8
11619    8
11620    8
11621    8
11622    8
11623    29
11624    29
11625    29
11626    29
11627    29
11628    29
11629    29
11630    29
11631    29
11632    29
11633    29
11634    29
11635    29
11636    29
11637    29
11638    29
11639    29
11640    29
11641    29
11642    29
11643    30
11644    30
11645    30
11646    29
11647    30
11648    30
11649    30
11650    30
11651    30
11652    30
11653    30
11654    30
11655    30
11656    30
11657    30
11658    30
11659    30
11660    30
11661    30
11662    30
11663    30
11664    30
11665    30
11666    30
11667    30
11668    30
11669    30
11670    30
11671    30
11672    30
11673    30
11674    30
11675    30
11676    30
11677    30
11678    32
11679    32
11680    32
11681    32
11682    32
11683    32
11684    32
11685    32
11686    32
11687    32
11688    32
11689    32
11690    32
11691    32
11692    32
11693    32
11694    32
11695    32
11696    32
11697    32
11698    32
11699    32
11700    17
11701    17
11702    17
11703    32
11704    32
11705    32
11706    32
11707    17
11708    17
11709    17
11710    17
11711    17
11712    17
11713    17
11714    17
11715    17
11716    17
11717    17
11718    17
11719    17
11720    17
11721    17
11722    17
11723    17
11724    17
11725    17
11726    17
11727    8
11728    8
11729    8
11730    8
11731    8
11732    8
11733    8
11734    8
11735    8
11736    8
11737    8
11738    8
11739    8
11740    8
11741    8
11742    8
11743    8
11744    8
11745    8
11746    8
11747    8
11748    8
11749    8
11750    8
11751    8
11752    8
11753    8
11754    29
11755    29
11756    29
11757    29
11758    29
11759    29
11760    29
11761    29
11762    29
11763    29
11764    29
11765    29
11766    29
11767    29
11768    29
11769    29
11770    29
11771    29
11772    29
11773    29
11774    29
11775    29
11776    29
11777    29
11778    29
11779    29
11780    30
11781    30
11782    30
11783    30
11784    30
11785    30
11786    30
11787    30
11788    30
11789    30
11790    30
11791    30
11792    30
11793    30
11794    30
11795    30
11796    30
11797    30
11798    30
11799    30
11800    30
11801    30
11802    30
11803    30
11804    30
11805    30
11806    32
11807    32
11808    32
11809    32
11810    30
11811    30
11812    30
11813    30
11814    32
11815    32
11816    32
11817    32
11818    32
11819    32
11820    32
11821    32
11822    32
11823    32
11824    32
11825    32
11826    32
11827    32
11828    32
11829    32
11830    32
11831    32
11832    32
11833    32
11834    17
11835    32
11836    17
11837    17
11838    17
11839    17
11840    17
11841    17
11842    17
11843    17
11844    17
11845    17
11846    17
11847    17
11848    17
11849    17
11850    17
11851    17
11852    17
11853    17
11854    17
11855    17
11856    17
11857    17
11858    17
11859    17
11860    17
11861    17
11862    17
11863    17
11864    8
11865    8
11866    8
11867    8
11868    8
11869    8
11870    8
11871    46
11872    46
11873    46
11874    8
11875    8
11876    8
11877    8
11878    8
11879    8
11880    8
11881    8
11882    8
11883    8
11884    8
11885    8
11886    8
11887    8
11888    8
11889    8
11890    29
11891    29
11892    29
11893    29
11894    29
11895    29
11896    29
11897    29
11898    29
11899    29
11900    29
11901    29
11902    29
11903    29
11904    29
11905    29
11906    29
11907    29
11908    29
11909    29
11910    29
11911    29
11912    29
11913    29
11914    29
11915    30
11916    30
11917    30
11918    30
11919    30
11920    30
11921    30
11922    30
11923    30
11924    30
11925    30
11926    30
11927    30
11928    30
11929    29
11930    30
11931    30
11932    30
11933    30
11934    30
11935    30
11936    30
11937    30
11938    30
11939    30
11940    30
11941    30
11942    30
11943    30
11944    30
11945    32
11946    32
11947    32
11948    32
11949    32
11950    32
11951    32
11952    32
11953    32
11954    32
11955    32
11956    32
11957    32
11958    32
11959    32
11960    32
11961    32
11962    32
11963    32
11964    32
11965    32
11966    32
11967    32
11968    32
11969    17
11970    17
11971    17
11972    17
11973    17
11974    17
11975    17
11976    17
11977    17
11978    17
11979    17
11980    17
11981    17
11982    17
11983    17
11984    17
11985    17
11986    17
11987    17
11988    17
11989    17
11990    17
11991    17
11992    17
11993    17
11994    17
11995    17
11996    17
11997    8
11998    8
11999    8
12000    46
12001    46
12002    46
12003    46
12004    46
12005    8
12006    46
12007    8
12008    8
12009    8
12010    8
12011    8
12012    8
12013    8
12014    8
12015    8
12016    8
12017    8
12018    8
12019    8
12020    8
12021    8
12022    8
12023    8
12024    29
12025    29
12026    29
12027    29
12028    29
12029    29
12030    29
12031    29
12032    29
12033    29
12034    29
12035    29
12036    29
12037    29
12038    29
12039    29
12040    29
12041    29
12042    29
12043    29
12044    29
12045    29
12046    29
12047    29
12048    29
12049    30
12050    30
12051    30
12052    30
12053    30
12054    30
12055    30
12056    30
12057    30
12058    30
12059    30
12060    30
12061    29
12062    32
12063    32
12064    32
12065    32
12066    32
12067    32
12068    30
12069    30
12070    30
12071    30
12072    30
12073    30
12074    30
12075    30
12076    30
12077    30
12078    30
12079    30
12080    32
12081    32
12082    32
12083    32
12084    32
12085    32
12086    32
12087    32
12088    32
12089    32
12090    32
12091    32
12092    32
12093    32
12094    32
12095    32
12096    32
12097    32
12098    32
12099    32
12100    32
12101    32
12102    17
12103    17
12104    17
12105    17
12106    17
12107    17
12108    17
12109    17
12110    17
12111    17
12112    17
12113    17
12114    17
12115    17
12116    17
12117    17
12118    17
12119    17
12120    17
12121    17
12122    17
12123    17
12124    17
12125    17
12126    17
12127    17
12128    17
12129    17
12130    17
12131    17
12132    17
12133    17
12134    17
12135    17
12136    8
12137    8
12138    8
12139    46
12140    46
12141    46
12142    46
12143    46
12144    46
12145    46
12146    46
12147    46
12148    46
12149    46
12150    46
12151    46
12152    46
12153    46
12154    8
12155    8
12156    8
12157    8
12158    8
12159    8
12160    8
12161    8
12162    8
12163    8
12164    8
12165    8
12166    8
12167    8
12168    8
12169    8
12170    8
12171    29
12172    29
12173    29
12174    29
12175    29
12176    29
12177    29
12178    29
12179    29
12180    29
12181    29
12182    29
12183    29
12184    29
12185    29
12186    29
12187    29
12188    29
12189    29
12190    29
12191    29
12192    29
12193    29
12194    29
12195    29
12196    29
12197    29
12198    29
12199    29
12200    29
12201    29
12202    29
12203    29
12204    29
12205    29
12206    29
12207    29
12208    29
12209    30
12210    30
12211    30
12212    30
12213    30
12214    29
12215    29
12216    29
12217    32
12218    32
12219    32
12220    32
12221    32
12222    32
12223    32
12224    32
12225    32
12226    32
12227    32
12228    32
12229    32
12230    30
12231    30
12232    30
12233    30
12234    30
12235    30
12236    30
12237    32
12238    32
12239    32
12240    32
12241    32
12242    32
12243    32
12244    32
12245    32
12246    32
12247    32
12248    32
12249    32
12250    32
12251    32
12252    17
12253    17
12254    17
12255    17
12256    17
12257    17
12258    17
12259    17
12260    17
12261    17
12262    17
12263    17
12264    17
12265    17
12266    17
12267    17
12268    17
12269    17
12270    17
12271    17
12272    17
12273    17
12274    17
12275    17
12276    17
12277    17
12278    17
12279    17
12280    17
12281    17
12282    17
12283    17
12284    17
12285    17
12286    17
12287    17
12288    17
12289    17
12290    17
12291    17
12292    17
12293    8
12294    46
12295    46
12296    46
12297    46
12298    46
12299    46
12300    46
12301    46
12302    46
12303    46
12304    7
12305    46
12306    46
12307    46
12308    46
12309    46
12310    46
12311    46
12312    46
12313    46
12314    46
12315    46
12316    46
12317    46
12318    46
12319    8
12320    8
12321    46
12322    8
12323    8
12324    8
12325    8
12326    8
12327    8
12328    8
12329    8
12330    8
12331    8
12332    8
12333    8
12334    29
12335    29
12336    29
12337    29
12338    29
12339    29
12340    29
12341    29
12342    29
12343    29
12344    29
12345    29
12346    29
12347    29
12348    29
12349    29
12350    29
12351    29
12352    29
12353    29
12354    29
12355    29
12356    29
12357    29
12358    29
12359    29
12360    29
12361    29
12362    29
12363    29
12364    29
12365    29
12366    29
12367    29
12368    29
12369    29
12370    29
12371    30
12372    30
12373    30
12374    30
12375    30
12376    30
12377    29
12378    29
12379    29
12380    32
12381    32
12382    32
12383    32
12384    32
12385    32
12386    32
12387    32
12388    32
12389    32
12390    32
12391    30
12392    32
12393    32
12394    32
12395    32
12396    32
12397    32
12398    32
12399    32
12400    32
12401    32
12402    32
12403    32
12404    32
12405    32
12406    32
12407    32
12408    32
12409    17
12410    17
12411    17
12412    17
12413    17
12414    17
12415    17
12416    17
12417    17
12418    17
12419    17
12420    17
12421    17
12422    17
12423    17
12424    17
12425    17
12426    17
12427    17
12428    17
12429    17
12430    17
12431    17
12432    17
12433    17
12434    17
12435    17
12436    17
12437    17
12438    17
12439    17
12440    17
12441    17
12442    17
12443    17
12444    17
12445    17
12446    17
12447    17
12448    17
12449    17
12450    17
12451    17
12452    17
12453    17
12454    46
12455    46
12456    46
12457    46
12458    46
12459    5
12460    5
12461    5
12462    7
12463    46
12464    46
12465    7
12466    7
12467    7
12468    7
12469    46
12470    7
12471    46
12472    7
12473    6
12474    6
12475    6
12476    46
12477    46
12478    46
12479    46
12480    46
12481    46
12482    46
12483    46
12484    46
12485    46
12486    8
12487    8
12488    8
12489    8
12490    8
12491    8
12492    8
12493    8
12494    8
12495    46
12496    29
12497    29
12498    29
12499    29
12500    29
12501    29
12502    29
12503    29
12504    29
12505    29
12506    29
12507    29
12508    29
12509    29
12510    29
12511    29
12512    29
12513    29
12514    29
12515    29
12516    29
12517    29
12518    29
12519    29
12520    29
12521    29
12522    29
12523    29
12524    29
12525    29
12526    29
12527    29
12528    29
12529    29
12530    29
12531    29
12532    29
12533    29
12534    29
12535    29
12536    29
12537    29
12538    29
12539    29
12540    29
12541    29
12542    29
12543    29
12544    29
12545    30
12546    30
12547    29
12548    29
12549    29
12550    32
12551    32
12552    32
12553    32
12554    32
12555    32
12556    32
12557    32
12558    32
12559    32
12560    32
12561    32
12562    32
12563    32
12564    32
12565    32
12566    32
12567    32
12568    32
12569    32
12570    32
12571    32
12572    32
12573    32
12574    17
12575    17
12576    17
12577    17
12578    17
12579    17
12580    17
12581    17
12582    17
12583    17
12584    17
12585    17
12586    17
12587    17
12588    17
12589    17
12590    17
12591    17
12592    17
12593    17
12594    31
12595    31
12596    17
12597    17
12598    17
12599    17
12600    17
12601    17
12602    17
12603    17
12604    17
12605    17
12606    17
12607    17
12608    17
12609    17
12610    17
12611    17
12612    17
12613    17
12614    17
12615    17
12616    17
12617    17
12618    17
12619    17
12620    17
12621    46
12622    4
12623    4
12624    4
12625    5
12626    5
12627    5
12628    7
12629    7
12630    7
12631    7
12632    7
12633    7
12634    7
12635    6
12636    6
12637    6
12638    6
12639    6
12640    46
12641    46
12642    46
12643    6
12644    46
12645    46
12646    46
12647    8
12648    8
12649    46
12650    46
12651    46
12652    46
12653    46
12654    46
12655    46
12656    46
12657    29
12658    29
12659    29
12660    29
12661    29
12662    29
12663    29
12664    29
12665    29
12666    29
12667    29
12668    29
12669    29
12670    29
12671    29
12672    29
12673    29
12674    29
12675    29
12676    29
12677    29
12678    29
12679    29
12680    29
12681    29
12682    29
12683    29
12684    29
12685    29
12686    29
12687    29
12688    29
12689    29
12690    29
12691    29
12692    29
12693    29
12694    29
12695    29
12696    29
12697    29
12698    29
12699    29
12700    29
12701    29
12702    29
12703    29
12704    29
12705    29
12706    29
12707    29
12708    29
12709    29
12710    32
12711    32
12712    32
12713    32
12714    32
12715    32
12716    32
12717    32
12718    32
12719    32
12720    32
12721    32
12722    32
12723    32
12724    32
12725    32
12726    32
12727    32
12728    32
12729    32
12730    32
12731    32
12732    17
12733    17
12734    17
12735    17
12736    17
12737    17
12738    17
12739    17
12740    17
12741    17
12742    17
12743    17
12744    17
12745    17
12746    17
12747    17
12748    17
12749    17
12750    17
12751    17
12752    31
12753    31
12754    17
12755    17
12756    31
12757    31
12758    31
12759    31
12760    31
12761    31
12762    31
12763    31
12764    31
12765    31
12766    31
12767    17
12768    31
12769    31
12770    17
12771    17
12772    17
12773    17
12774    17
12775    17
12776    17
12777    17
12778    17
12779    17
12780    17
12781    17
12782    17
12783    17
12784    17
12785    17
12786    17
12787    46
12788    4
12789    4
12790    5
12791    7
12792    7
12793    7
12794    7
12795    6
12796    6
12797    6
12798    6
12799    46
12800    6
12801    6
12802    46
12803    46
12804    46
12805    46
12806    46
12807    46
12808    46
12809    46
12810    46
12811    29
12812    29
12813    29
12814    29
12815    29
12816    29
12817    29
12818    29
12819    29
12820    29
12821    29
12822    29
12823    29
12824    29
12825    29
12826    29
12827    29
12828    29
12829    29
12830    29
12831    29
12832    29
12833    29
12834    29
12835    29
12836    29
12837    29
12838    29
12839    29
12840    29
12841    29
12842    29
12843    29
12844    29
12845    29
12846    29
12847    29
12848    29
12849    29
12850    29
12851    29
12852    29
12853    29
12854    29
12855    29
12856    29
12857    29
12858    29
12859    29
12860    29
12861    29
12862    29
12863    29
12864    29
12865    29
12866    29
12867    32
12868    32
12869    32
12870    32
12871    32
12872    32
12873    32
12874    32
12875    32
12876    32
12877    32
12878    32
12879    32
12880    32
12881    32
12882    32
12883    32
12884    32
12885    32
12886    17
12887    17
12888    17
12889    17
12890    17
12891    17
12892    17
12893    17
12894    17
12895    17
12896    17
12897    17
12898    17
12899    17
12900    17
12901    17
12902    17
12903    17
12904    17
12905    17
12906    31
12907    31
12908    31
12909    31
12910    31
12911    31
12912    31
12913    31
12914    31
12915    31
12916    31
12917    31
12918    31
12919    31
12920    17
12921    17
12922    31
12923    31
12924    17
12925    17
12926    17
12927    17
12928    17
12929    17
12930    17
12931    17
12932    17
12933    17
12934    17
12935    17
12936    17
12937    17
12938    4
12939    4
12940    4
12941    5
12942    5
12943    7
12944    7
12945    7
12946    7
12947    6
12948    6
12949    6
12950    6
12951    6
12952    6
12953    6
12954    6
12955    46
12956    46
12957    29
12958    29
12959    29
12960    29
12961    29
12962    29
12963    29
12964    29
12965    29
12966    29
12967    29
12968    29
12969    29
12970    29
12971    29
12972    29
12973    29
12974    29
12975    29
12976    29
12977    29
12978    29
12979    29
12980    29
12981    29
12982    29
12983    29
12984    29
12985    29
12986    29
12987    29
12988    29
12989    29
12990    29
12991    29
12992    29
12993    29
12994    29
12995    29
12996    29
12997    29
12998    29
12999    29
13000    29
13001    29
13002    29
13003    29
13004    29
13005    29
13006    29
13007    29
13008    29
13009    29
13010    29
13011    29
13012    29
13013    29
13014    29
13015    29
13016    29
13017    29
13018    32
13019    32
13020    32
13021    32
13022    32
13023    32
13024    32
13025    32
13026    32
13027    32
13028    32
13029    32
13030    32
13031    32
13032    32
13033    32
13034    32
13035    32
13036    32
13037    32
13038    17
13039    17
13040    17
13041    17
13042    17
13043    17
13044    17
13045    17
13046    17
13047    17
13048    17
13049    17
13050    17
13051    17
13052    17
13053    17
13054    17
13055    17
13056    17
13057    31
13058    31
13059    31
13060    31
13061    31
13062    31
13063    31
13064    31
13065    31
13066    31
13067    31
13068    31
13069    31
13070    31
13071    31
13072    31
13073    31
13074    31
13075    31
13076    31
13077    31
13078    31
13079    31
13080    17
13081    17
13082    17
13083    17
13084    17
13085    17
13086    17
13087    17
13088    17
13089    17
13090    5
13091    5
13092    5
13093    7
13094    7
13095    7
13096    7
13097    6
13098    6
13099    6
13100    6
13101    6
13102    6
13103    6
13104    38
13105    38
13106    29
13107    29
13108    29
13109    29
13110    29
13111    29
13112    29
13113    29
13114    29
13115    29
13116    29
13117    29
13118    29
13119    29
13120    29
13121    29
13122    29
13123    29
13124    29
13125    29
13126    29
13127    29
13128    29
13129    29
13130    29
13131    29
13132    29
13133    29
13134    29
13135    29
13136    29
13137    29
13138    29
13139    29
13140    29
13141    29
13142    29
13143    29
13144    29
13145    29
13146    29
13147    29
13148    29
13149    29
13150    29
13151    29
13152    29
13153    29
13154    29
13155    29
13156    29
13157    29
13158    29
13159    29
13160    29
13161    29
13162    29
13163    29
13164    29
13165    29
13166    32
13167    32
13168    32
13169    32
13170    32
13171    32
13172    32
13173    32
13174    31
13175    31
13176    32
13177    32
13178    32
13179    32
13180    17
13181    17
13182    32
13183    32
13184    32
13185    32
13186    32
13187    32
13188    17
13189    17
13190    32
13191    32
13192    17
13193    17
13194    17
13195    17
13196    17
13197    17
13198    17
13199    17
13200    17
13201    31
13202    31
13203    31
13204    31
13205    31
13206    17
13207    31
13208    31
13209    31
13210    31
13211    31
13212    31
13213    31
13214    31
13215    31
13216    31
13217    31
13218    31
13219    31
13220    31
13221    31
13222    31
13223    31
13224    31
13225    31
13226    31
13227    31
13228    31
13229    31
13230    31
13231    17
13232    17
13233    17
13234    17
13235    17
13236    17
13237    17
13238    17
13239    5
13240    5
13241    5
13242    7
13243    7
13244    6
13245    6
13246    38
13247    38
13248    38
13249    38
13250    38
13251    29
13252    29
13253    29
13254    29
13255    29
13256    29
13257    29
13258    29
13259    29
13260    29
13261    29
13262    29
13263    29
13264    29
13265    29
13266    29
13267    29
13268    29
13269    29
13270    29
13271    29
13272    29
13273    29
13274    29
13275    29
13276    29
13277    29
13278    29
13279    29
13280    29
13281    29
13282    29
13283    29
13284    29
13285    29
13286    29
13287    29
13288    29
13289    29
13290    29
13291    29
13292    29
13293    29
13294    29
13295    29
13296    29
13297    29
13298    29
13299    29
13300    29
13301    29
13302    29
13303    29
13304    29
13305    29
13306    29
13307    29
13308    29
13309    29
13310    29
13311    29
13312    29
13313    29
13314    29
13315    32
13316    32
13317    32
13318    32
13319    32
13320    32
13321    31
13322    31
13323    31
13324    31
13325    31
13326    31
13327    31
13328    31
13329    31
13330    31
13331    31
13332    31
13333    17
13334    17
13335    32
13336    32
13337    32
13338    17
13339    17
13340    17
13341    17
13342    17
13343    17
13344    17
13345    17
13346    17
13347    17
13348    17
13349    17
13350    17
13351    17
13352    31
13353    31
13354    31
13355    31
13356    31
13357    31
13358    31
13359    31
13360    31
13361    31
13362    31
13363    31
13364    31
13365    31
13366    31
13367    31
13368    31
13369    31
13370    31
13371    31
13372    31
13373    31
13374    31
13375    31
13376    31
13377    31
13378    31
13379    31
13380    31
13381    31
13382    31
13383    31
13384    31
13385    17
13386    17
13387    17
13388    17
13389    17
13390    17
13391    17
13392    17
13393    5
13394    5
13395    5
13396    7
13397    38
13398    38
13399    38
13400    38
13401    38
13402    38
13403    38
13404    38
13405    38
13406    29
13407    38
13408    29
13409    29
13410    29
13411    29
13412    29
13413    29
13414    29
13415    29
13416    29
13417    29
13418    29
13419    29
13420    29
13421    29
13422    29
13423    29
13424    29
13425    29
13426    29
13427    29
13428    29
13429    29
13430    29
13431    29
13432    29
13433    29
13434    29
13435    29
13436    29
13437    29
13438    29
13439    29
13440    29
13441    29
13442    29
13443    29
13444    29
13445    29
13446    29
13447    29
13448    29
13449    29
13450    29
13451    29
13452    29
13453    29
13454    29
13455    29
13456    29
13457    29
13458    29
13459    29
13460    29
13461    29
13462    29
13463    29
13464    29
13465    29
13466    29
13467    29
13468    32
13469    32
13470    32
13471    32
13472    32
13473    32
13474    32
13475    31
13476    31
13477    31
13478    31
13479    31
13480    31
13481    31
13482    31
13483    31
13484    31
13485    31
13486    31
13487    17
13488    17
13489    17
13490    17
13491    17
13492    17
13493    17
13494    17
13495    17
13496    17
13497    17
13498    17
13499    17
13500    17
13501    17
13502    31
13503    31
13504    31
13505    31
13506    31
13507    31
13508    31
13509    31
13510    31
13511    31
13512    31
13513    31
13514    31
13515    31
13516    31
13517    31
13518    31
13519    31
13520    31
13521    31
13522    31
13523    31
13524    31
13525    31
13526    31
13527    31
13528    31
13529    31
13530    31
13531    31
13532    31
13533    31
13534    31
13535    31
13536    31
13537    31
13538    31
13539    31
13540    31
13541    31
13542    17
13543    17
13544    17
13545    17
13546    17
13547    17
13548    17
13549    17
13550    5
13551    5
13552    5
13553    7
13554    38
13555    38
13556    38
13557    38
13558    38
13559    38
13560    38
13561    38
13562    38
13563    38
13564    38
13565    38
13566    38
13567    29
13568    38
13569    38
13570    38
13571    38
13572    38
13573    29
13574    29
13575    29
13576    29
13577    29
13578    29
13579    29
13580    29
13581    29
13582    29
13583    38
13584    38
13585    29
13586    29
13587    29
13588    29
13589    29
13590    29
13591    29
13592    29
13593    29
13594    29
13595    29
13596    29
13597    29
13598    29
13599    29
13600    29
13601    29
13602    29
13603    29
13604    29
13605    29
13606    29
13607    29
13608    29
13609    29
13610    29
13611    29
13612    29
13613    29
13614    29
13615    29
13616    29
13617    29
13618    29
13619    29
13620    29
13621    29
13622    29
13623    29
13624    32
13625    32
13626    32
13627    32
13628    32
13629    32
13630    31
13631    31
13632    31
13633    31
13634    31
13635    31
13636    31
13637    31
13638    31
13639    31
13640    31
13641    31
13642    31
13643    31
13644    31
13645    31
13646    17
13647    17
13648    17
13649    17
13650    17
13651    17
13652    17
13653    17
13654    17
13655    31
13656    31
13657    31
13658    31
13659    17
13660    31
13661    31
13662    31
13663    31
13664    31
13665    31
13666    31
13667    31
13668    31
13669    31
13670    31
13671    31
13672    31
13673    31
13674    31
13675    31
13676    31
13677    31
13678    31
13679    31
13680    31
13681    31
13682    31
13683    31
13684    31
13685    31
13686    31
13687    31
13688    31
13689    31
13690    31
13691    31
13692    31
13693    31
13694    31
13695    31
13696    31
13697    31
13698    31
13699    31
13700    31
13701    31
13702    31
13703    17
13704    17
13705    17
13706    17
13707    17
13708    17
13709    17
13710    17
13711    17
13712    17
13713    17
13714    17
13715    38
13716    38
13717    38
13718    38
13719    38
13720    38
13721    38
13722    38
13723    38
13724    38
13725    38
13726    38
13727    38
13728    38
13729    38
13730    38
13731    38
13732    29
13733    29
13734    29
13735    29
13736    29
13737    38
13738    38
13739    38
13740    38
13741    38
13742    38
13743    29
13744    29
13745    29
13746    38
13747    38
13748    38
13749    38
13750    38
13751    38
13752    38
13753    29
13754    29
13755    29
13756    29
13757    29
13758    29
13759    29
13760    29
13761    29
13762    29
13763    29
13764    29
13765    29
13766    29
13767    29
13768    29
13769    29
13770    29
13771    29
13772    29
13773    29
13774    29
13775    29
13776    29
13777    29
13778    29
13779    29
13780    29
13781    29
13782    29
13783    29
13784    29
13785    32
13786    32
13787    31
13788    31
13789    31
13790    31
13791    31
13792    31
13793    31
13794    31
13795    31
13796    31
13797    31
13798    31
13799    31
13800    31
13801    17
13802    31
13803    17
13804    31
13805    31
13806    31
13807    31
13808    31
13809    31
13810    31
13811    31
13812    31
13813    31
13814    31
13815    31
13816    31
13817    31
13818    31
13819    31
13820    31
13821    31
13822    31
13823    31
13824    31
13825    31
13826    31
13827    31
13828    31
13829    31
13830    31
13831    31
13832    31
13833    31
13834    31
13835    31
13836    31
13837    31
13838    31
13839    31
13840    31
13841    31
13842    31
13843    31
13844    31
13845    31
13846    31
13847    31
13848    31
13849    31
13850    31
13851    31
13852    31
13853    31
13854    31
13855    31
13856    31
13857    31
13858    17
13859    17
13860    17
13861    17
13862    17
13863    17
13864    17
13865    17
13866    17
13867    17
13868    17
13869    38
13870    38
13871    38
13872    38
13873    38
13874    38
13875    38
13876    38
13877    38
13878    38
13879    38
13880    38
13881    38
13882    38
13883    38
13884    38
13885    38
13886    38
13887    38
13888    38
13889    38
13890    38
13891    38
13892    38
13893    38
13894    38
13895    38
13896    38
13897    38
13898    38
13899    38
13900    38
13901    29
13902    29
13903    29
13904    29
13905    29
13906    29
13907    29
13908    29
13909    29
13910    29
13911    29
13912    29
13913    29
13914    29
13915    29
13916    29
13917    29
13918    29
13919    29
13920    29
13921    29
13922    29
13923    29
13924    29
13925    29
13926    29
13927    31
13928    31
13929    29
13930    29
13931    29
13932    31
13933    31
13934    31
13935    31
13936    31
13937    31
13938    31
13939    31
13940    31
13941    31
13942    31
13943    31
13944    31
13945    31
13946    31
13947    31
13948    31
13949    31
13950    31
13951    31
13952    31
13953    31
13954    31
13955    31
13956    31
13957    31
13958    31
13959    31
13960    31
13961    31
13962    31
13963    31
13964    31
13965    31
13966    31
13967    31
13968    31
13969    31
13970    31
13971    31
13972    31
13973    31
13974    31
13975    31
13976    31
13977    31
13978    31
13979    31
13980    31
13981    31
13982    31
13983    31
13984    31
13985    31
13986    31
13987    31
13988    31
13989    31
13990    31
13991    31
13992    31
13993    31
13994    31
13995    31
13996    31
13997    31
13998    31
13999    31
14000    31
14001    31
14002    31
14003    31
14004    31
14005    31
14006    31
14007    31
14008    31
14009    17
14010    31
14011    17
14012    31
14013    31
14014    31
14015    38
14016    38
14017    38
14018    38
14019    38
14020    38
14021    38
14022    38
14023    38
14024    38
14025    38
14026    38
14027    38
14028    38
14029    38
14030    38
14031    38
14032    38
14033    38
14034    38
14035    38
14036    38
14037    38
14038    38
14039    29
14040    29
14041    31
14042    31
14043    31
14044    31
14045    31
14046    31
14047    31
14048    31
14049    29
14050    29
14051    31
14052    31
14053    31
14054    31
14055    29
14056    29
14057    29
14058    29
14059    29
14060    29
14061    29
14062    29
14063    29
14064    31
14065    31
14066    31
14067    31
14068    31
14069    31
14070    31
14071    31
14072    31
14073    31
14074    31
14075    31
14076    31
14077    31
14078    31
14079    31
14080    31
14081    31
14082    31
14083    31
14084    31
14085    31
14086    31
14087    31
14088    31
14089    31
14090    31
14091    31
14092    31
14093    31
14094    31
14095    31
14096    31
14097    31
14098    31
14099    31
14100    31
14101    31
14102    31
14103    31
14104    31
14105    31
14106    31
14107    31
14108    31
14109    31
14110    31
14111    31
14112    31
14113    31
14114    31
14115    31
14116    31
14117    31
14118    31
14119    31
14120    31
14121    31
14122    31
14123    31
14124    31
14125    31
14126    31
14127    31
14128    31
14129    31
14130    31
14131    31
14132    31
14133    31
14134    31
14135    31
14136    31
14137    31
14138    31
14139    31
14140    31
14141    31
14142    31
14143    31
14144    31
14145    31
14146    31
14147    31
14148    38
14149    38
14150    38
14151    38
14152    38
14153    38
14154    38
14155    38
14156    38
14157    38
14158    38
14159    38
14160    38
14161    38
14162    38
14163    38
14164    38
14165    38
14166    38
14167    38
14168    38
14169    38
14170    31
14171    29
14172    29
14173    31
14174    31
14175    31
14176    31
14177    31
14178    31
14179    31
14180    31
14181    31
14182    31
14183    31
14184    31
14185    31
14186    31
14187    31
14188    29
14189    29
14190    29
14191    31
14192    31
14193    31
14194    31
14195    31
14196    31
14197    31
14198    31
14199    31
14200    31
14201    31
14202    31
14203    31
14204    31
14205    31
14206    31
14207    31
14208    31
14209    31
14210    31
14211    31
14212    31
14213    31
14214    31
14215    31
14216    31
14217    31
14218    31
14219    31
14220    31
14221    31
14222    31
14223    31
14224    31
14225    31
14226    31
14227    31
14228    31
14229    31
14230    31
14231    31
14232    31
14233    31
14234    31
14235    31
14236    31
14237    31
14238    31
14239    31
14240    31
14241    31
14242    31
14243    31
14244    31
14245    31
14246    31
14247    31
14248    31
14249    31
14250    31
14251    31
14252    31
14253    31
14254    31
14255    31
14256    31
14257    31
14258    31
14259    31
14260    31
14261    31
14262    31
14263    31
14264    31
14265    31
14266    31
14267    31
14268    31
14269    31
14270    31
14271    38
14272    38
14273    38
14274    38
14275    38
14276    38
14277    38
14278    38
14279    38
14280    38
14281    38
14282    38
14283    38
14284    28
14285    28
14286    28
14287    31
14288    31
14289    31
14290    31
14291    31
14292    31
14293    31
14294    31
14295    31
14296    31
14297    31
14298    31
14299    31
14300    31
14301    31
14302    31
14303    31
14304    31
14305    31
14306    31
14307    31
14308    31
14309    31
14310    31
14311    31
14312    31
14313    31
14314    31
14315    31
14316    31
14317    31
14318    31
14319    31
14320    31
14321    31
14322    31
14323    31
14324    31
14325    31
14326    31
14327    31
14328    31
14329    31
14330    31
14331    31
14332    31
14333    31
14334    31
14335    31
14336    31
14337    31
14338    31
14339    31
14340    31
14341    31
14342    31
14343    31
14344    31
14345    31
14346    31
14347    31
14348    31
14349    31
14350    31
14351    31
14352    31
14353    31
14354    31
14355    31
14356    31
14357    31
14358    31
14359    31
14360    31
14361    31
14362    31
14363    31
14364    31
14365    31
14366    31
14367    31
14368    31
14369    31
14370    31
14371    31
14372    31
14373    31
14374    31
14375    31
14376    31
14377    31
14378    31
14379    31
14380    38
14381    38
14382    38
14383    38
14384    38
14385    38
14386    38
14387    38
14388    38
14389    38
14390    38
14391    28
14392    28
14393    28
14394    28
14395    28
14396    28
14397    31
14398    31
14399    31
14400    31
14401    31
14402    31
14403    31
14404    31
14405    31
14406    31
14407    31
14408    31
14409    31
14410    31
14411    31
14412    31
14413    31
14414    31
14415    31
14416    31
14417    31
14418    31
14419    31
14420    31
14421    31
14422    31
14423    31
14424    31
14425    31
14426    31
14427    31
14428    31
14429    31
14430    31
14431    31
14432    31
14433    31
14434    31
14435    31
14436    31
14437    31
14438    31
14439    31
14440    31
14441    31
14442    31
14443    31
14444    31
14445    31
14446    31
14447    31
14448    31
14449    31
14450    31
14451    31
14452    31
14453    31
14454    31
14455    31
14456    31
14457    31
14458    31
14459    31
14460    31
14461    31
14462    31
14463    31
14464    31
14465    31
14466    31
14467    31
14468    31
14469    31
14470    31
14471    31
14472    31
14473    38
14474    38
14475    38
14476    38
14477    38
14478    38
14479    38
14480    38
14481    38
14482    38
14483    38
14484    38
14485    28
14486    28
14487    28
14488    28
14489    28
14490    31
14491    31
14492    31
14493    31
14494    31
14495    31
14496    31
14497    31
14498    31
14499    31
14500    31
14501    31
14502    31
14503    31
14504    31
14505    31
14506    31
14507    31
14508    31
14509    31
14510    31
14511    31
14512    31
14513    31
14514    31
14515    31
14516    31
14517    31
14518    31
14519    31
14520    31
14521    31
14522    31
14523    31
14524    31
14525    31
14526    31
14527    31
14528    31
14529    31
14530    31
14531    31
14532    31
14533    31
14534    31
14535    31
14536    31
14537    31
14538    31
14539    31
14540    31
14541    31
14542    31
14543    31
14544    31
14545    31
14546    31
14547    31
14548    31
14549    31
14550    31
14551    31
14552    31
14553    31
14554    31
14555    31
14556    31
14557    31
14558    31
14559    31
14560    31
14561    31
14562    31
14563    38
14564    38
14565    38
14566    38
14567    38
14568    38
14569    38
14570    38
14571    38
14572    28
14573    28
14574    28
14575    28
14576    28
14577    28
14578    28
14579    28
14580    28
14581    31
14582    31
14583    31
14584    31
14585    31
14586    31
14587    31
14588    31
14589    31
14590    31
14591    31
14592    31
14593    31
14594    31
14595    31
14596    31
14597    31
14598    31
14599    31
14600    31
14601    31
14602    31
14603    31
14604    31
14605    31
14606    31
14607    31
14608    31
14609    31
14610    31
14611    31
14612    31
14613    31
14614    31
14615    31
14616    31
14617    31
14618    31
14619    31
14620    31
14621    31
14622    31
14623    31
14624    31
14625    31
14626    31
14627    31
14628    31
14629    31
14630    31
14631    31
14632    31
14633    31
14634    31
14635    31
14636    31
14637    31
14638    31
14639    31
14640    31
14641    31
14642    31
14643    31
14644    31
14645    31
14646    31
14647    31
14648    31
14649    31
14650    31
14651    31
14652    31
14653    31
14654    31
14655    38
14656    38
14657    38
14658    38
14659    38
14660    38
14661    38
14662    38
14663    28
14664    28
14665    28
14666    28
14667    28
14668    28
14669    28
14670    28
14671    28
14672    28
14673    28
14674    28
14675    31
14676    31
14677    31
14678    31
14679    31
14680    31
14681    31
14682    31
14683    31
14684    31
14685    31
14686    31
14687    31
14688    31
14689    31
14690    31
14691    31
14692    31
14693    31
14694    31
14695    31
14696    31
14697    31
14698    31
14699    31
14700    31
14701    31
14702    31
14703    31
14704    31
14705    31
14706    31
14707    31
14708    31
14709    31
14710    31
14711    31
14712    31
14713    31
14714    31
14715    31
14716    31
14717    31
14718    31
14719    31
14720    31
14721    31
14722    31
14723    31
14724    31
14725    31
14726    31
14727    31
14728    31
14729    31
14730    31
14731    31
14732    31
14733    31
14734    31
14735    31
14736    31
14737    31
14738    31
14739    31
14740    31
14741    31
14742    31
14743    31
14744    31
14745    31
14746    31
14747    31
14748    31
14749    31
14750    31
14751    31
14752    31
14753    38
14754    38
14755    38
14756    38
14757    38
14758    38
14759    38
14760    28
14761    28
14762    28
14763    28
14764    28
14765    28
14766    28
14767    28
14768    28
14769    28
14770    28
14771    31
14772    31
14773    28
14774    28
14775    31
14776    31
14777    31
14778    31
14779    31
14780    31
14781    31
14782    31
14783    31
14784    31
14785    31
14786    31
14787    31
14788    31
14789    31
14790    31
14791    31
14792    31
14793    31
14794    31
14795    31
14796    31
14797    31
14798    31
14799    31
14800    31
14801    31
14802    31
14803    31
14804    31
14805    31
14806    31
14807    31
14808    31
14809    31
14810    31
14811    31
14812    31
14813    31
14814    31
14815    31
14816    31
14817    31
14818    31
14819    31
14820    31
14821    31
14822    31
14823    31
14824    31
14825    31
14826    31
14827    31
14828    31
14829    31
14830    31
14831    31
14832    31
14833    31
14834    31
14835    31
14836    31
14837    31
14838    31
14839    31
14840    31
14841    31
14842    31
14843    31
14844    31
14845    31
14846    31
14847    38
14848    38
14849    38
14850    38
14851    38
14852    38
14853    38
14854    28
14855    28
14856    28
14857    28
14858    28
14859    28
14860    28
14861    28
14862    28
14863    28
14864    28
14865    28
14866    31
14867    31
14868    31
14869    31
14870    31
14871    31
14872    31
14873    31
14874    31
14875    31
14876    31
14877    31
14878    31
14879    31
14880    31
14881    31
14882    31
14883    31
14884    31
14885    31
14886    31
14887    31
14888    31
14889    31
14890    31
14891    31
14892    31
14893    31
14894    31
14895    31
14896    31
14897    31
14898    31
14899    31
14900    31
14901    31
14902    31
14903    31
14904    31
14905    31
14906    31
14907    31
14908    31
14909    31
14910    31
14911    31
14912    31
14913    31
14914    31
14915    31
14916    31
14917    31
14918    31
14919    31
14920    31
14921    31
14922    31
14923    31
14924    31
14925    31
14926    31
14927    31
14928    31
14929    28
14930    28
14931    28
14932    38
14933    38
14934    38
14935    38
14936    28
14937    28
14938    28
14939    28
14940    28
14941    28
14942    28
14943    28
14944    28
14945    28
14946    28
14947    28
14948    28
14949    31
14950    31
14951    31
14952    31
14953    31
14954    31
14955    31
14956    31
14957    31
14958    31
14959    31
14960    31
14961    31
14962    31
14963    31
14964    31
14965    31
14966    31
14967    31
14968    31
14969    31
14970    31
14971    31
14972    31
14973    31
14974    31
14975    31
14976    31
14977    31
14978    31
14979    31
14980    31
14981    31
14982    31
14983    31
14984    31
14985    31
14986    31
14987    31
14988    31
14989    31
14990    31
14991    31
14992    31
14993    31
14994    31
14995    31
14996    31
14997    31
14998    31
14999    31
15000    31
15001    28
15002    28
15003    28
15004    28
15005    28
15006    28
15007    28
15008    28
15009    28
15010    28
15011    38
15012    28
15013    28
15014    28
15015    28
15016    28
15017    28
15018    28
15019    28
15020    28
15021    28
15022    28
15023    28
15024    28
15025    28
15026    28
15027    31
15028    31
15029    31
15030    31
15031    31
15032    31
15033    31
15034    31
15035    31
15036    31
15037    31
15038    31
15039    31
15040    31
15041    31
15042    31
15043    31
15044    31
15045    31
15046    31
15047    31
15048    31
15049    31
15050    31
15051    31
15052    31
15053    31
15054    31
15055    31
15056    31
15057    31
15058    31
15059    31
15060    31
15061    31
15062    31
15063    31
15064    31
15065    31
15066    31
15067    31
15068    31
15069    31
15070    31
15071    31
15072    31
15073    31
15074    31
15075    31
15076    31
15077    31
15078    31
15079    31
15080    31
15081    31
15082    31
15083    28
15084    28
15085    28
15086    28
15087    28
15088    28
15089    28
15090    28
15091    28
15092    28
15093    28
15094    28
15095    28
15096    28
15097    28
15098    28
15099    28
15100    28
15101    28
15102    28
15103    28
15104    28
15105    28
15106    28
15107    28
15108    28
15109    28
15110    28
15111    31
15112    31
15113    31
15114    31
15115    31
15116    31
15117    28
15118    28
15119    28
15120    28
15121    28
15122    31
15123    31
15124    31
15125    31
15126    31
15127    31
15128    31
15129    31
15130    31
15131    31
15132    31
15133    31
15134    31
15135    31
15136    31
15137    31
15138    31
15139    31
15140    31
15141    31
15142    31
15143    31
15144    31
15145    31
15146    31
15147    31
15148    31
15149    31
15150    31
15151    31
15152    31
15153    31
15154    31
15155    31
15156    31
15157    31
15158    31
15159    31
15160    31
15161    31
15162    31
15163    31
15164    31
15165    31
15166    31
15167    31
15168    31
15169    31
15170    31
15171    31
15172    31
15173    31
15174    31
15175    28
15176    28
15177    28
15178    28
15179    28
15180    28
15181    28
15182    28
15183    28
15184    28
15185    28
15186    28
15187    28
15188    28
15189    28
15190    28
15191    28
15192    28
15193    28
15194    28
15195    28
15196    28
15197    28
15198    28
15199    28
15200    28
15201    28
15202    28
15203    28
15204    28
15205    28
15206    28
15207    28
15208    31
15209    31
15210    31
15211    31
15212    31
15213    31
15214    31
15215    31
15216    31
15217    31
15218    31
15219    31
15220    31
15221    31
15222    31
15223    31
15224    31
15225    31
15226    31
15227    31
15228    31
15229    31
15230    31
15231    31
15232    31
15233    31
15234    31
15235    31
15236    31
15237    31
15238    31
15239    31
15240    31
15241    31
15242    31
15243    31
15244    31
15245    31
15246    31
15247    31
15248    31
15249    31
15250    31
15251    31
15252    31
15253    31
15254    31
15255    31
15256    31
15257    28
15258    28
15259    28
15260    28
15261    28
15262    28
15263    28
15264    28
15265    28
15266    28
15267    28
15268    28
15269    28
15270    28
15271    28
15272    28
15273    28
15274    28
15275    28
15276    28
15277    28
15278    28
15279    28
15280    28
15281    28
15282    28
15283    28
15284    28
15285    28
15286    28
15287    28
15288    28
15289    31
15290    31
15291    31
15292    31
15293    31
15294    31
15295    31
15296    31
15297    31
15298    31
15299    31
15300    31
15301    31
15302    31
15303    31
15304    31
15305    31
15306    31
15307    31
15308    31
15309    31
15310    31
15311    31
15312    31
15313    31
15314    31
15315    31
15316    31
15317    31
15318    31
15319    31
15320    31
15321    31
15322    31
15323    31
15324    31
15325    31
15326    31
15327    31
15328    31
15329    31
15330    31
15331    31
15332    28
15333    28
15334    28
15335    28
15336    28
15337    28
15338    28
15339    28
15340    28
15341    28
15342    28
15343    28
15344    28
15345    28
15346    28
15347    28
15348    28
15349    28
15350    28
15351    28
15352    28
15353    28
15354    28
15355    28
15356    28
15357    28
15358    28
15359    28
15360    28
15361    28
15362    28
15363    28
15364    28
15365    28
15366    28
15367    28
15368    31
15369    31
15370    31
15371    31
15372    31
15373    31
15374    31
15375    31
15376    31
15377    31
15378    31
15379    31
15380    31
15381    31
15382    31
15383    31
15384    31
15385    31
15386    31
15387    31
15388    31
15389    31
15390    31
15391    31
15392    31
15393    31
15394    31
15395    31
15396    31
15397    31
15398    31
15399    31
15400    31
15401    31
15402    31
15403    31
15404    31
15405    31
15406    31
15407    31
15408    31
15409    31
15410    31
15411    28
15412    28
15413    28
15414    28
15415    28
15416    28
15417    28
15418    28
15419    28
15420    28
15421    28
15422    28
15423    28
15424    28
15425    28
15426    28
15427    28
15428    28
15429    28
15430    28
15431    28
15432    28
15433    28
15434    28
15435    28
15436    28
15437    28
15438    28
15439    28
15440    28
15441    28
15442    28
15443    28
15444    28
15445    28
15446    28
15447    31
15448    31
15449    31
15450    31
15451    31
15452    31
15453    31
15454    31
15455    31
15456    31
15457    31
15458    31
15459    31
15460    31
15461    31
15462    31
15463    31
15464    31
15465    31
15466    31
15467    31
15468    31
15469    31
15470    31
15471    31
15472    31
15473    31
15474    31
15475    31
15476    31
15477    31
15478    31
15479    31
15480    31
15481    31
15482    31
15483    31
15484    31
15485    31
15486    31
15487    31
15488    28
15489    28
15490    28
15491    27
15492    28
15493    27
15494    28
15495    28
15496    28
15497    28
15498    28
15499    28
15500    28
15501    28
15502    28
15503    28
15504    28
15505    28
15506    28
15507    28
15508    28
15509    28
15510    28
15511    28
15512    28
15513    28
15514    28
15515    28
15516    28
15517    28
15518    28
15519    28
15520    28
15521    28
15522    28
15523    28
15524    28
15525    28
15526    28
15527    28
15528    28
15529    31
15530    28
15531    31
15532    31
15533    31
15534    31
15535    31
15536    31
15537    31
15538    31
15539    31
15540    31
15541    31
15542    31
15543    31
15544    31
15545    31
15546    31
15547    31
15548    31
15549    31
15550    31
15551    31
15552    31
15553    31
15554    31
15555    31
15556    31
15557    31
15558    31
15559    31
15560    31
15561    31
15562    31
15563    31
15564    31
15565    31
15566    31
15567    31
15568    31
15569    31
15570    31
15571    31
15572    31
15573    28
15574    28
15575    28
15576    27
15577    27
15578    28
15579    28
15580    28
15581    28
15582    28
15583    28
15584    28
15585    28
15586    28
15587    28
15588    28
15589    28
15590    28
15591    28
15592    28
15593    28
15594    28
15595    28
15596    28
15597    28
15598    28
15599    28
15600    28
15601    28
15602    28
15603    28
15604    28
15605    31
15606    31
15607    31
15608    31
15609    31
15610    31
15611    31
15612    31
15613    28
15614    28
15615    28
15616    31
15617    31
15618    31
15619    31
15620    31
15621    31
15622    31
15623    31
15624    31
15625    31
15626    31
15627    31
15628    31
15629    31
15630    31
15631    31
15632    31
15633    31
15634    31
15635    31
15636    31
15637    31
15638    31
15639    31
15640    31
15641    31
15642    31
15643    31
15644    31
15645    31
15646    31
15647    31
15648    31
15649    31
15650    31
15651    31
15652    31
15653    31
15654    31
15655    31
15656    31
15657    31
15658    31
15659    31
15660    28
15661    28
15662    28
15663    28
15664    27
15665    28
15666    28
15667    28
15668    27
15669    28
15670    28
15671    28
15672    28
15673    28
15674    28
15675    28
15676    28
15677    28
15678    28
15679    28
15680    28
15681    28
15682    28
15683    28
15684    28
15685    28
15686    28
15687    28
15688    28
15689    28
15690    28
15691    28
15692    28
15693    28
15694    28
15695    28
15696    28
15697    28
15698    28
15699    28
15700    28
15701    31
15702    31
15703    28
15704    28
15705    31
15706    31
15707    31
15708    31
15709    31
15710    31
15711    28
15712    28
15713    28
15714    31
15715    31
15716    31
15717    31
15718    31
15719    31
15720    31
15721    31
15722    31
15723    31
15724    31
15725    31
15726    31
15727    31
15728    31
15729    31
15730    31
15731    31
15732    31
15733    31
15734    31
15735    31
15736    31
15737    31
15738    31
15739    31
15740    31
15741    31
15742    31
15743    31
15744    31
15745    31
15746    31
15747    31
15748    28
15749    28
15750    28
15751    28
15752    27
15753    27
15754    27
15755    28
15756    28
15757    28
15758    27
15759    28
15760    28
15761    28
15762    28
15763    28
15764    28
15765    28
15766    28
15767    28
15768    28
15769    28
15770    28
15771    28
15772    28
15773    28
15774    28
15775    28
15776    28
15777    31
15778    28
15779    28
15780    28
15781    31
15782    28
15783    28
15784    28
15785    28
15786    28
15787    28
15788    28
15789    28
15790    28
15791    28
15792    28
15793    28
15794    28
15795    28
15796    28
15797    28
15798    31
15799    31
15800    28
15801    28
15802    28
15803    28
15804    28
15805    28
15806    28
15807    31
15808    31
15809    31
15810    31
15811    31
15812    31
15813    31
15814    31
15815    31
15816    31
15817    31
15818    31
15819    31
15820    31
15821    31
15822    31
15823    31
15824    31
15825    31
15826    31
15827    31
15828    31
15829    31
15830    31
15831    31
15832    31
15833    31
15834    31
15835    31
15836    31
15837    31
15838    31
15839    31
15840    31
15841    31
15842    28
15843    28
15844    27
15845    27
15846    27
15847    27
15848    27
15849    28
15850    27
15851    27
15852    28
15853    28
15854    28
15855    28
15856    28
15857    28
15858    28
15859    28
15860    28
15861    28
15862    28
15863    28
15864    28
15865    28
15866    28
15867    28
15868    28
15869    28
15870    28
15871    28
15872    28
15873    31
15874    31
15875    31
15876    31
15877    31
15878    31
15879    28
15880    28
15881    28
15882    28
15883    28
15884    28
15885    28
15886    28
15887    28
15888    28
15889    28
15890    31
15891    31
15892    31
15893    31
15894    31
15895    31
15896    31
15897    31
15898    31
15899    31
15900    31
15901    31
15902    31
15903    31
15904    31
15905    31
15906    31
15907    31
15908    31
15909    31
15910    31
15911    31
15912    31
15913    31
15914    31
15915    31
15916    31
15917    31
15918    31
15919    31
15920    31
15921    31
15922    31
15923    31
15924    31
15925    28
15926    27
15927    27
15928    27
15929    27
15930    27
15931    27
15932    27
15933    27
15934    27
15935    27
15936    27
15937    27
15938    28
15939    27
15940    28
15941    28
15942    28
15943    28
15944    28
15945    28
15946    28
15947    28
15948    28
15949    28
15950    28
15951    28
15952    28
15953    28
15954    28
15955    31
15956    31
15957    31
15958    31
15959    31
15960    31
15961    31
15962    31
15963    31
15964    31
15965    28
15966    31
15967    31
15968    31
15969    31
15970    31
15971    31
15972    31
15973    31
15974    31
15975    31
15976    31
15977    31
15978    31
15979    31
15980    31
15981    31
15982    31
15983    31
15984    31
15985    31
15986    31
15987    31
15988    31
15989    31
15990    31
15991    31
15992    31
15993    31
15994    31
15995    31
15996    31
15997    31
15998    31
15999    31
16000    31
16001    31
16002    31
16003    31
16004    31
16005    27
16006    27
16007    27
16008    27
16009    27
16010    27
16011    27
16012    27
16013    27
16014    27
16015    27
16016    27
16017    27
16018    27
16019    27
16020    27
16021    28
16022    28
16023    28
16024    28
16025    28
16026    28
16027    28
16028    28
16029    28
16030    28
16031    28
16032    28
16033    28
16034    28
16035    28
16036    31
16037    31
16038    31
16039    31
16040    31
16041    31
16042    31
16043    31
16044    31
16045    31
16046    31
16047    31
16048    31
16049    31
16050    31
16051    31
16052    31
16053    31
16054    31
16055    31
16056    31
16057    31
16058    31
16059    31
16060    31
16061    31
16062    31
16063    31
16064    31
16065    31
16066    31
16067    31
16068    31
16069    31
16070    31
16071    31
16072    31
16073    31
16074    31
16075    31
16076    31
16077    31
16078    31
16079    31
16080    31
16081    31
16082    31
16083    31
16084    31
16085    31
16086    31
16087    31
16088    31
16089    31
16090    31
16091    31
16092    3
16093    31
16094    27
16095    27
16096    27
16097    27
16098    27
16099    27
16100    27
16101    27
16102    27
16103    27
16104    27
16105    27
16106    27
16107    27
16108    27
16109    27
16110    27
16111    27
16112    27
16113    27
16114    27
16115    28
16116    31
16117    31
16118    31
16119    28
16120    28
16121    28
16122    28
16123    28
16124    31
16125    31
16126    31
16127    31
16128    31
16129    28
16130    28
16131    28
16132    31
16133    31
16134    31
16135    31
16136    31
16137    31
16138    31
16139    31
16140    31
16141    31
16142    31
16143    31
16144    31
16145    31
16146    31
16147    31
16148    31
16149    31
16150    31
16151    31
16152    31
16153    31
16154    31
16155    31
16156    31
16157    31
16158    31
16159    31
16160    31
16161    31
16162    31
16163    31
16164    31
16165    31
16166    31
16167    31
16168    31
16169    31
16170    31
16171    31
16172    31
16173    31
16174    31
16175    31
16176    31
16177    31
16178    31
16179    31
16180    31
16181    31
16182    31
16183    31
16184    31
16185    31
16186    31
16187    31
16188    31
16189    31
16190    31
16191    31
16192    31
16193    31
16194    31
16195    3
16196    3
16197    31
16198    31
16199    31
16200    3
16201    3
16202    3
16203    3
16204    3
16205    27
16206    27
16207    27
16208    27
16209    27
16210    27
16211    27
16212    27
16213    27
16214    27
16215    27
16216    27
16217    27
16218    27
16219    27
16220    27
16221    27
16222    27
16223    27
16224    27
16225    27
16226    27
16227    27
16228    27
16229    3
16230    3
16231    3
16232    31
16233    31
16234    31
16235    31
16236    28
16237    31
16238    31
16239    31
16240    31
16241    31
16242    31
16243    31
16244    31
16245    31
16246    31
16247    28
16248    31
16249    31
16250    31
16251    31
16252    31
16253    31
16254    31
16255    31
16256    31
16257    31
16258    31
16259    31
16260    31
16261    31
16262    31
16263    31
16264    31
16265    31
16266    3
16267    31
16268    31
16269    31
16270    31
16271    31
16272    31
16273    31
16274    31
16275    31
16276    31
16277    31
16278    31
16279    31
16280    31
16281    31
16282    31
16283    3
16284    3
16285    31
16286    31
16287    31
16288    31
16289    31
16290    31
16291    31
16292    31
16293    31
16294    31
16295    3
16296    3
16297    3
16298    3
16299    3
16300    3
16301    3
16302    3
16303    3
16304    3
16305    3
16306    3
16307    3
16308    3
16309    3
16310    31
16311    3
16312    31
16313    3
16314    3
16315    3
16316    31
16317    31
16318    31
16319    31
16320    31
16321    3
16322    3
16323    3
16324    3
16325    3
16326    3
16327    3
16328    3
16329    3
16330    3
16331    3
16332    3
16333    3
16334    27
16335    27
16336    27
16337    27
16338    27
16339    27
16340    27
16341    27
16342    27
16343    27
16344    27
16345    27
16346    27
16347    27
16348    27
16349    27
16350    27
16351    27
16352    27
16353    27
16354    27
16355    27
16356    27
16357    27
16358    3
16359    3
16360    27
16361    27
16362    3
16363    3
16364    3
16365    31
16366    31
16367    31
16368    31
16369    31
16370    31
16371    28
16372    31
16373    31
16374    31
16375    31
16376    31
16377    31
16378    31
16379    31
16380    31
16381    31
16382    31
16383    31
16384    31
16385    31
16386    31
16387    31
16388    31
16389    3
16390    3
16391    31
16392    31
16393    31
16394    31
16395    31
16396    31
16397    31
16398    31
16399    3
16400    3
16401    31
16402    3
16403    3
16404    3
16405    31
16406    31
16407    31
16408    31
16409    31
16410    31
16411    3
16412    31
16413    31
16414    31
16415    31
16416    31
16417    31
16418    3
16419    3
16420    31
16421    31
16422    3
16423    3
16424    3
16425    3
16426    3
16427    3
16428    31
16429    31
16430    31
16431    31
16432    31
16433    31
16434    3
16435    31
16436    3
16437    3
16438    3
16439    3
16440    3
16441    3
16442    3
16443    3
16444    3
16445    3
16446    3
16447    3
16448    3
16449    3
16450    3
16451    3
16452    3
16453    3
16454    3
16455    3
16456    3
16457    3
16458    3
16459    3
16460    3
16461    31
16462    3
16463    3
16464    3
16465    3
16466    3
16467    3
16468    3
16469    3
16470    3
16471    3
16472    3
16473    3
16474    3
16475    27
16476    27
16477    27
16478    27
16479    27
16480    27
16481    27
16482    27
16483    27
16484    27
16485    27
16486    27
16487    27
16488    27
16489    27
16490    27
16491    27
16492    27
16493    27
16494    27
16495    27
16496    27
16497    27
16498    27
16499    27
16500    3
16501    3
16502    3
16503    3
16504    3
16505    3
16506    3
16507    3
16508    31
16509    31
16510    31
16511    31
16512    31
16513    31
16514    31
16515    31
16516    31
16517    31
16518    31
16519    31
16520    31
16521    31
16522    31
16523    31
16524    3
16525    3
16526    3
16527    3
16528    3
16529    3
16530    3
16531    31
16532    3
16533    3
16534    31
16535    3
16536    3
16537    3
16538    3
16539    3
16540    3
16541    3
16542    3
16543    3
16544    31
16545    3
16546    31
16547    3
16548    3
16549    3
16550    31
16551    3
16552    31
16553    3
16554    3
16555    3
16556    3
16557    3
16558    3
16559    3
16560    3
16561    3
16562    3
16563    3
16564    3
16565    3
16566    3
16567    31
16568    31
16569    31
16570    31
16571    31
16572    3
16573    3
16574    31
16575    3
16576    3
16577    3
16578    3
16579    3
16580    3
16581    3
16582    3
16583    3
16584    3
16585    3
16586    3
16587    3
16588    3
16589    3
16590    3
16591    3
16592    3
16593    3
16594    3
16595    3
16596    3
16597    3
16598    3
16599    3
16600    3
16601    3
16602    3
16603    3
16604    27
16605    27
16606    27
16607    27
16608    27
16609    27
16610    27
16611    27
16612    27
16613    27
16614    27
16615    27
16616    27
16617    45
16618    27
16619    27
16620    27
16621    27
16622    27
16623    27
16624    27
16625    27
16626    27
16627    27
16628    45
16629    27
16630    45
16631    27
16632    27
16633    27
16634    27
16635    27
16636    27
16637    27
16638    27
16639    27
16640    3
16641    3
16642    3
16643    3
16644    3
16645    3
16646    3
16647    3
16648    3
16649    3
16650    31
16651    31
16652    31
16653    31
16654    31
16655    31
16656    31
16657    31
16658    31
16659    31
16660    31
16661    3
16662    3
16663    31
16664    3
16665    3
16666    3
16667    3
16668    3
16669    3
16670    3
16671    3
16672    3
16673    3
16674    3
16675    3
16676    3
16677    3
16678    3
16679    3
16680    3
16681    3
16682    3
16683    3
16684    3
16685    3
16686    3
16687    3
16688    3
16689    3
16690    3
16691    3
16692    3
16693    3
16694    3
16695    3
16696    3
16697    3
16698    3
16699    3
16700    3
16701    3
16702    3
16703    3
16704    3
16705    3
16706    3
16707    3
16708    3
16709    3
16710    3
16711    3
16712    3
16713    3
16714    3
16715    3
16716    3
16717    3
16718    3
16719    3
16720    27
16721    27
16722    27
16723    27
16724    27
16725    27
16726    27
16727    27
16728    27
16729    27
16730    27
16731    27
16732    27
16733    27
16734    27
16735    27
16736    27
16737    27
16738    27
16739    27
16740    45
16741    45
16742    45
16743    45
16744    45
16745    45
16746    27
16747    45
16748    45
16749    45
16750    45
16751    45
16752    45
16753    45
16754    45
16755    3
16756    3
16757    3
16758    3
16759    3
16760    3
16761    3
16762    3
16763    3
16764    3
16765    3
16766    27
16767    3
16768    3
16769    3
16770    3
16771    3
16772    3
16773    3
16774    3
16775    3
16776    3
16777    3
16778    3
16779    3
16780    31
16781    3
16782    31
16783    31
16784    31
16785    31
16786    3
16787    3
16788    3
16789    3
16790    3
16791    3
16792    3
16793    3
16794    3
16795    3
16796    3
16797    3
16798    3
16799    3
16800    3
16801    3
16802    3
16803    3
16804    3
16805    3
16806    3
16807    3
16808    3
16809    3
16810    3
16811    3
16812    3
16813    3
16814    3
16815    3
16816    3
16817    3
16818    3
16819    3
16820    3
16821    3
16822    3
16823    3
16824    3
16825    3
16826    3
16827    3
16828    3
16829    3
16830    3
16831    3
16832    3
16833    27
16834    27
16835    27
16836    27
16837    27
16838    27
16839    27
16840    27
16841    27
16842    27
16843    27
16844    27
16845    27
16846    27
16847    27
16848    27
16849    27
16850    27
16851    45
16852    27
16853    27
16854    27
16855    27
16856    45
16857    45
16858    45
16859    45
16860    27
16861    27
16862    27
16863    45
16864    45
16865    45
16866    45
16867    45
16868    45
16869    45
16870    45
16871    45
16872    45
16873    45
16874    45
16875    45
16876    45
16877    3
16878    45
16879    3
16880    3
16881    3
16882    3
16883    3
16884    3
16885    3
16886    3
16887    3
16888    3
16889    3
16890    3
16891    3
16892    3
16893    3
16894    3
16895    3
16896    3
16897    3
16898    31
16899    3
16900    3
16901    3
16902    3
16903    3
16904    3
16905    3
16906    3
16907    3
16908    3
16909    3
16910    3
16911    3
16912    3
16913    3
16914    3
16915    3
16916    3
16917    3
16918    3
16919    3
16920    3
16921    3
16922    3
16923    3
16924    3
16925    3
16926    3
16927    3
16928    3
16929    3
16930    3
16931    3
16932    3
16933    3
16934    3
16935    3
16936    3
16937    3
16938    3
16939    3
16940    3
16941    3
16942    3
16943    3
16944    3
16945    27
16946    27
16947    27
16948    27
16949    27
16950    27
16951    27
16952    27
16953    27
16954    27
16955    27
16956    27
16957    27
16958    27
16959    45
16960    45
16961    45
16962    45
16963    45
16964    45
16965    45
16966    45
16967    27
16968    45
16969    45
16970    45
16971    45
16972    45
16973    45
16974    45
16975    27
16976    45
16977    45
16978    45
16979    45
16980    45
16981    45
16982    45
16983    45
16984    45
16985    45
16986    45
16987    45
16988    45
16989    45
16990    45
16991    45
16992    45
16993    45
16994    45
16995    45
16996    3
16997    3
16998    3
16999    3
17000    3
17001    3
17002    3
17003    3
17004    3
17005    3
17006    3
17007    3
17008    3
17009    3
17010    3
17011    3
17012    3
17013    3
17014    3
17015    3
17016    3
17017    3
17018    3
17019    3
17020    3
17021    3
17022    3
17023    3
17024    3
17025    3
17026    3
17027    3
17028    3
17029    3
17030    3
17031    3
17032    3
17033    3
17034    3
17035    3
17036    3
17037    3
17038    3
17039    3
17040    3
17041    3
17042    3
17043    3
17044    3
17045    3
17046    3
17047    3
17048    3
17049    3
17050    3
17051    3
17052    3
17053    27
17054    27
17055    27
17056    27
17057    27
17058    27
17059    27
17060    27
17061    27
17062    27
17063    27
17064    27
17065    27
17066    27
17067    27
17068    45
17069    45
17070    45
17071    45
17072    45
17073    45
17074    45
17075    45
17076    45
17077    45
17078    45
17079    45
17080    45
17081    45
17082    45
17083    45
17084    45
17085    45
17086    45
17087    45
17088    45
17089    45
17090    45
17091    3
17092    45
17093    45
17094    45
17095    45
17096    45
17097    45
17098    45
17099    45
17100    45
17101    3
17102    3
17103    3
17104    3
17105    3
17106    3
17107    3
17108    3
17109    3
17110    3
17111    3
17112    3
17113    3
17114    3
17115    3
17116    3
17117    3
17118    3
17119    3
17120    3
17121    3
17122    3
17123    3
17124    3
17125    3
17126    3
17127    3
17128    3
17129    3
17130    3
17131    3
17132    3
17133    3
17134    3
17135    3
17136    3
17137    3
17138    3
17139    3
17140    3
17141    3
17142    3
17143    3
17144    3
17145    3
17146    3
17147    3
17148    3
17149    3
17150    3
17151    27
17152    27
17153    27
17154    27
17155    27
17156    27
17157    27
17158    27
17159    27
17160    27
17161    27
17162    27
17163    27
17164    27
17165    27
17166    27
17167    27
17168    27
17169    27
17170    45
17171    45
17172    45
17173    45
17174    45
17175    45
17176    45
17177    45
17178    45
17179    45
17180    45
17181    45
17182    45
17183    45
17184    45
17185    45
17186    3
17187    3
17188    3
17189    3
17190    3
17191    3
17192    3
17193    45
17194    3
17195    45
17196    3
17197    3
17198    3
17199    3
17200    3
17201    3
17202    3
17203    3
17204    3
17205    3
17206    3
17207    3
17208    3
17209    3
17210    3
17211    3
17212    3
17213    3
17214    3
17215    3
17216    3
17217    3
17218    3
17219    3
17220    3
17221    3
17222    3
17223    3
17224    3
17225    3
17226    3
17227    3
17228    3
17229    3
17230    3
17231    3
17232    3
17233    3
17234    3
17235    3
17236    3
17237    3
17238    3
17239    3
17240    3
17241    3
17242    3
17243    27
17244    27
17245    27
17246    27
17247    27
17248    27
17249    27
17250    27
17251    27
17252    27
17253    27
17254    27
17255    27
17256    27
17257    45
17258    45
17259    27
17260    27
17261    45
17262    45
17263    45
17264    45
17265    45
17266    45
17267    45
17268    45
17269    45
17270    45
17271    45
17272    45
17273    45
17274    45
17275    45
17276    45
17277    45
17278    45
17279    45
17280    45
17281    3
17282    3
17283    3
17284    3
17285    3
17286    3
17287    3
17288    3
17289    3
17290    3
17291    3
17292    3
17293    3
17294    3
17295    3
17296    3
17297    3
17298    3
17299    3
17300    3
17301    3
17302    3
17303    3
17304    3
17305    3
17306    3
17307    3
17308    3
17309    3
17310    3
17311    3
17312    3
17313    3
17314    3
17315    3
17316    3
17317    3
17318    3
17319    3
17320    3
17321    3
17322    3
17323    3
17324    3
17325    3
17326    3
17327    3
17328    3
17329    3
17330    3
17331    3
17332    3
17333    3
17334    3
17335    3
17336    3
17337    3
17338    3
17339    3
17340    3
17341    3
17342    3
17343    3
17344    3
17345    3
17346    3
17347    27
17348    27
17349    27
17350    27
17351    27
17352    27
17353    27
17354    27
17355    27
17356    27
17357    27
17358    27
17359    27
17360    27
17361    27
17362    27
17363    27
17364    27
17365    27
17366    27
17367    27
17368    27
17369    27
17370    45
17371    45
17372    45
17373    27
17374    45
17375    45
17376    45
17377    45
17378    45
17379    45
17380    45
17381    45
17382    45
17383    45
17384    45
17385    45
17386    45
17387    45
17388    45
17389    45
17390    45
17391    3
17392    3
17393    3
17394    3
17395    3
17396    3
17397    3
17398    3
17399    3
17400    3
17401    3
17402    3
17403    45
17404    45
17405    45
17406    45
17407    3
17408    3
17409    3
17410    3
17411    3
17412    3
17413    3
17414    3
17415    3
17416    3
17417    45
17418    45
17419    3
17420    3
17421    3
17422    3
17423    3
17424    3
17425    3
17426    3
17427    3
17428    3
17429    3
17430    3
17431    3
17432    3
17433    3
17434    3
17435    3
17436    45
17437    3
17438    3
17439    3
17440    3
17441    3
17442    3
17443    3
17444    3
17445    3
17446    3
17447    3
17448    3
17449    3
17450    3
17451    3
17452    3
17453    3
17454    3
17455    3
17456    3
17457    3
17458    3
17459    3
17460    3
17461    3
17462    3
17463    3
17464    3
17465    3
17466    3
17467    3
17468    3
17469    3
17470    3
17471    3
17472    3
17473    3
17474    3
17475    3
17476    3
17477    3
17478    3
17479    3
17480    3
17481    3
17482    27
17483    27
17484    27
17485    27
17486    27
17487    27
17488    27
17489    27
17490    27
17491    27
17492    27
17493    27
17494    27
17495    27
17496    27
17497    27
17498    27
17499    27
17500    27
17501    27
17502    27
17503    27
17504    27
17505    27
17506    27
17507    27
17508    27
17509    45
17510    27
17511    45
17512    45
17513    45
17514    45
17515    45
17516    45
17517    45
17518    45
17519    45
17520    45
17521    45
17522    45
17523    45
17524    45
17525    45
17526    45
17527    45
17528    45
17529    45
17530    45
17531    45
17532    45
17533    3
17534    3
17535    3
17536    3
17537    3
17538    45
17539    45
17540    45
17541    45
17542    45
17543    45
17544    45
17545    45
17546    45
17547    45
17548    45
17549    45
17550    45
17551    45
17552    45
17553    45
17554    45
17555    45
17556    3
17557    3
17558    45
17559    3
17560    45
17561    3
17562    3
17563    45
17564    3
17565    3
17566    3
17567    3
17568    45
17569    45
17570    45
17571    45
17572    45
17573    45
17574    3
17575    3
17576    3
17577    45
17578    45
17579    45
17580    3
17581    3
17582    3
17583    3
17584    3
17585    3
17586    3
17587    3
17588    3
17589    3
17590    3
17591    3
17592    45
17593    45
17594    45
17595    45
17596    45
17597    45
17598    45
17599    3
17600    3
17601    3
17602    45
17603    45
17604    3
17605    45
17606    45
17607    45
17608    45
17609    45
17610    45
17611    45
17612    45
17613    45
17614    3
17615    3
17616    3
17617    3
17618    3
17619    3
17620    3
17621    3
17622    3
17623    3
17624    3
17625    3
17626    3
17627    3
17628    3
17629    3
17630    3
17631    3
17632    3
17633    3
17634    3
17635    45
17636    3
17637    3
17638    3
17639    27
17640    27
17641    27
17642    27
17643    27
17644    27
17645    27
17646    27
17647    27
17648    27
17649    27
17650    27
17651    27
17652    27
17653    27
17654    27
17655    27
17656    27
17657    27
17658    27
17659    27
17660    27
17661    27
17662    27
17663    27
17664    27
17665    27
17666    27
17667    27
17668    45
17669    45
17670    45
17671    45
17672    45
17673    45
17674    45
17675    45
17676    45
17677    45
17678    45
17679    45
17680    45
17681    45
17682    45
17683    45
17684    45
17685    45
17686    45
17687    45
17688    45
17689    45
17690    45
17691    45
17692    45
17693    45
17694    45
17695    45
17696    45
17697    45
17698    45
17699    45
17700    45
17701    45
17702    45
17703    45
17704    45
17705    45
17706    45
17707    45
17708    45
17709    45
17710    45
17711    3
17712    45
17713    45
17714    45
17715    45
17716    45
17717    45
17718    3
17719    3
17720    3
17721    3
17722    45
17723    45
17724    45
17725    45
17726    45
17727    45
17728    45
17729    45
17730    45
17731    45
17732    45
17733    45
17734    45
17735    45
17736    45
17737    45
17738    45
17739    45
17740    45
17741    45
17742    45
17743    45
17744    45
17745    45
17746    45
17747    45
17748    45
17749    3
17750    45
17751    45
17752    45
17753    45
17754    45
17755    3
17756    3
17757    3
17758    45
17759    45
17760    3
17761    45
17762    45
17763    3
17764    45
17765    45
17766    3
17767    3
17768    45
17769    45
17770    45
17771    45
17772    45
17773    45
17774    45
17775    45
17776    45
17777    45
17778    27
17779    27
17780    27
17781    27
17782    27
17783    27
17784    27
17785    27
17786    27
17787    27
17788    27
17789    27
17790    27
17791    27
17792    27
17793    27
17794    27
17795    27
17796    27
17797    27
17798    27
17799    27
17800    27
17801    27
17802    45
17803    27
17804    45
17805    45
17806    45
17807    45
17808    45
17809    45
17810    45
17811    45
17812    45
17813    45
17814    45
17815    45
17816    45
17817    45
17818    45
17819    45
17820    45
17821    45
17822    45
17823    45
17824    45
17825    45
17826    45
17827    45
17828    45
17829    45
17830    45
17831    45
17832    45
17833    45
17834    45
17835    45
17836    45
17837    45
17838    45
17839    45
17840    45
17841    45
17842    45
17843    45
17844    45
17845    45
17846    45
17847    45
17848    45
17849    45
17850    45
17851    45
17852    45
17853    45
17854    45
17855    45
17856    45
17857    45
17858    45
17859    45
17860    45
17861    45
17862    45
17863    45
17864    45
17865    45
17866    45
17867    45
17868    45
17869    45
17870    45
17871    45
17872    45
17873    45
17874    45
17875    45
17876    45
17877    45
17878    45
17879    45
17880    45
17881    45
17882    27
17883    27
17884    27
17885    27
17886    27
17887    27
17888    27
17889    27
17890    27
17891    27
17892    27
17893    27
17894    27
17895    27
17896    27
17897    27
17898    27
17899    27
17900    27
17901    27
17902    27
17903    27
17904    27
17905    45
17906    45
17907    45
17908    45
17909    45
17910    45
17911    45
17912    45
17913    45
17914    45
17915    45
17916    45
17917    45
17918    45
17919    45
17920    45
17921    45
17922    45
17923    45
17924    45
17925    45
17926    45
17927    45
17928    45
17929    45
17930    45
17931    45
17932    45
17933    45
17934    45
17935    45
17936    45
17937    45
17938    45
17939    45
17940    45
17941    45
17942    45
17943    45
17944    45
17945    45
17946    45
17947    45
17948    45
17949    45
17950    45
17951    45
17952    45
17953    45
17954    45
17955    45
17956    45
17957    45
17958    45
17959    45
17960    45
17961    27
17962    27
17963    27
17964    27
17965    27
17966    27
17967    27
17968    27
17969    27
17970    27
17971    27
17972    27
17973    27
17974    27
17975    27
17976    27
17977    27
17978    27
17979    27
17980    27
17981    27
17982    27
17983    45
17984    27
17985    27
17986    27
17987    27
17988    45
17989    45
17990    45
17991    45
17992    45
17993    45
17994    45
17995    45
17996    45
17997    45
17998    45
17999    45
18000    45
18001    45
18002    45
18003    45
18004    45
18005    45
18006    45
18007    45
18008    45
18009    45
18010    45
18011    45
18012    45
18013    45
18014    45
18015    45
18016    45
18017    45
18018    45
18019    45
18020    45
18021    45
18022    45
18023    45
18024    45
18025    45
18026    45
18027    45
18028    45
18029    45
18030    45
18031    45
18032    45
18033    45
18034    45
18035    45
18036    45
18037    45
18038    27
18039    27
18040    27
18041    27
18042    27
18043    27
18044    27
18045    27
18046    27
18047    27
18048    27
18049    27
18050    27
18051    27
18052    27
18053    27
18054    27
18055    27
18056    27
18057    27
18058    27
18059    27
18060    27
18061    45
18062    45
18063    27
18064    45
18065    45
18066    45
18067    45
18068    45
18069    45
18070    45
18071    45
18072    45
18073    45
18074    45
18075    45
18076    45
18077    45
18078    45
18079    45
18080    45
18081    45
18082    45
18083    45
18084    45
18085    45
18086    45
18087    45
18088    45
18089    45
18090    45
18091    45
18092    45
18093    45
18094    45
18095    45
18096    45
18097    45
18098    45
18099    45
18100    45
18101    45
18102    45
18103    45
18104    45
18105    45
18106    45
18107    45
18108    45
18109    45
18110    45
18111    45
18112    45
18113    45
18114    45
18115    45
18116    45
18117    45
18118    27
18119    27
18120    27
18121    27
18122    27
18123    27
18124    27
18125    27
18126    27
18127    27
18128    27
18129    27
18130    27
18131    27
18132    27
18133    27
18134    27
18135    27
18136    22
18137    22
18138    27
18139    22
18140    45
18141    45
18142    45
18143    45
18144    27
18145    27
18146    27
18147    45
18148    45
18149    45
18150    45
18151    45
18152    45
18153    45
18154    45
18155    45
18156    45
18157    45
18158    45
18159    45
18160    45
18161    45
18162    45
18163    45
18164    45
18165    45
18166    45
18167    45
18168    45
18169    45
18170    45
18171    45
18172    45
18173    45
18174    45
18175    45
18176    45
18177    45
18178    45
18179    45
18180    45
18181    45
18182    45
18183    45
18184    45
18185    45
18186    45
18187    45
18188    45
18189    45
18190    45
18191    45
18192    45
18193    45
18194    45
18195    45
18196    45
18197    45
18198    45
18199    27
18200    27
18201    27
18202    27
18203    27
18204    27
18205    27
18206    27
18207    27
18208    27
18209    27
18210    27
18211    27
18212    27
18213    27
18214    27
18215    22
18216    27
18217    22
18218    22
18219    22
18220    27
18221    22
18222    22
18223    45
18224    45
18225    45
18226    45
18227    45
18228    45
18229    45
18230    45
18231    45
18232    45
18233    45
18234    45
18235    45
18236    45
18237    45
18238    45
18239    45
18240    45
18241    45
18242    45
18243    45
18244    45
18245    45
18246    45
18247    45
18248    45
18249    45
18250    45
18251    45
18252    45
18253    45
18254    45
18255    45
18256    45
18257    45
18258    45
18259    45
18260    45
18261    45
18262    45
18263    45
18264    45
18265    45
18266    45
18267    45
18268    45
18269    45
18270    45
18271    45
18272    45
18273    45
18274    45
18275    45
18276    45
18277    45
18278    45
18279    45
18280    27
18281    27
18282    27
18283    27
18284    27
18285    27
18286    27
18287    27
18288    27
18289    27
18290    27
18291    27
18292    27
18293    27
18294    27
18295    27
18296    27
18297    27
18298    22
18299    22
18300    22
18301    22
18302    22
18303    22
18304    22
18305    22
18306    22
18307    22
18308    22
18309    45
18310    45
18311    45
18312    45
18313    45
18314    45
18315    45
18316    45
18317    45
18318    45
18319    45
18320    45
18321    45
18322    45
18323    45
18324    45
18325    45
18326    45
18327    45
18328    45
18329    45
18330    45
18331    45
18332    45
18333    45
18334    45
18335    45
18336    45
18337    45
18338    45
18339    45
18340    45
18341    45
18342    45
18343    45
18344    45
18345    45
18346    45
18347    45
18348    45
18349    45
18350    45
18351    45
18352    45
18353    45
18354    45
18355    45
18356    45
18357    45
18358    45
18359    45
18360    45
18361    45
18362    45
18363    45
18364    27
18365    27
18366    27
18367    27
18368    27
18369    27
18370    27
18371    27
18372    27
18373    27
18374    27
18375    27
18376    27
18377    27
18378    27
18379    27
18380    27
18381    27
18382    27
18383    22
18384    27
18385    27
18386    27
18387    27
18388    22
18389    22
18390    22
18391    22
18392    22
18393    22
18394    22
18395    22
18396    22
18397    22
18398    22
18399    22
18400    22
18401    45
18402    45
18403    45
18404    45
18405    45
18406    45
18407    45
18408    45
18409    45
18410    45
18411    45
18412    45
18413    45
18414    45
18415    45
18416    45
18417    45
18418    45
18419    45
18420    45
18421    45
18422    45
18423    45
18424    45
18425    45
18426    45
18427    45
18428    45
18429    45
18430    45
18431    45
18432    45
18433    45
18434    45
18435    45
18436    45
18437    45
18438    45
18439    45
18440    45
18441    45
18442    45
18443    45
18444    45
18445    45
18446    45
18447    45
18448    45
18449    45
18450    45
18451    45
18452    45
18453    45
18454    45
18455    45
18456    45
18457    45
18458    45
18459    45
18460    45
18461    45
18462    45
18463    45
18464    45
18465    45
18466    45
18467    27
18468    27
18469    27
18470    27
18471    27
18472    27
18473    27
18474    27
18475    27
18476    27
18477    27
18478    27
18479    27
18480    27
18481    27
18482    27
18483    27
18484    27
18485    27
18486    27
18487    27
18488    27
18489    22
18490    22
18491    22
18492    22
18493    22
18494    22
18495    22
18496    22
18497    22
18498    22
18499    22
18500    22
18501    22
18502    22
18503    22
18504    22
18505    45
18506    45
18507    45
18508    45
18509    45
18510    45
18511    45
18512    22
18513    22
18514    45
18515    45
18516    45
18517    45
18518    45
18519    45
18520    45
18521    45
18522    45
18523    45
18524    45
18525    45
18526    45
18527    45
18528    45
18529    45
18530    45
18531    45
18532    45
18533    45
18534    45
18535    45
18536    45
18537    45
18538    45
18539    45
18540    45
18541    45
18542    45
18543    45
18544    45
18545    45
18546    45
18547    45
18548    45
18549    45
18550    45
18551    45
18552    45
18553    45
18554    45
18555    45
18556    45
18557    45
18558    45
18559    45
18560    45
18561    45
18562    45
18563    22
18564    22
18565    45
18566    45
18567    45
18568    45
18569    22
18570    22
18571    22
18572    22
18573    22
18574    22
18575    22
18576    22
18577    22
18578    45
18579    45
18580    45
18581    45
18582    45
18583    45
18584    45
18585    45
18586    45
18587    45
18588    27
18589    27
18590    27
18591    27
18592    27
18593    27
18594    27
18595    27
18596    27
18597    27
18598    27
18599    27
18600    27
18601    27
18602    27
18603    27
18604    27
18605    27
18606    27
18607    27
18608    27
18609    27
18610    27
18611    27
18612    22
18613    22
18614    22
18615    22
18616    22
18617    22
18618    22
18619    22
18620    22
18621    22
18622    22
18623    22
18624    22
18625    22
18626    22
18627    22
18628    22
18629    22
18630    22
18631    22
18632    22
18633    22
18634    45
18635    22
18636    22
18637    22
18638    45
18639    22
18640    22
18641    45
18642    22
18643    22
18644    22
18645    22
18646    22
18647    45
18648    22
18649    22
18650    45
18651    45
18652    45
18653    45
18654    45
18655    45
18656    45
18657    45
18658    45
18659    45
18660    45
18661    45
18662    45
18663    45
18664    45
18665    45
18666    45
18667    45
18668    45
18669    45
18670    22
18671    22
18672    45
18673    22
18674    22
18675    22
18676    22
18677    22
18678    22
18679    22
18680    22
18681    22
18682    45
18683    22
18684    22
18685    22
18686    22
18687    45
18688    45
18689    22
18690    22
18691    22
18692    22
18693    22
18694    22
18695    22
18696    22
18697    22
18698    22
18699    22
18700    22
18701    22
18702    22
18703    22
18704    22
18705    22
18706    22
18707    22
18708    22
18709    45
18710    22
18711    22
18712    22
18713    22
18714    22
18715    45
18716    45
18717    45
18718    45
18719    45
18720    45
18721    27
18722    27
18723    27
18724    27
18725    27
18726    27
18727    27
18728    27
18729    27
18730    27
18731    27
18732    27
18733    27
18734    27
18735    27
18736    27
18737    27
18738    27
18739    27
18740    27
18741    27
18742    27
18743    27
18744    27
18745    27
18746    27
18747    27
18748    27
18749    22
18750    22
18751    22
18752    22
18753    22
18754    22
18755    22
18756    22
18757    22
18758    22
18759    22
18760    22
18761    22
18762    22
18763    22
18764    22
18765    22
18766    22
18767    22
18768    22
18769    22
18770    22
18771    22
18772    22
18773    22
18774    22
18775    22
18776    22
18777    22
18778    22
18779    45
18780    22
18781    45
18782    45
18783    45
18784    45
18785    45
18786    45
18787    45
18788    45
18789    45
18790    45
18791    45
18792    45
18793    45
18794    45
18795    45
18796    45
18797    45
18798    45
18799    45
18800    45
18801    45
18802    45
18803    22
18804    22
18805    22
18806    22
18807    22
18808    22
18809    22
18810    22
18811    22
18812    22
18813    22
18814    22
18815    22
18816    22
18817    22
18818    22
18819    22
18820    22
18821    22
18822    22
18823    22
18824    22
18825    22
18826    22
18827    22
18828    22
18829    22
18830    22
18831    22
18832    22
18833    22
18834    22
18835    22
18836    22
18837    22
18838    45
18839    45
18840    45
18841    45
18842    22
18843    22
18844    27
18845    27
18846    27
18847    27
18848    27
18849    27
18850    27
18851    27
18852    27
18853    27
18854    27
18855    27
18856    27
18857    27
18858    27
18859    27
18860    27
18861    27
18862    27
18863    27
18864    27
18865    27
18866    27
18867    27
18868    27
18869    27
18870    27
18871    27
18872    27
18873    27
18874    27
18875    22
18876    22
18877    22
18878    22
18879    22
18880    22
18881    22
18882    22
18883    22
18884    22
18885    22
18886    22
18887    22
18888    22
18889    22
18890    22
18891    22
18892    22
18893    22
18894    22
18895    22
18896    45
18897    22
18898    22
18899    22
18900    22
18901    45
18902    45
18903    22
18904    45
18905    22
18906    22
18907    22
18908    22
18909    45
18910    45
18911    45
18912    45
18913    45
18914    45
18915    45
18916    45
18917    22
18918    22
18919    22
18920    22
18921    22
18922    22
18923    22
18924    22
18925    22
18926    22
18927    22
18928    22
18929    22
18930    22
18931    22
18932    22
18933    22
18934    22
18935    22
18936    22
18937    22
18938    22
18939    22
18940    22
18941    22
18942    22
18943    22
18944    22
18945    22
18946    22
18947    22
18948    22
18949    22
18950    22
18951    22
18952    27
18953    27
18954    27
18955    27
18956    27
18957    27
18958    27
18959    27
18960    27
18961    27
18962    27
18963    27
18964    27
18965    27
18966    27
18967    27
18968    27
18969    27
18970    27
18971    27
18972    27
18973    27
18974    27
18975    27
18976    27
18977    27
18978    27
18979    27
18980    27
18981    27
18982    22
18983    22
18984    22
18985    22
18986    27
18987    22
18988    22
18989    22
18990    22
18991    22
18992    22
18993    22
18994    22
18995    22
18996    22
18997    22
18998    22
18999    22
19000    22
19001    22
19002    22
19003    22
19004    22
19005    22
19006    45
19007    22
19008    22
19009    22
19010    22
19011    22
19012    22
19013    22
19014    22
19015    22
19016    22
19017    22
19018    22
19019    22
19020    22
19021    22
19022    22
19023    22
19024    22
19025    22
19026    22
19027    22
19028    22
19029    22
19030    22
19031    22
19032    22
19033    22
19034    22
19035    22
19036    22
19037    22
19038    22
19039    22
19040    22
19041    22
19042    22
19043    22
19044    22
19045    22
19046    27
19047    27
19048    27
19049    27
19050    27
19051    27
19052    27
19053    27
19054    27
19055    27
19056    27
19057    27
19058    27
19059    27
19060    27
19061    27
19062    27
19063    27
19064    27
19065    27
19066    27
19067    27
19068    27
19069    27
19070    22
19071    22
19072    22
19073    22
19074    22
19075    22
19076    27
19077    22
19078    22
19079    22
19080    22
19081    22
19082    22
19083    22
19084    22
19085    22
19086    22
19087    22
19088    22
19089    22
19090    22
19091    22
19092    22
19093    22
19094    22
19095    22
19096    22
19097    22
19098    22
19099    22
19100    22
19101    22
19102    22
19103    22
19104    22
19105    22
19106    22
19107    22
19108    22
19109    22
19110    22
19111    22
19112    22
19113    22
19114    22
19115    22
19116    22
19117    22
19118    22
19119    22
19120    22
19121    22
19122    22
19123    22
19124    22
19125    22
19126    22
19127    22
19128    22
19129    22
19130    22
19131    22
19132    22
19133    22
19134    22
19135    22
19136    22
19137    27
19138    27
19139    27
19140    27
19141    27
19142    27
19143    27
19144    27
19145    27
19146    27
19147    27
19148    27
19149    27
19150    27
19151    27
19152    27
19153    27
19154    27
19155    27
19156    27
19157    27
19158    27
19159    27
19160    27
19161    27
19162    27
19163    27
19164    22
19165    22
19166    22
19167    22
19168    22
19169    22
19170    22
19171    22
19172    22
19173    22
19174    22
19175    22
19176    22
19177    22
19178    22
19179    22
19180    22
19181    22
19182    22
19183    22
19184    22
19185    22
19186    22
19187    22
19188    22
19189    22
19190    22
19191    22
19192    22
19193    22
19194    22
19195    22
19196    22
19197    22
19198    22
19199    22
19200    22
19201    22
19202    22
19203    22
19204    22
19205    22
19206    22
19207    22
19208    22
19209    22
19210    22
19211    22
19212    22
19213    22
19214    22
19215    22
19216    22
19217    22
19218    22
19219    22
19220    22
19221    27
19222    27
19223    27
19224    27
19225    27
19226    27
19227    27
19228    27
19229    27
19230    27
19231    27
19232    27
19233    27
19234    27
19235    27
19236    27
19237    27
19238    27
19239    27
19240    27
19241    27
19242    27
19243    27
19244    27
19245    27
19246    27
19247    27
19248    27
19249    27
19250    27
19251    22
19252    27
19253    22
19254    22
19255    22
19256    22
19257    22
19258    22
19259    22
19260    22
19261    22
19262    22
19263    22
19264    22
19265    22
19266    22
19267    22
19268    22
19269    22
19270    22
19271    22
19272    22
19273    22
19274    22
19275    22
19276    22
19277    22
19278    22
19279    22
19280    22
19281    22
19282    22
19283    22
19284    22
19285    22
19286    22
19287    22
19288    22
19289    22
19290    22
19291    22
19292    22
19293    22
19294    22
19295    22
19296    22
19297    22
19298    22
19299    22
19300    22
19301    22
19302    22
19303    22
19304    22
19305    27
19306    27
19307    27
19308    27
19309    27
19310    27
19311    27
19312    27
19313    27
19314    27
19315    27
19316    27
19317    27
19318    27
19319    27
19320    27
19321    27
19322    27
19323    27
19324    27
19325    27
19326    27
19327    27
19328    27
19329    27
19330    27
19331    22
19332    27
19333    22
19334    27
19335    22
19336    22
19337    22
19338    27
19339    27
19340    22
19341    22
19342    22
19343    22
19344    22
19345    22
19346    22
19347    22
19348    22
19349    22
19350    22
19351    22
19352    22
19353    22
19354    22
19355    22
19356    22
19357    22
19358    22
19359    22
19360    22
19361    22
19362    22
19363    22
19364    22
19365    22
19366    22
19367    22
19368    22
19369    22
19370    22
19371    22
19372    22
19373    22
19374    22
19375    22
19376    22
19377    22
19378    22
19379    22
19380    22
19381    22
19382    22
19383    22
19384    22
19385    22
19386    22
19387    22
19388    22
19389    22
19390    22
19391    22
19392    22
19393    27
19394    27
19395    27
19396    27
19397    27
19398    27
19399    27
19400    27
19401    27
19402    27
19403    27
19404    27
19405    27
19406    27
19407    27
19408    27
19409    27
19410    27
19411    27
19412    27
19413    27
19414    27
19415    27
19416    27
19417    27
19418    27
19419    27
19420    27
19421    27
19422    22
19423    22
19424    22
19425    22
19426    22
19427    22
19428    22
19429    22
19430    22
19431    22
19432    22
19433    22
19434    22
19435    22
19436    22
19437    22
19438    22
19439    22
19440    22
19441    22
19442    22
19443    22
19444    22
19445    22
19446    22
19447    22
19448    22
19449    22
19450    22
19451    22
19452    22
19453    22
19454    22
19455    22
19456    22
19457    22
19458    22
19459    22
19460    22
19461    22
19462    22
19463    22
19464    22
19465    22
19466    22
19467    22
19468    22
19469    22
19470    22
19471    22
19472    22
19473    22
19474    22
19475    22
19476    27
19477    27
19478    27
19479    27
19480    27
19481    27
19482    27
19483    27
19484    27
19485    27
19486    27
19487    27
19488    27
19489    27
19490    27
19491    27
19492    27
19493    27
19494    27
19495    27
19496    27
19497    27
19498    27
19499    27
19500    27
19501    27
19502    27
19503    22
19504    27
19505    27
19506    22
19507    22
19508    22
19509    22
19510    22
19511    22
19512    22
19513    22
19514    22
19515    22
19516    22
19517    22
19518    22
19519    22
19520    22
19521    22
19522    22
19523    22
19524    22
19525    22
19526    22
19527    22
19528    22
19529    22
19530    22
19531    22
19532    22
19533    22
19534    22
19535    22
19536    22
19537    22
19538    22
19539    22
19540    22
19541    22
19542    22
19543    22
19544    22
19545    22
19546    22
19547    22
19548    22
19549    22
19550    27
19551    27
19552    27
19553    27
19554    27
19555    27
19556    27
19557    27
19558    27
19559    27
19560    27
19561    27
19562    27
19563    27
19564    27
19565    27
19566    27
19567    27
19568    27
19569    27
19570    27
19571    27
19572    27
19573    27
19574    27
19575    27
19576    27
19577    27
19578    27
19579    27
19580    22
19581    27
19582    22
19583    22
19584    22
19585    22
19586    22
19587    22
19588    22
19589    22
19590    22
19591    22
19592    22
19593    22
19594    22
19595    22
19596    22
19597    22
19598    22
19599    22
19600    22
19601    22
19602    22
19603    22
19604    22
19605    22
19606    22
19607    22
19608    22
19609    22
19610    22
19611    22
19612    22
19613    22
19614    22
19615    22
19616    22
19617    22
19618    22
19619    22
19620    22
19621    22
19622    22
19623    22
19624    22
19625    27
19626    27
19627    27
19628    27
19629    27
19630    27
19631    27
19632    27
19633    27
19634    27
19635    27
19636    27
19637    27
19638    27
19639    27
19640    27
19641    27
19642    27
19643    27
19644    27
19645    27
19646    27
19647    27
19648    27
19649    27
19650    22
19651    27
19652    27
19653    27
19654    27
19655    27
19656    27
19657    22
19658    22
19659    22
19660    22
19661    22
19662    22
19663    22
19664    22
19665    22
19666    22
19667    22
19668    22
19669    22
19670    22
19671    22
19672    22
19673    22
19674    22
19675    22
19676    22
19677    22
19678    22
19679    22
19680    22
19681    22
19682    22
19683    22
19684    22
19685    22
19686    22
19687    22
19688    22
19689    22
19690    22
19691    22
19692    22
19693    22
19694    22
19695    22
19696    22
19697    27
19698    27
19699    27
19700    27
19701    27
19702    27
19703    27
19704    27
19705    27
19706    27
19707    27
19708    27
19709    27
19710    27
19711    27
19712    27
19713    27
19714    27
19715    27
19716    27
19717    27
19718    27
19719    27
19720    27
19721    27
19722    27
19723    27
19724    27
19725    27
19726    27
19727    27
19728    22
19729    22
19730    22
19731    22
19732    27
19733    27
19734    27
19735    27
19736    27
19737    22
19738    22
19739    22
19740    22
19741    22
19742    22
19743    22
19744    22
19745    22
19746    22
19747    22
19748    22
19749    22
19750    22
19751    22
19752    22
19753    22
19754    22
19755    22
19756    22
19757    22
19758    22
19759    22
19760    22
19761    22
19762    22
19763    22
19764    22
19765    22
19766    22
19767    22
19768    22
19769    22
19770    22
19771    22
19772    22
19773    27
19774    27
19775    27
19776    27
19777    27
19778    27
19779    27
19780    27
19781    27
19782    27
19783    27
19784    27
19785    27
19786    27
19787    27
19788    27
19789    27
19790    27
19791    27
19792    27
19793    27
19794    27
19795    27
19796    27
19797    27
19798    27
19799    27
19800    27
19801    27
19802    27
19803    27
19804    27
19805    27
19806    27
19807    27
19808    27
19809    27
19810    27
19811    22
19812    22
19813    22
19814    22
19815    22
19816    22
19817    22
19818    22
19819    22
19820    22
19821    22
19822    22
19823    22
19824    22
19825    22
19826    22
19827    22
19828    22
19829    22
19830    22
19831    22
19832    22
19833    22
19834    22
19835    22
19836    22
19837    22
19838    22
19839    22
19840    22
19841    22
19842    22
19843    22
19844    22
19845    22
19846    22
19847    22
19848    22
19849    22
19850    22
19851    22
19852    22
19853    22
19854    27
19855    27
19856    27
19857    27
19858    27
19859    27
19860    27
19861    27
19862    27
19863    27
19864    27
19865    27
19866    27
19867    27
19868    27
19869    27
19870    27
19871    27
19872    27
19873    27
19874    27
19875    27
19876    27
19877    27
19878    27
19879    27
19880    27
19881    27
19882    27
19883    27
19884    27
19885    27
19886    27
19887    27
19888    27
19889    27
19890    27
19891    27
19892    27
19893    27
19894    27
19895    27
19896    27
19897    27
19898    27
19899    27
19900    27
19901    22
19902    22
19903    22
19904    22
19905    22
19906    22
19907    22
19908    22
19909    22
19910    22
19911    22
19912    22
19913    22
19914    22
19915    22
19916    22
19917    22
19918    22
19919    22
19920    22
19921    22
19922    22
19923    22
19924    22
19925    22
19926    22
19927    22
19928    22
19929    22
19930    22
19931    22
19932    22
19933    22
19934    22
19935    22
19936    22
19937    22
19938    22
19939    27
19940    27
19941    27
19942    27
19943    27
19944    27
19945    27
19946    27
19947    27
19948    27
19949    27
19950    27
19951    27
19952    27
19953    27
19954    27
19955    27
19956    27
19957    27
19958    27
19959    27
19960    27
19961    27
19962    27
19963    27
19964    27
19965    27
19966    27
19967    27
19968    27
19969    21
19970    27
19971    27
19972    27
19973    27
19974    27
19975    22
19976    22
19977    22
19978    22
19979    27
19980    27
19981    27
19982    27
19983    27
19984    22
19985    22
19986    22
19987    22
19988    22
19989    22
19990    22
19991    22
19992    22
19993    22
19994    22
19995    22
19996    22
19997    22
19998    22
19999    22
20000    22
20001    22
20002    22
20003    22
20004    22
20005    22
20006    22
20007    22
20008    22
20009    22
20010    22
20011    22
20012    22
20013    22
20014    22
20015    22
20016    22
20017    22
20018    22
20019    22
20020    22
20021    22
20022    22
20023    22
20024    22
20025    22
20026    22
20027    22
20028    22
20029    22
20030    22
20031    22
20032    27
20033    27
20034    27
20035    27
20036    27
20037    27
20038    27
20039    27
20040    27
20041    27
20042    27
20043    27
20044    27
20045    27
20046    27
20047    27
20048    27
20049    27
20050    27
20051    27
20052    27
20053    27
20054    27
20055    27
20056    27
20057    27
20058    27
20059    27
20060    27
20061    27
20062    27
20063    27
20064    27
20065    27
20066    27
20067    27
20068    27
20069    21
20070    21
20071    21
20072    21
20073    21
20074    21
20075    22
20076    22
20077    22
20078    22
20079    22
20080    22
20081    22
20082    22
20083    22
20084    27
20085    27
20086    22
20087    22
20088    22
20089    22
20090    22
20091    22
20092    22
20093    22
20094    22
20095    22
20096    22
20097    22
20098    22
20099    22
20100    22
20101    22
20102    22
20103    22
20104    22
20105    22
20106    22
20107    22
20108    22
20109    22
20110    22
20111    22
20112    22
20113    22
20114    22
20115    22
20116    22
20117    22
20118    22
20119    22
20120    22
20121    22
20122    22
20123    22
20124    22
20125    22
20126    22
20127    22
20128    22
20129    22
20130    22
20131    22
20132    22
20133    22
20134    22
20135    27
20136    27
20137    27
20138    27
20139    27
20140    27
20141    27
20142    27
20143    27
20144    27
20145    27
20146    27
20147    27
20148    27
20149    27
20150    27
20151    27
20152    27
20153    27
20154    27
20155    27
20156    27
20157    27
20158    27
20159    27
20160    27
20161    27
20162    27
20163    27
20164    27
20165    27
20166    27
20167    27
20168    27
20169    27
20170    27
20171    27
20172    27
20173    27
20174    27
20175    27
20176    27
20177    27
20178    27
20179    27
20180    27
20181    27
20182    27
20183    21
20184    21
20185    27
20186    27
20187    27
20188    27
20189    27
20190    27
20191    21
20192    21
20193    21
20194    21
20195    21
20196    21
20197    21
20198    21
20199    21
20200    21
20201    21
20202    22
20203    22
20204    22
20205    22
20206    22
20207    22
20208    22
20209    22
20210    22
20211    22
20212    22
20213    22
20214    22
20215    22
20216    22
20217    22
20218    22
20219    22
20220    22
20221    22
20222    22
20223    22
20224    22
20225    22
20226    21
20227    21
20228    21
20229    22
20230    22
20231    22
20232    22
20233    22
20234    22
20235    22
20236    22
20237    22
20238    22
20239    22
20240    22
20241    22
20242    22
20243    22
20244    22
20245    22
20246    22
20247    22
20248    27
20249    27
20250    27
20251    27
20252    27
20253    27
20254    27
20255    27
20256    27
20257    27
20258    27
20259    27
20260    27
20261    27
20262    27
20263    27
20264    27
20265    27
20266    27
20267    27
20268    27
20269    27
20270    27
20271    27
20272    27
20273    27
20274    27
20275    27
20276    27
20277    27
20278    27
20279    27
20280    27
20281    27
20282    27
20283    27
20284    27
20285    2
20286    27
20287    27
20288    27
20289    27
20290    27
20291    27
20292    27
20293    27
20294    27
20295    27
20296    27
20297    27
20298    27
20299    27
20300    27
20301    27
20302    27
20303    27
20304    27
20305    27
20306    27
20307    21
20308    21
20309    21
20310    21
20311    21
20312    21
20313    21
20314    21
20315    21
20316    21
20317    21
20318    21
20319    21
20320    21
20321    21
20322    21
20323    21
20324    21
20325    22
20326    22
20327    22
20328    22
20329    22
20330    22
20331    22
20332    22
20333    22
20334    22
20335    22
20336    22
20337    22
20338    22
20339    22
20340    22
20341    22
20342    22
20343    22
20344    21
20345    21
20346    22
20347    21
20348    21
20349    21
20350    21
20351    21
20352    22
20353    22
20354    22
20355    22
20356    22
20357    22
20358    22
20359    22
20360    22
20361    22
20362    22
20363    22
20364    22
20365    22
20366    22
20367    22
20368    22
20369    22
20370    22
20371    22
20372    27
20373    27
20374    27
20375    27
20376    27
20377    27
20378    27
20379    27
20380    27
20381    27
20382    27
20383    27
20384    27
20385    27
20386    27
20387    27
20388    27
20389    27
20390    27
20391    27
20392    27
20393    27
20394    27
20395    27
20396    27
20397    27
20398    27
20399    2
20400    2
20401    2
20402    27
20403    27
20404    27
20405    27
20406    27
20407    27
20408    27
20409    27
20410    27
20411    27
20412    27
20413    27
20414    27
20415    27
20416    27
20417    27
20418    27
20419    27
20420    27
20421    27
20422    27
20423    27
20424    27
20425    27
20426    21
20427    21
20428    21
20429    21
20430    21
20431    21
20432    21
20433    21
20434    21
20435    21
20436    21
20437    21
20438    21
20439    21
20440    21
20441    21
20442    22
20443    22
20444    22
20445    22
20446    22
20447    22
20448    22
20449    22
20450    22
20451    22
20452    22
20453    22
20454    22
20455    22
20456    22
20457    22
20458    22
20459    22
20460    22
20461    22
20462    22
20463    22
20464    22
20465    22
20466    21
20467    21
20468    21
20469    21
20470    21
20471    21
20472    21
20473    21
20474    21
20475    21
20476    21
20477    21
20478    21
20479    22
20480    22
20481    22
20482    22
20483    22
20484    22
20485    22
20486    22
20487    21
20488    21
20489    21
20490    21
20491    22
20492    22
20493    22
20494    22
20495    22
20496    22
20497    22
20498    22
20499    22
20500    22
20501    22
20502    22
20503    22
20504    22
20505    27
20506    27
20507    27
20508    27
20509    27
20510    27
20511    27
20512    27
20513    27
20514    27
20515    27
20516    27
20517    27
20518    27
20519    27
20520    27
20521    27
20522    27
20523    27
20524    27
20525    27
20526    27
20527    27
20528    27
20529    27
20530    2
20531    2
20532    2
20533    2
20534    2
20535    27
20536    27
20537    27
20538    27
20539    27
20540    27
20541    27
20542    27
20543    27
20544    27
20545    27
20546    27
20547    27
20548    27
20549    27
20550    27
20551    27
20552    27
20553    27
20554    27
20555    27
20556    27
20557    27
20558    21
20559    21
20560    21
20561    21
20562    21
20563    21
20564    21
20565    21
20566    21
20567    21
20568    21
20569    21
20570    21
20571    21
20572    21
20573    21
20574    21
20575    22
20576    22
20577    22
20578    22
20579    22
20580    22
20581    22
20582    22
20583    22
20584    22
20585    22
20586    22
20587    22
20588    22
20589    22
20590    22
20591    22
20592    22
20593    22
20594    22
20595    21
20596    21
20597    21
20598    21
20599    21
20600    21
20601    21
20602    21
20603    21
20604    21
20605    21
20606    21
20607    21
20608    21
20609    21
20610    21
20611    21
20612    21
20613    21
20614    21
20615    21
20616    21
20617    21
20618    21
20619    21
20620    22
20621    22
20622    22
20623    22
20624    21
20625    21
20626    21
20627    21
20628    21
20629    21
20630    21
20631    21
20632    21
20633    21
20634    21
20635    21
20636    21
20637    21
20638    21
20639    21
20640    21
20641    21
20642    21
20643    21
20644    21
20645    21
20646    44
20647    44
20648    44
20649    22
20650    27
20651    27
20652    27
20653    27
20654    27
20655    27
20656    27
20657    27
20658    27
20659    27
20660    27
20661    27
20662    27
20663    27
20664    27
20665    27
20666    27
20667    27
20668    27
20669    27
20670    2
20671    27
20672    2
20673    2
20674    2
20675    2
20676    2
20677    2
20678    2
20679    2
20680    27
20681    27
20682    27
20683    27
20684    27
20685    27
20686    27
20687    27
20688    27
20689    27
20690    27
20691    27
20692    27
20693    27
20694    27
20695    27
20696    27
20697    27
20698    27
20699    27
20700    27
20701    27
20702    27
20703    27
20704    21
20705    21
20706    21
20707    21
20708    21
20709    21
20710    21
20711    21
20712    21
20713    21
20714    21
20715    21
20716    21
20717    21
20718    21
20719    21
20720    21
20721    21
20722    21
20723    22
20724    22
20725    22
20726    22
20727    21
20728    21
20729    21
20730    21
20731    21
20732    21
20733    21
20734    21
20735    21
20736    21
20737    21
20738    21
20739    21
20740    21
20741    21
20742    21
20743    21
20744    21
20745    21
20746    21
20747    21
20748    21
20749    21
20750    21
20751    21
20752    21
20753    21
20754    21
20755    21
20756    21
20757    21
20758    21
20759    21
20760    21
20761    21
20762    21
20763    21
20764    21
20765    21
20766    21
20767    21
20768    21
20769    21
20770    21
20771    21
20772    21
20773    21
20774    21
20775    21
20776    21
20777    21
20778    21
20779    44
20780    44
20781    44
20782    44
20783    44
20784    27
20785    27
20786    27
20787    27
20788    27
20789    27
20790    27
20791    27
20792    27
20793    27
20794    27
20795    27
20796    27
20797    27
20798    27
20799    2
20800    2
20801    2
20802    2
20803    2
20804    2
20805    2
20806    2
20807    2
20808    2
20809    2
20810    2
20811    27
20812    27
20813    27
20814    27
20815    27
20816    27
20817    27
20818    27
20819    27
20820    27
20821    27
20822    27
20823    27
20824    27
20825    27
20826    27
20827    27
20828    27
20829    27
20830    27
20831    27
20832    27
20833    27
20834    27
20835    27
20836    27
20837    27
20838    21
20839    21
20840    21
20841    21
20842    21
20843    21
20844    21
20845    21
20846    21
20847    21
20848    21
20849    21
20850    21
20851    21
20852    21
20853    21
20854    21
20855    21
20856    21
20857    21
20858    21
20859    21
20860    21
20861    21
20862    21
20863    21
20864    21
20865    21
20866    21
20867    21
20868    21
20869    21
20870    21
20871    21
20872    21
20873    21
20874    21
20875    21
20876    21
20877    21
20878    21
20879    21
20880    21
20881    21
20882    21
20883    21
20884    21
20885    21
20886    21
20887    21
20888    21
20889    21
20890    21
20891    21
20892    21
20893    21
20894    21
20895    21
20896    21
20897    21
20898    44
20899    44
20900    44
20901    44
20902    27
20903    27
20904    27
20905    27
20906    27
20907    27
20908    27
20909    27
20910    27
20911    27
20912    27
20913    27
20914    27
20915    27
20916    27
20917    2
20918    2
20919    2
20920    2
20921    2
20922    2
20923    2
20924    2
20925    2
20926    2
20927    2
20928    2
20929    2
20930    2
20931    2
20932    2
20933    27
20934    27
20935    27
20936    27
20937    27
20938    27
20939    27
20940    27
20941    27
20942    27
20943    27
20944    27
20945    27
20946    27
20947    27
20948    27
20949    27
20950    27
20951    27
20952    27
20953    27
20954    27
20955    27
20956    27
20957    27
20958    27
20959    27
20960    27
20961    21
20962    44
20963    44
20964    21
20965    21
20966    21
20967    21
20968    21
20969    21
20970    21
20971    21
20972    21
20973    21
20974    21
20975    21
20976    21
20977    21
20978    21
20979    21
20980    21
20981    21
20982    21
20983    21
20984    21
20985    21
20986    21
20987    21
20988    21
20989    21
20990    21
20991    21
20992    21
20993    21
20994    21
20995    21
20996    21
20997    21
20998    21
20999    21
21000    21
21001    21
21002    21
21003    21
21004    21
21005    21
21006    21
21007    21
21008    21
21009    44
21010    44
21011    44
21012    44
21013    21
21014    44
21015    44
21016    44
21017    44
21018    44
21019    44
21020    44
21021    44
21022    27
21023    27
21024    27
21025    27
21026    27
21027    27
21028    2
21029    27
21030    27
21031    2
21032    2
21033    2
21034    2
21035    2
21036    2
21037    2
21038    2
21039    2
21040    2
21041    2
21042    2
21043    2
21044    2
21045    2
21046    2
21047    2
21048    2
21049    2
21050    2
21051    2
21052    2
21053    2
21054    27
21055    27
21056    27
21057    27
21058    27
21059    27
21060    27
21061    27
21062    27
21063    27
21064    27
21065    27
21066    27
21067    27
21068    27
21069    27
21070    27
21071    27
21072    27
21073    27
21074    27
21075    27
21076    44
21077    44
21078    27
21079    44
21080    44
21081    44
21082    44
21083    21
21084    21
21085    21
21086    21
21087    21
21088    21
21089    21
21090    21
21091    21
21092    21
21093    21
21094    21
21095    21
21096    21
21097    21
21098    21
21099    21
21100    21
21101    21
21102    21
21103    21
21104    21
21105    21
21106    21
21107    21
21108    21
21109    21
21110    21
21111    21
21112    21
21113    21
21114    21
21115    21
21116    21
21117    21
21118    21
21119    21
21120    21
21121    21
21122    21
21123    21
21124    44
21125    44
21126    44
21127    44
21128    44
21129    44
21130    44
21131    44
21132    44
21133    44
21134    44
21135    44
21136    44
21137    27
21138    27
21139    27
21140    27
21141    27
21142    27
21143    2
21144    2
21145    2
21146    2
21147    2
21148    2
21149    2
21150    2
21151    2
21152    2
21153    2
21154    2
21155    2
21156    2
21157    2
21158    2
21159    2
21160    2
21161    2
21162    2
21163    2
21164    2
21165    2
21166    2
21167    2
21168    2
21169    2
21170    2
21171    2
21172    2
21173    2
21174    2
21175    2
21176    27
21177    27
21178    27
21179    27
21180    27
21181    27
21182    27
21183    27
21184    27
21185    27
21186    27
21187    27
21188    27
21189    27
21190    27
21191    27
21192    27
21193    27
21194    27
21195    27
21196    27
21197    27
21198    27
21199    44
21200    44
21201    44
21202    44
21203    44
21204    21
21205    21
21206    21
21207    21
21208    21
21209    21
21210    21
21211    21
21212    21
21213    21
21214    21
21215    21
21216    21
21217    21
21218    21
21219    21
21220    21
21221    21
21222    21
21223    21
21224    21
21225    21
21226    21
21227    21
21228    21
21229    21
21230    21
21231    21
21232    21
21233    44
21234    44
21235    44
21236    44
21237    44
21238    44
21239    44
21240    44
21241    44
21242    44
21243    44
21244    44
21245    44
21246    44
21247    44
21248    44
21249    44
21250    27
21251    27
21252    27
21253    2
21254    2
21255    2
21256    2
21257    2
21258    2
21259    2
21260    2
21261    2
21262    2
21263    2
21264    2
21265    2
21266    2
21267    2
21268    2
21269    2
21270    2
21271    2
21272    2
21273    2
21274    2
21275    2
21276    2
21277    2
21278    2
21279    2
21280    2
21281    2
21282    2
21283    2
21284    2
21285    27
21286    27
21287    27
21288    27
21289    27
21290    27
21291    27
21292    27
21293    27
21294    27
21295    27
21296    27
21297    27
21298    27
21299    27
21300    27
21301    27
21302    27
21303    27
21304    27
21305    27
21306    27
21307    27
21308    27
21309    44
21310    44
21311    44
21312    44
21313    21
21314    21
21315    44
21316    21
21317    21
21318    21
21319    21
21320    21
21321    21
21322    21
21323    21
21324    21
21325    21
21326    21
21327    21
21328    21
21329    21
21330    21
21331    21
21332    21
21333    21
21334    21
21335    21
21336    44
21337    44
21338    44
21339    44
21340    44
21341    44
21342    44
21343    44
21344    44
21345    44
21346    44
21347    44
21348    44
21349    44
21350    44
21351    44
21352    44
21353    44
21354    44
21355    2
21356    2
21357    2
21358    2
21359    2
21360    2
21361    2
21362    2
21363    2
21364    2
21365    2
21366    2
21367    2
21368    2
21369    2
21370    2
21371    2
21372    2
21373    2
21374    2
21375    2
21376    2
21377    2
21378    2
21379    2
21380    2
21381    2
21382    2
21383    2
21384    2
21385    2
21386    2
21387    2
21388    2
21389    27
21390    27
21391    27
21392    27
21393    27
21394    27
21395    27
21396    27
21397    27
21398    27
21399    27
21400    27
21401    27
21402    27
21403    27
21404    27
21405    27
21406    27
21407    27
21408    27
21409    27
21410    27
21411    27
21412    27
21413    44
21414    44
21415    44
21416    44
21417    44
21418    44
21419    44
21420    44
21421    44
21422    21
21423    21
21424    21
21425    21
21426    21
21427    21
21428    21
21429    21
21430    21
21431    21
21432    21
21433    21
21434    21
21435    21
21436    21
21437    21
21438    21
21439    21
21440    44
21441    44
21442    44
21443    44
21444    44
21445    44
21446    44
21447    44
21448    44
21449    44
21450    44
21451    44
21452    44
21453    44
21454    44
21455    44
21456    44
21457    44
21458    2
21459    2
21460    2
21461    2
21462    2
21463    2
21464    2
21465    2
21466    2
21467    2
21468    2
21469    2
21470    2
21471    2
21472    2
21473    2
21474    2
21475    2
21476    2
21477    2
21478    2
21479    2
21480    2
21481    2
21482    2
21483    2
21484    2
21485    2
21486    2
21487    2
21488    2
21489    27
21490    27
21491    27
21492    27
21493    27
21494    27
21495    27
21496    27
21497    27
21498    27
21499    27
21500    27
21501    27
21502    27
21503    27
21504    27
21505    27
21506    27
21507    27
21508    27
21509    27
21510    44
21511    44
21512    44
21513    44
21514    44
21515    44
21516    44
21517    44
21518    21
21519    21
21520    21
21521    21
21522    21
21523    21
21524    21
21525    21
21526    21
21527    21
21528    44
21529    21
21530    21
21531    44
21532    44
21533    44
21534    44
21535    44
21536    44
21537    44
21538    44
21539    44
21540    44
21541    44
21542    44
21543    44
21544    44
21545    44
21546    44
21547    44
21548    44
21549    44
21550    44
21551    44
21552    44
21553    44
21554    44
21555    2
21556    2
21557    2
21558    2
21559    2
21560    2
21561    2
21562    2
21563    2
21564    2
21565    2
21566    2
21567    2
21568    2
21569    2
21570    2
21571    2
21572    2
21573    2
21574    2
21575    2
21576    2
21577    2
21578    2
21579    2
21580    2
21581    27
21582    27
21583    27
21584    27
21585    27
21586    27
21587    27
21588    27
21589    27
21590    27
21591    27
21592    27
21593    27
21594    27
21595    27
21596    27
21597    27
21598    27
21599    27
21600    27
21601    27
21602    27
21603    27
21604    27
21605    44
21606    44
21607    44
21608    44
21609    44
21610    44
21611    44
21612    44
21613    44
21614    44
21615    44
21616    21
21617    21
21618    21
21619    21
21620    21
21621    21
21622    21
21623    21
21624    21
21625    44
21626    44
21627    44
21628    44
21629    44
21630    44
21631    44
21632    44
21633    44
21634    44
21635    44
21636    44
21637    44
21638    44
21639    44
21640    44
21641    44
21642    44
21643    44
21644    44
21645    44
21646    44
21647    44
21648    44
21649    44
21650    44
21651    44
21652    44
21653    44
21654    2
21655    2
21656    2
21657    2
21658    2
21659    2
21660    2
21661    2
21662    2
21663    2
21664    2
21665    2
21666    2
21667    2
21668    2
21669    2
21670    2
21671    2
21672    2
21673    2
21674    2
21675    2
21676    2
21677    2
21678    27
21679    27
21680    27
21681    27
21682    27
21683    27
21684    27
21685    27
21686    27
21687    27
21688    27
21689    27
21690    27
21691    27
21692    27
21693    27
21694    27
21695    27
21696    27
21697    27
21698    27
21699    27
21700    27
21701    27
21702    27
21703    27
21704    27
21705    27
21706    27
21707    27
21708    27
21709    27
21710    44
21711    44
21712    44
21713    44
21714    44
21715    44
21716    44
21717    44
21718    44
21719    44
21720    44
21721    44
21722    21
21723    44
21724    21
21725    21
21726    21
21727    21
21728    44
21729    21
21730    44
21731    44
21732    44
21733    44
21734    44
21735    44
21736    44
21737    44
21738    44
21739    44
21740    44
21741    44
21742    44
21743    44
21744    44
21745    44
21746    44
21747    44
21748    44
21749    44
21750    44
21751    44
21752    44
21753    44
21754    44
21755    44
21756    44
21757    44
21758    44
21759    44
21760    44
21761    44
21762    44
21763    44
21764    44
21765    44
21766    44
21767    44
21768    44
21769    44
21770    44
21771    2
21772    2
21773    2
21774    2
21775    2
21776    2
21777    2
21778    2
21779    2
21780    2
21781    2
21782    2
21783    2
21784    2
21785    2
21786    2
21787    2
21788    2
21789    2
21790    2
21791    2
21792    2
21793    27
21794    27
21795    27
21796    27
21797    27
21798    27
21799    27
21800    27
21801    27
21802    27
21803    27
21804    27
21805    27
21806    27
21807    27
21808    27
21809    27
21810    27
21811    27
21812    27
21813    27
21814    27
21815    27
21816    27
21817    27
21818    27
21819    27
21820    27
21821    27
21822    27
21823    27
21824    27
21825    27
21826    27
21827    27
21828    44
21829    44
21830    44
21831    44
21832    44
21833    44
21834    44
21835    44
21836    44
21837    44
21838    44
21839    44
21840    44
21841    44
21842    44
21843    44
21844    44
21845    44
21846    44
21847    44
21848    44
21849    44
21850    44
21851    44
21852    44
21853    44
21854    44
21855    44
21856    44
21857    44
21858    44
21859    44
21860    44
21861    44
21862    44
21863    44
21864    44
21865    44
21866    44
21867    44
21868    44
21869    44
21870    44
21871    44
21872    44
21873    44
21874    44
21875    44
21876    44
21877    44
21878    44
21879    44
21880    44
21881    44
21882    44
21883    44
21884    44
21885    44
21886    44
21887    44
21888    44
21889    44
21890    44
21891    44
21892    44
21893    44
21894    44
21895    44
21896    44
21897    44
21898    44
21899    44
21900    44
21901    44
21902    2
21903    2
21904    2
21905    2
21906    2
21907    2
21908    2
21909    2
21910    2
21911    2
21912    2
21913    2
21914    2
21915    2
21916    2
21917    2
21918    2
21919    2
21920    2
21921    27
21922    27
21923    27
21924    27
21925    27
21926    27
21927    27
21928    27
21929    27
21930    27
21931    27
21932    27
21933    27
21934    27
21935    27
21936    27
21937    27
21938    27
21939    27
21940    27
21941    27
21942    27
21943    27
21944    27
21945    27
21946    27
21947    27
21948    27
21949    27
21950    27
21951    27
21952    27
21953    27
21954    27
21955    27
21956    27
21957    27
21958    27
21959    27
21960    44
21961    27
21962    27
21963    27
21964    44
21965    44
21966    44
21967    44
21968    44
21969    44
21970    44
21971    44
21972    44
21973    44
21974    44
21975    44
21976    44
21977    44
21978    44
21979    44
21980    44
21981    44
21982    44
21983    44
21984    44
21985    44
21986    44
21987    44
21988    44
21989    44
21990    44
21991    44
21992    44
21993    44
21994    44
21995    44
21996    44
21997    44
21998    44
21999    44
22000    44
22001    44
22002    44
22003    44
22004    44
22005    44
22006    44
22007    44
22008    44
22009    44
22010    44
22011    44
22012    44
22013    44
22014    44
22015    44
22016    44
22017    44
22018    44
22019    44
22020    44
22021    44
22022    44
22023    44
22024    44
22025    44
22026    44
22027    44
22028    44
22029    44
22030    44
22031    44
22032    44
22033    44
22034    44
22035    44
22036    44
22037    2
22038    2
22039    2
22040    2
22041    2
22042    2
22043    2
22044    2
22045    2
22046    2
22047    2
22048    2
22049    2
22050    2
22051    2
22052    2
22053    2
22054    2
22055    2
22056    27
22057    27
22058    27
22059    27
22060    27
22061    27
22062    27
22063    27
22064    27
22065    27
22066    27
22067    27
22068    27
22069    27
22070    27
22071    27
22072    27
22073    27
22074    27
22075    27
22076    27
22077    27
22078    27
22079    27
22080    27
22081    27
22082    27
22083    27
22084    27
22085    27
22086    27
22087    27
22088    27
22089    27
22090    27
22091    27
22092    27
22093    27
22094    27
22095    27
22096    27
22097    27
22098    27
22099    27
22100    27
22101    44
22102    44
22103    44
22104    44
22105    44
22106    44
22107    44
22108    44
22109    44
22110    44
22111    44
22112    44
22113    44
22114    44
22115    44
22116    44
22117    44
22118    44
22119    44
22120    44
22121    44
22122    44
22123    44
22124    44
22125    44
22126    44
22127    44
22128    44
22129    44
22130    44
22131    44
22132    44
22133    44
22134    44
22135    44
22136    44
22137    44
22138    44
22139    44
22140    44
22141    44
22142    44
22143    44
22144    44
22145    44
22146    44
22147    44
22148    44
22149    44
22150    44
22151    44
22152    44
22153    2
22154    2
22155    2
22156    2
22157    2
22158    2
22159    2
22160    2
22161    2
22162    2
22163    2
22164    2
22165    2
22166    2
22167    2
22168    2
22169    2
22170    2
22171    27
22172    27
22173    27
22174    27
22175    27
22176    27
22177    27
22178    27
22179    27
22180    27
22181    27
22182    42
22183    27
22184    42
22185    42
22186    27
22187    27
22188    27
22189    27
22190    27
22191    27
22192    27
22193    27
22194    27
22195    27
22196    27
22197    27
22198    27
22199    27
22200    27
22201    27
22202    27
22203    27
22204    27
22205    27
22206    27
22207    27
22208    27
22209    27
22210    27
22211    27
22212    27
22213    44
22214    44
22215    44
22216    44
22217    44
22218    44
22219    44
22220    44
22221    44
22222    44
22223    44
22224    44
22225    44
22226    44
22227    44
22228    44
22229    44
22230    44
22231    44
22232    44
22233    44
22234    44
22235    44
22236    44
22237    44
22238    44
22239    44
22240    44
22241    44
22242    44
22243    44
22244    44
22245    44
22246    44
22247    44
22248    44
22249    44
22250    44
22251    44
22252    44
22253    44
22254    44
22255    44
22256    44
22257    44
22258    44
22259    2
22260    2
22261    2
22262    2
22263    2
22264    2
22265    2
22266    2
22267    2
22268    2
22269    2
22270    2
22271    2
22272    2
22273    2
22274    2
22275    2
22276    27
22277    27
22278    27
22279    27
22280    27
22281    27
22282    27
22283    27
22284    27
22285    27
22286    42
22287    42
22288    42
22289    42
22290    42
22291    42
22292    42
22293    27
22294    27
22295    27
22296    27
22297    27
22298    27
22299    27
22300    27
22301    27
22302    27
22303    27
22304    27
22305    27
22306    27
22307    27
22308    27
22309    27
22310    27
22311    27
22312    27
22313    27
22314    27
22315    27
22316    27
22317    27
22318    44
22319    44
22320    44
22321    44
22322    44
22323    44
22324    44
22325    44
22326    44
22327    44
22328    44
22329    44
22330    44
22331    44
22332    44
22333    44
22334    44
22335    44
22336    44
22337    44
22338    44
22339    44
22340    44
22341    44
22342    44
22343    44
22344    44
22345    44
22346    44
22347    44
22348    44
22349    44
22350    44
22351    44
22352    44
22353    44
22354    44
22355    44
22356    2
22357    2
22358    2
22359    2
22360    2
22361    2
22362    2
22363    2
22364    2
22365    2
22366    2
22367    2
22368    2
22369    2
22370    27
22371    27
22372    27
22373    27
22374    27
22375    27
22376    27
22377    27
22378    27
22379    27
22380    27
22381    27
22382    42
22383    42
22384    42
22385    42
22386    42
22387    42
22388    42
22389    42
22390    42
22391    42
22392    42
22393    27
22394    27
22395    27
22396    27
22397    27
22398    27
22399    27
22400    27
22401    27
22402    27
22403    27
22404    27
22405    27
22406    27
22407    27
22408    27
22409    44
22410    27
22411    44
22412    44
22413    44
22414    44
22415    44
22416    44
22417    44
22418    44
22419    44
22420    44
22421    44
22422    44
22423    44
22424    44
22425    44
22426    44
22427    44
22428    44
22429    44
22430    44
22431    44
22432    44
22433    44
22434    44
22435    44
22436    44
22437    44
22438    44
22439    44
22440    44
22441    44
22442    44
22443    44
22444    44
22445    44
22446    44
22447    44
22448    44
22449    44
22450    2
22451    2
22452    2
22453    2
22454    2
22455    2
22456    2
22457    2
22458    2
22459    2
22460    2
22461    2
22462    2
22463    2
22464    27
22465    27
22466    27
22467    27
22468    27
22469    42
22470    27
22471    27
22472    27
22473    27
22474    27
22475    27
22476    27
22477    27
22478    42
22479    42
22480    42
22481    42
22482    42
22483    42
22484    42
22485    42
22486    42
22487    27
22488    27
22489    42
22490    27
22491    27
22492    27
22493    27
22494    27
22495    27
22496    27
22497    27
22498    27
22499    27
22500    27
22501    27
22502    44
22503    44
22504    44
22505    44
22506    44
22507    44
22508    44
22509    44
22510    44
22511    44
22512    44
22513    44
22514    44
22515    44
22516    44
22517    44
22518    44
22519    44
22520    44
22521    44
22522    44
22523    44
22524    44
22525    44
22526    44
22527    44
22528    44
22529    44
22530    44
22531    44
22532    44
22533    44
22534    44
22535    44
22536    44
22537    44
22538    44
22539    44
22540    44
22541    44
22542    44
22543    44
22544    44
22545    2
22546    2
22547    2
22548    2
22549    2
22550    2
22551    2
22552    2
22553    2
22554    2
22555    2
22556    2
22557    2
22558    2
22559    2
22560    2
22561    27
22562    27
22563    27
22564    27
22565    42
22566    42
22567    42
22568    42
22569    42
22570    42
22571    27
22572    27
22573    27
22574    42
22575    27
22576    42
22577    42
22578    27
22579    42
22580    42
22581    42
22582    42
22583    42
22584    42
22585    42
22586    42
22587    42
22588    42
22589    42
22590    27
22591    27
22592    27
22593    27
22594    27
22595    27
22596    27
22597    27
22598    27
22599    27
22600    27
22601    44
22602    44
22603    44
22604    44
22605    44
22606    44
22607    44
22608    44
22609    44
22610    44
22611    44
22612    44
22613    44
22614    44
22615    44
22616    44
22617    44
22618    44
22619    44
22620    44
22621    44
22622    44
22623    44
22624    44
22625    44
22626    44
22627    44
22628    44
22629    44
22630    44
22631    44
22632    44
22633    44
22634    44
22635    44
22636    44
22637    44
22638    44
22639    44
22640    44
22641    44
22642    44
22643    44
22644    44
22645    44
22646    2
22647    2
22648    2
22649    2
22650    2
22651    2
22652    2
22653    2
22654    2
22655    2
22656    2
22657    2
22658    2
22659    2
22660    27
22661    27
22662    27
22663    27
22664    27
22665    27
22666    42
22667    42
22668    42
22669    42
22670    42
22671    42
22672    42
22673    42
22674    42
22675    42
22676    42
22677    42
22678    42
22679    42
22680    42
22681    42
22682    42
22683    42
22684    42
22685    42
22686    42
22687    42
22688    42
22689    42
22690    42
22691    27
22692    27
22693    42
22694    27
22695    27
22696    27
22697    27
22698    27
22699    27
22700    27
22701    27
22702    27
22703    27
22704    27
22705    44
22706    44
22707    44
22708    44
22709    44
22710    44
22711    44
22712    44
22713    44
22714    44
22715    44
22716    44
22717    44
22718    44
22719    44
22720    44
22721    44
22722    44
22723    44
22724    44
22725    44
22726    44
22727    44
22728    44
22729    44
22730    44
22731    44
22732    44
22733    44
22734    44
22735    44
22736    44
22737    44
22738    44
22739    44
22740    44
22741    44
22742    44
22743    44
22744    44
22745    44
22746    44
22747    44
22748    44
22749    44
22750    2
22751    2
22752    2
22753    2
22754    2
22755    2
22756    2
22757    2
22758    2
22759    2
22760    2
22761    2
22762    2
22763    2
22764    2
22765    42
22766    42
22767    42
22768    42
22769    42
22770    42
22771    42
22772    42
22773    42
22774    42
22775    42
22776    42
22777    42
22778    42
22779    42
22780    42
22781    42
22782    42
22783    42
22784    42
22785    42
22786    42
22787    42
22788    42
22789    42
22790    42
22791    42
22792    42
22793    42
22794    42
22795    42
22796    42
22797    42
22798    42
22799    42
22800    42
22801    42
22802    27
22803    27
22804    27
22805    27
22806    27
22807    27
22808    27
22809    27
22810    27
22811    44
22812    44
22813    44
22814    44
22815    44
22816    44
22817    44
22818    44
22819    44
22820    44
22821    44
22822    44
22823    44
22824    44
22825    44
22826    44
22827    44
22828    44
22829    44
22830    44
22831    44
22832    44
22833    44
22834    44
22835    44
22836    44
22837    44
22838    44
22839    44
22840    44
22841    44
22842    44
22843    44
22844    42
22845    44
22846    44
22847    44
22848    44
22849    44
22850    44
22851    44
22852    42
22853    42
22854    42
22855    42
22856    42
22857    42
22858    42
22859    42
22860    44
22861    44
22862    2
22863    2
22864    2
22865    2
22866    2
22867    2
22868    2
22869    2
22870    2
22871    2
22872    2
22873    2
22874    2
22875    2
22876    2
22877    2
22878    2
22879    2
22880    42
22881    42
22882    42
22883    42
22884    42
22885    42
22886    42
22887    42
22888    42
22889    42
22890    42
22891    42
22892    42
22893    42
22894    42
22895    42
22896    42
22897    42
22898    42
22899    42
22900    42
22901    42
22902    42
22903    42
22904    42
22905    42
22906    42
22907    42
22908    42
22909    42
22910    42
22911    42
22912    42
22913    42
22914    42
22915    42
22916    42
22917    42
22918    42
22919    42
22920    42
22921    42
22922    27
22923    27
22924    27
22925    42
22926    42
22927    42
22928    42
22929    42
22930    44
22931    44
22932    44
22933    44
22934    44
22935    44
22936    42
22937    42
22938    42
22939    42
22940    44
22941    44
22942    44
22943    44
22944    44
22945    44
22946    44
22947    44
22948    44
22949    44
22950    44
22951    44
22952    44
22953    44
22954    44
22955    44
22956    44
22957    44
22958    44
22959    44
22960    44
22961    44
22962    44
22963    44
22964    44
22965    44
22966    44
22967    44
22968    44
22969    44
22970    42
22971    42
22972    42
22973    42
22974    44
22975    44
22976    42
22977    42
22978    44
22979    44
22980    44
22981    44
22982    42
22983    42
22984    42
22985    42
22986    42
22987    42
22988    42
22989    42
22990    42
22991    2
22992    2
22993    2
22994    2
22995    2
22996    2
22997    2
22998    2
22999    2
23000    2
23001    2
23002    2
23003    2
23004    2
23005    2
23006    2
23007    2
23008    2
23009    2
23010    2
23011    2
23012    2
23013    2
23014    42
23015    42
23016    42
23017    42
23018    42
23019    42
23020    42
23021    42
23022    42
23023    42
23024    42
23025    42
23026    42
23027    42
23028    42
23029    42
23030    42
23031    42
23032    42
23033    42
23034    42
23035    42
23036    42
23037    42
23038    42
23039    42
23040    42
23041    42
23042    42
23043    42
23044    42
23045    42
23046    42
23047    42
23048    42
23049    42
23050    42
23051    42
23052    42
23053    42
23054    27
23055    42
23056    42
23057    42
23058    42
23059    42
23060    42
23061    42
23062    42
23063    44
23064    42
23065    42
23066    42
23067    42
23068    42
23069    42
23070    42
23071    42
23072    42
23073    42
23074    42
23075    44
23076    44
23077    44
23078    44
23079    44
23080    44
23081    44
23082    44
23083    44
23084    44
23085    44
23086    44
23087    44
23088    44
23089    44
23090    44
23091    44
23092    44
23093    44
23094    44
23095    44
23096    42
23097    44
23098    44
23099    44
23100    44
23101    44
23102    44
23103    44
23104    44
23105    44
23106    44
23107    44
23108    44
23109    44
23110    42
23111    42
23112    42
23113    42
23114    42
23115    42
23116    42
23117    42
23118    42
23119    42
23120    42
23121    42
23122    44
23123    42
23124    42
23125    42
23126    42
23127    42
23128    42
23129    2
23130    2
23131    2
23132    2
23133    2
23134    2
23135    2
23136    2
23137    2
23138    2
23139    2
23140    2
23141    2
23142    2
23143    2
23144    2
23145    2
23146    2
23147    2
23148    2
23149    2
23150    2
23151    2
23152    2
23153    2
23154    42
23155    42
23156    42
23157    42
23158    42
23159    42
23160    42
23161    42
23162    42
23163    42
23164    42
23165    42
23166    42
23167    42
23168    42
23169    42
23170    42
23171    42
23172    42
23173    42
23174    42
23175    42
23176    42
23177    42
23178    42
23179    42
23180    42
23181    42
23182    42
23183    42
23184    42
23185    42
23186    42
23187    42
23188    42
23189    42
23190    42
23191    42
23192    42
23193    42
23194    42
23195    42
23196    42
23197    42
23198    42
23199    42
23200    42
23201    44
23202    44
23203    44
23204    44
23205    44
23206    44
23207    44
23208    44
23209    44
23210    44
23211    44
23212    44
23213    44
23214    44
23215    44
23216    44
23217    44
23218    44
23219    44
23220    44
23221    42
23222    42
23223    44
23224    44
23225    42
23226    42
23227    42
23228    42
23229    42
23230    44
23231    44
23232    42
23233    44
23234    42
23235    42
23236    42
23237    44
23238    44
23239    44
23240    44
23241    44
23242    44
23243    44
23244    44
23245    44
23246    42
23247    42
23248    42
23249    42
23250    42
23251    42
23252    42
23253    42
23254    42
23255    42
23256    42
23257    42
23258    42
23259    42
23260    42
23261    42
23262    2
23263    2
23264    2
23265    2
23266    2
23267    2
23268    2
23269    2
23270    2
23271    2
23272    2
23273    2
23274    2
23275    2
23276    2
23277    2
23278    2
23279    2
23280    2
23281    2
23282    2
23283    2
23284    2
23285    2
23286    2
23287    2
23288    2
23289    42
23290    2
23291    42
23292    42
23293    42
23294    42
23295    42
23296    42
23297    42
23298    42
23299    42
23300    42
23301    42
23302    42
23303    42
23304    42
23305    42
23306    42
23307    42
23308    42
23309    42
23310    42
23311    42
23312    42
23313    42
23314    42
23315    42
23316    42
23317    42
23318    42
23319    42
23320    42
23321    42
23322    42
23323    42
23324    42
23325    42
23326    42
23327    42
23328    42
23329    42
23330    42
23331    42
23332    42
23333    42
23334    44
23335    44
23336    44
23337    42
23338    42
23339    42
23340    44
23341    44
23342    44
23343    44
23344    42
23345    42
23346    42
23347    44
23348    42
23349    42
23350    44
23351    44
23352    44
23353    42
23354    42
23355    42
23356    42
23357    42
23358    42
23359    42
23360    42
23361    42
23362    42
23363    42
23364    42
23365    42
23366    42
23367    42
23368    42
23369    44
23370    44
23371    44
23372    44
23373    44
23374    42
23375    42
23376    42
23377    44
23378    42
23379    44
23380    42
23381    42
23382    42
23383    42
23384    42
23385    42
23386    42
23387    42
23388    42
23389    42
23390    42
23391    2
23392    2
23393    2
23394    2
23395    2
23396    2
23397    2
23398    2
23399    2
23400    2
23401    2
23402    2
23403    2
23404    2
23405    2
23406    2
23407    2
23408    2
23409    2
23410    2
23411    2
23412    2
23413    2
23414    2
23415    2
23416    2
23417    2
23418    2
23419    2
23420    2
23421    2
23422    42
23423    42
23424    42
23425    42
23426    42
23427    42
23428    42
23429    42
23430    42
23431    42
23432    42
23433    42
23434    42
23435    42
23436    42
23437    42
23438    42
23439    42
23440    42
23441    42
23442    42
23443    42
23444    42
23445    42
23446    42
23447    42
23448    42
23449    42
23450    42
23451    42
23452    42
23453    42
23454    42
23455    42
23456    42
23457    42
23458    42
23459    42
23460    42
23461    42
23462    42
23463    44
23464    42
23465    42
23466    42
23467    42
23468    42
23469    42
23470    42
23471    42
23472    42
23473    42
23474    42
23475    42
23476    42
23477    42
23478    42
23479    42
23480    42
23481    42
23482    42
23483    42
23484    42
23485    42
23486    42
23487    42
23488    42
23489    42
23490    42
23491    42
23492    42
23493    42
23494    42
23495    44
23496    42
23497    42
23498    42
23499    42
23500    42
23501    42
23502    42
23503    42
23504    42
23505    42
23506    42
23507    42
23508    42
23509    42
23510    42
23511    42
23512    42
23513    42
23514    2
23515    2
23516    2
23517    2
23518    2
23519    2
23520    2
23521    2
23522    2
23523    2
23524    2
23525    2
23526    2
23527    2
23528    2
23529    2
23530    2
23531    2
23532    2
23533    2
23534    2
23535    2
23536    2
23537    2
23538    42
23539    42
23540    42
23541    42
23542    42
23543    42
23544    42
23545    42
23546    42
23547    42
23548    42
23549    42
23550    42
23551    42
23552    42
23553    42
23554    42
23555    42
23556    42
23557    42
23558    42
23559    42
23560    42
23561    42
23562    42
23563    42
23564    42
23565    42
23566    42
23567    42
23568    42
23569    42
23570    42
23571    42
23572    42
23573    42
23574    42
23575    42
23576    42
23577    42
23578    42
23579    42
23580    42
23581    42
23582    42
23583    42
23584    42
23585    42
23586    42
23587    42
23588    42
23589    42
23590    42
23591    42
23592    42
23593    42
23594    42
23595    42
23596    42
23597    42
23598    42
23599    42
23600    42
23601    42
23602    42
23603    42
23604    42
23605    42
23606    42
23607    42
23608    42
23609    42
23610    42
23611    42
23612    42
23613    42
23614    42
23615    2
23616    2
23617    2
23618    2
23619    2
23620    2
23621    2
23622    2
23623    2
23624    2
23625    2
23626    2
23627    2
23628    2
23629    2
23630    2
23631    2
23632    2
23633    2
23634    42
23635    42
23636    42
23637    42
23638    42
23639    42
23640    42
23641    42
23642    42
23643    42
23644    42
23645    42
23646    42
23647    42
23648    42
23649    42
23650    42
23651    42
23652    42
23653    42
23654    42
23655    42
23656    42
23657    42
23658    42
23659    42
23660    42
23661    42
23662    42
23663    42
23664    42
23665    42
23666    42
23667    42
23668    42
23669    42
23670    42
23671    42
23672    42
23673    42
23674    42
23675    42
23676    42
23677    42
23678    42
23679    42
23680    42
23681    42
23682    42
23683    42
23684    42
23685    42
23686    42
23687    42
23688    42
23689    42
23690    42
23691    42
23692    42
23693    42
23694    42
23695    42
23696    42
23697    42
23698    42
23699    42
23700    42
23701    42
23702    42
23703    42
23704    42
23705    42
23706    2
23707    2
23708    2
23709    2
23710    2
23711    2
23712    2
23713    2
23714    2
23715    2
23716    2
23717    2
23718    2
23719    2
23720    2
23721    2
23722    2
23723    2
23724    42
23725    42
23726    42
23727    42
23728    42
23729    42
23730    42
23731    42
23732    42
23733    42
23734    42
23735    42
23736    42
23737    42
23738    42
23739    42
23740    42
23741    42
23742    42
23743    42
23744    42
23745    42
23746    42
23747    42
23748    42
23749    42
23750    42
23751    42
23752    42
23753    42
23754    42
23755    42
23756    42
23757    42
23758    42
23759    42
23760    42
23761    42
23762    42
23763    42
23764    42
23765    42
23766    42
23767    42
23768    42
23769    42
23770    42
23771    42
23772    42
23773    42
23774    42
23775    42
23776    42
23777    42
23778    42
23779    42
23780    42
23781    42
23782    42
23783    42
23784    42
23785    42
23786    42
23787    42
23788    42
23789    42
23790    42
23791    42
23792    42
23793    42
23794    42
23795    2
23796    2
23797    2
23798    2
23799    2
23800    2
23801    2
23802    2
23803    2
23804    2
23805    2
23806    2
23807    2
23808    2
23809    2
23810    2
23811    2
23812    2
23813    2
23814    42
23815    42
23816    42
23817    42
23818    42
23819    42
23820    42
23821    42
23822    42
23823    42
23824    42
23825    42
23826    42
23827    42
23828    42
23829    42
23830    42
23831    42
23832    42
23833    42
23834    42
23835    42
23836    42
23837    42
23838    42
23839    42
23840    42
23841    42
23842    42
23843    42
23844    42
23845    42
23846    42
23847    42
23848    42
23849    42
23850    42
23851    42
23852    42
23853    42
23854    42
23855    42
23856    42
23857    42
23858    42
23859    42
23860    42
23861    42
23862    42
23863    42
23864    42
23865    42
23866    42
23867    42
23868    42
23869    42
23870    42
23871    42
23872    42
23873    42
23874    42
23875    42
23876    42
23877    42
23878    42
23879    42
23880    42
23881    42
23882    42
23883    42
23884    42
23885    42
23886    42
23887    2
23888    2
23889    2
23890    2
23891    2
23892    2
23893    2
23894    2
23895    2
23896    2
23897    2
23898    2
23899    2
23900    2
23901    2
23902    2
23903    2
23904    42
23905    42
23906    42
23907    42
23908    42
23909    42
23910    42
23911    42
23912    42
23913    42
23914    42
23915    42
23916    42
23917    42
23918    42
23919    42
23920    42
23921    42
23922    42
23923    42
23924    42
23925    42
23926    42
23927    42
23928    42
23929    42
23930    42
23931    42
23932    42
23933    42
23934    42
23935    42
23936    42
23937    42
23938    42
23939    42
23940    42
23941    42
23942    42
23943    42
23944    42
23945    42
23946    42
23947    42
23948    42
23949    42
23950    42
23951    42
23952    42
23953    42
23954    42
23955    42
23956    42
23957    42
23958    42
23959    42
23960    42
23961    42
23962    42
23963    42
23964    42
23965    42
23966    42
23967    42
23968    42
23969    42
23970    42
23971    42
23972    42
23973    42
23974    42
23975    42
23976    42
23977    42
23978    42
23979    2
23980    2
23981    2
23982    2
23983    2
23984    2
23985    2
23986    2
23987    2
23988    2
23989    2
23990    2
23991    2
23992    2
23993    2
23994    2
23995    2
23996    2
23997    42
23998    42
23999    42
24000    42
24001    42
24002    42
24003    42
24004    42
24005    42
24006    42
24007    42
24008    42
24009    42
24010    42
24011    42
24012    42
24013    42
24014    42
24015    42
24016    42
24017    42
24018    42
24019    42
24020    42
24021    42
24022    42
24023    42
24024    42
24025    42
24026    42
24027    42
24028    42
24029    42
24030    42
24031    42
24032    42
24033    42
24034    42
24035    42
24036    42
24037    42
24038    42
24039    42
24040    42
24041    42
24042    42
24043    42
24044    42
24045    42
24046    42
24047    42
24048    42
24049    42
24050    42
24051    42
24052    42
24053    42
24054    42
24055    42
24056    42
24057    42
24058    42
24059    42
24060    42
24061    42
24062    2
24063    2
24064    2
24065    2
24066    2
24067    2
24068    2
24069    2
24070    2
24071    2
24072    2
24073    2
24074    2
24075    2
24076    2
24077    2
24078    2
24079    2
24080    42
24081    42
24082    42
24083    42
24084    42
24085    42
24086    42
24087    42
24088    42
24089    42
24090    42
24091    42
24092    42
24093    42
24094    42
24095    42
24096    42
24097    42
24098    42
24099    42
24100    42
24101    42
24102    42
24103    42
24104    42
24105    42
24106    42
24107    42
24108    42
24109    42
24110    42
24111    42
24112    42
24113    42
24114    42
24115    42
24116    42
24117    42
24118    42
24119    42
24120    42
24121    42
24122    42
24123    42
24124    42
24125    42
24126    42
24127    42
24128    42
24129    42
24130    42
24131    42
24132    42
24133    42
24134    42
24135    42
24136    42
24137    42
24138    42
24139    42
24140    42
24141    42
24142    42
24143    42
24144    42
24145    2
24146    2
24147    2
24148    2
24149    2
24150    2
24151    2
24152    2
24153    2
24154    2
24155    2
24156    2
24157    2
24158    2
24159    2
24160    2
24161    2
24162    2
24163    42
24164    42
24165    42
24166    42
24167    42
24168    42
24169    42
24170    42
24171    42
24172    42
24173    42
24174    42
24175    42
24176    42
24177    42
24178    42
24179    42
24180    42
24181    42
24182    42
24183    42
24184    42
24185    42
24186    42
24187    42
24188    42
24189    42
24190    42
24191    42
24192    42
24193    42
24194    42
24195    42
24196    42
24197    42
24198    42
24199    42
24200    42
24201    42
24202    42
24203    42
24204    42
24205    42
24206    42
24207    42
24208    42
24209    42
24210    42
24211    42
24212    42
24213    42
24214    42
24215    42
24216    42
24217    42
24218    42
24219    42
24220    42
24221    42
24222    42
24223    42
24224    42
24225    42
24226    42
24227    42
24228    42
24229    42
24230    42
24231    42
24232    2
24233    2
24234    2
24235    2
24236    2
24237    2
24238    2
24239    2
24240    2
24241    2
24242    2
24243    2
24244    2
24245    2
24246    2
24247    2
24248    2
24249    42
24250    42
24251    2
24252    42
24253    42
24254    42
24255    42
24256    42
24257    42
24258    42
24259    42
24260    42
24261    42
24262    42
24263    42
24264    42
24265    42
24266    42
24267    42
24268    42
24269    42
24270    42
24271    42
24272    42
24273    42
24274    42
24275    42
24276    42
24277    42
24278    42
24279    42
24280    42
24281    42
24282    42
24283    42
24284    42
24285    42
24286    42
24287    42
24288    42
24289    42
24290    42
24291    42
24292    42
24293    42
24294    42
24295    42
24296    42
24297    42
24298    42
24299    42
24300    42
24301    42
24302    42
24303    42
24304    42
24305    42
24306    42
24307    42
24308    42
24309    42
24310    42
24311    42
24312    42
24313    42
24314    42
24315    42
24316    42
24317    42
24318    42
24319    2
24320    2
24321    2
24322    2
24323    2
24324    2
24325    2
24326    2
24327    2
24328    2
24329    2
24330    2
24331    2
24332    2
24333    2
24334    2
24335    2
24336    2
24337    2
24338    2
24339    2
24340    2
24341    2
24342    2
24343    2
24344    42
24345    42
24346    42
24347    42
24348    42
24349    42
24350    42
24351    42
24352    42
24353    42
24354    42
24355    42
24356    42
24357    42
24358    42
24359    42
24360    42
24361    42
24362    42
24363    42
24364    42
24365    42
24366    42
24367    42
24368    42
24369    42
24370    42
24371    42
24372    42
24373    42
24374    42
24375    42
24376    42
24377    42
24378    42
24379    42
24380    42
24381    42
24382    42
24383    42
24384    42
24385    42
24386    42
24387    42
24388    42
24389    42
24390    42
24391    42
24392    42
24393    42
24394    42
24395    42
24396    42
24397    42
24398    42
24399    42
24400    42
24401    42
24402    42
24403    42
24404    42
24405    42
24406    42
24407    42
24408    42
24409    42
24410    42
24411    42
24412    42
24413    42
24414    42
24415    42
24416    42
24417    2
24418    2
24419    2
24420    2
24421    2
24422    2
24423    2
24424    2
24425    2
24426    2
24427    2
24428    2
24429    2
24430    2
24431    2
24432    2
24433    2
24434    2
24435    2
24436    2
24437    2
24438    2
24439    2
24440    2
24441    2
24442    2
24443    2
24444    2
24445    2
24446    2
24447    2
24448    42
24449    42
24450    42
24451    42
24452    42
24453    42
24454    42
24455    42
24456    42
24457    42
24458    42
24459    42
24460    42
24461    42
24462    42
24463    42
24464    42
24465    42
24466    42
24467    42
24468    42
24469    42
24470    42
24471    42
24472    42
24473    42
24474    42
24475    42
24476    42
24477    42
24478    42
24479    42
24480    42
24481    42
24482    42
24483    42
24484    42
24485    42
24486    42
24487    42
24488    42
24489    42
24490    42
24491    42
24492    42
24493    42
24494    42
24495    42
24496    42
24497    42
24498    42
24499    42
24500    42
24501    42
24502    42
24503    42
24504    42
24505    42
24506    42
24507    42
24508    42
24509    42
24510    42
24511    42
24512    42
24513    42
24514    42
24515    42
24516    42
24517    42
24518    42
24519    42
24520    42
24521    42
24522    2
24523    2
24524    2
24525    2
24526    2
24527    2
24528    2
24529    2
24530    2
24531    2
24532    2
24533    2
24534    2
24535    2
24536    2
24537    2
24538    2
24539    2
24540    2
24541    2
24542    2
24543    2
24544    2
24545    2
24546    2
24547    2
24548    2
24549    2
24550    2
24551    2
24552    2
24553    2
24554    42
24555    42
24556    42
24557    42
24558    42
24559    42
24560    42
24561    42
24562    42
24563    42
24564    42
24565    42
24566    42
24567    42
24568    42
24569    42
24570    42
24571    42
24572    42
24573    42
24574    42
24575    42
24576    42
24577    42
24578    42
24579    42
24580    42
24581    42
24582    42
24583    42
24584    42
24585    42
24586    42
24587    42
24588    42
24589    42
24590    42
24591    42
24592    42
24593    42
24594    42
24595    42
24596    42
24597    42
24598    42
24599    42
24600    42
24601    42
24602    42
24603    42
24604    42
24605    42
24606    42
24607    42
24608    42
24609    42
24610    42
24611    42
24612    42
24613    42
24614    42
24615    42
24616    42
24617    42
24618    42
24619    42
24620    42
24621    42
24622    42
24623    42
24624    42
24625    42
24626    42
24627    42
24628    42
24629    14
24630    2
24631    2
24632    2
24633    2
24634    2
24635    2
24636    2
24637    2
24638    2
24639    2
24640    2
24641    2
24642    2
24643    2
24644    2
24645    2
24646    2
24647    2
24648    2
24649    2
24650    2
24651    2
24652    2
24653    2
24654    2
24655    2
24656    2
24657    2
24658    2
24659    2
24660    2
24661    2
24662    2
24663    2
24664    2
24665    2
24666    2
24667    2
24668    2
24669    42
24670    42
24671    42
24672    42
24673    42
24674    42
24675    42
24676    42
24677    42
24678    42
24679    42
24680    42
24681    42
24682    42
24683    42
24684    42
24685    42
24686    42
24687    42
24688    42
24689    42
24690    42
24691    42
24692    42
24693    42
24694    42
24695    42
24696    42
24697    42
24698    42
24699    42
24700    42
24701    42
24702    42
24703    42
24704    42
24705    42
24706    42
24707    42
24708    42
24709    42
24710    42
24711    42
24712    42
24713    42
24714    42
24715    42
24716    42
24717    42
24718    42
24719    42
24720    42
24721    42
24722    42
24723    42
24724    42
24725    42
24726    42
24727    42
24728    42
24729    42
24730    42
24731    42
24732    42
24733    42
24734    42
24735    42
24736    42
24737    42
24738    42
24739    42
24740    42
24741    42
24742    42
24743    42
24744    42
24745    42
24746    42
24747    42
24748    42
24749    42
24750    42
24751    14
24752    14
24753    14
24754    14
24755    14
24756    14
24757    14
24758    14
24759    2
24760    2
24761    2
24762    2
24763    2
24764    2
24765    2
24766    2
24767    2
24768    2
24769    2
24770    2
24771    2
24772    2
24773    2
24774    2
24775    2
24776    2
24777    2
24778    2
24779    2
24780    2
24781    2
24782    2
24783    2
24784    2
24785    2
24786    2
24787    2
24788    2
24789    2
24790    2
24791    2
24792    2
24793    2
24794    2
24795    2
24796    2
24797    2
24798    2
24799    2
24800    2
24801    2
24802    42
24803    42
24804    42
24805    42
24806    42
24807    42
24808    42
24809    42
24810    42
24811    42
24812    42
24813    42
24814    42
24815    42
24816    42
24817    42
24818    42
24819    42
24820    42
24821    42
24822    42
24823    42
24824    42
24825    42
24826    42
24827    42
24828    42
24829    42
24830    42
24831    42
24832    42
24833    42
24834    42
24835    42
24836    42
24837    42
24838    42
24839    42
24840    42
24841    42
24842    42
24843    42
24844    42
24845    42
24846    42
24847    42
24848    42
24849    42
24850    42
24851    42
24852    42
24853    42
24854    42
24855    42
24856    42
24857    42
24858    42
24859    42
24860    42
24861    42
24862    42
24863    42
24864    42
24865    42
24866    42
24867    42
24868    42
24869    42
24870    42
24871    42
24872    42
24873    42
24874    42
24875    42
24876    42
24877    42
24878    42
24879    42
24880    42
24881    42
24882    14
24883    14
24884    14
24885    14
24886    14
24887    14
24888    14
24889    14
24890    14
24891    14
24892    14
24893    14
24894    14
24895    14
24896    14
24897    14
24898    14
24899    14
24900    2
24901    14
24902    14
24903    14
24904    2
24905    2
24906    2
24907    2
24908    2
24909    2
24910    2
24911    2
24912    2
24913    2
24914    2
24915    2
24916    2
24917    2
24918    2
24919    2
24920    2
24921    2
24922    2
24923    2
24924    2
24925    2
24926    2
24927    2
24928    2
24929    2
24930    2
24931    2
24932    2
24933    2
24934    2
24935    2
24936    2
24937    2
24938    2
24939    2
24940    2
24941    2
24942    42
24943    42
24944    42
24945    42
24946    42
24947    42
24948    42
24949    42
24950    42
24951    42
24952    42
24953    42
24954    42
24955    42
24956    42
24957    42
24958    42
24959    42
24960    42
24961    42
24962    42
24963    42
24964    42
24965    42
24966    42
24967    42
24968    42
24969    42
24970    42
24971    42
24972    42
24973    42
24974    42
24975    42
24976    42
24977    42
24978    42
24979    42
24980    42
24981    42
24982    42
24983    42
24984    42
24985    42
24986    42
24987    42
24988    42
24989    42
24990    42
24991    42
24992    42
24993    42
24994    42
24995    42
24996    42
24997    42
24998    42
24999    42
25000    42
25001    42
25002    42
25003    42
25004    42
25005    42
25006    42
25007    42
25008    42
25009    42
25010    42
25011    42
25012    42
25013    42
25014    42
25015    42
25016    42
25017    42
25018    42
25019    42
25020    42
25021    42
25022    42
25023    42
25024    42
25025    42
25026    42
25027    42
25028    42
25029    42
25030    14
25031    14
25032    14
25033    14
25034    14
25035    14
25036    14
25037    14
25038    14
25039    14
25040    14
25041    14
25042    14
25043    14
25044    14
25045    14
25046    14
25047    14
25048    14
25049    14
25050    14
25051    14
25052    14
25053    2
25054    2
25055    2
25056    2
25057    2
25058    2
25059    2
25060    2
25061    2
25062    2
25063    2
25064    2
25065    2
25066    2
25067    2
25068    2
25069    2
25070    2
25071    2
25072    2
25073    2
25074    2
25075    2
25076    2
25077    2
25078    2
25079    2
25080    2
25081    2
25082    2
25083    2
25084    2
25085    2
25086    2
25087    2
25088    2
25089    2
25090    19
25091    42
25092    42
25093    42
25094    19
25095    19
25096    42
25097    42
25098    42
25099    42
25100    42
25101    42
25102    42
25103    42
25104    42
25105    42
25106    42
25107    42
25108    42
25109    42
25110    42
25111    42
25112    42
25113    42
25114    42
25115    42
25116    42
25117    42
25118    42
25119    42
25120    42
25121    42
25122    42
25123    42
25124    42
25125    42
25126    42
25127    42
25128    42
25129    42
25130    42
25131    42
25132    42
25133    42
25134    42
25135    42
25136    42
25137    42
25138    42
25139    42
25140    42
25141    42
25142    42
25143    42
25144    42
25145    42
25146    42
25147    42
25148    42
25149    42
25150    42
25151    42
25152    42
25153    42
25154    42
25155    42
25156    42
25157    42
25158    42
25159    42
25160    42
25161    42
25162    42
25163    42
25164    42
25165    42
25166    42
25167    42
25168    42
25169    42
25170    42
25171    42
25172    42
25173    42
25174    42
25175    14
25176    14
25177    14
25178    14
25179    14
25180    14
25181    14
25182    14
25183    14
25184    14
25185    14
25186    14
25187    14
25188    14
25189    14
25190    14
25191    14
25192    14
25193    14
25194    14
25195    14
25196    14
25197    14
25198    14
25199    14
25200    14
25201    2
25202    2
25203    2
25204    2
25205    2
25206    2
25207    2
25208    2
25209    2
25210    2
25211    2
25212    2
25213    2
25214    2
25215    2
25216    2
25217    2
25218    2
25219    2
25220    2
25221    2
25222    2
25223    2
25224    2
25225    2
25226    2
25227    2
25228    2
25229    2
25230    2
25231    2
25232    2
25233    2
25234    2
25235    2
25236    2
25237    2
25238    19
25239    19
25240    19
25241    19
25242    19
25243    19
25244    19
25245    19
25246    19
25247    19
25248    42
25249    42
25250    42
25251    42
25252    42
25253    42
25254    42
25255    42
25256    42
25257    42
25258    42
25259    42
25260    42
25261    42
25262    42
25263    42
25264    42
25265    42
25266    42
25267    42
25268    42
25269    42
25270    42
25271    42
25272    42
25273    42
25274    42
25275    42
25276    42
25277    42
25278    42
25279    42
25280    42
25281    42
25282    42
25283    42
25284    42
25285    42
25286    42
25287    42
25288    42
25289    42
25290    42
25291    42
25292    42
25293    42
25294    42
25295    42
25296    42
25297    42
25298    42
25299    42
25300    42
25301    42
25302    42
25303    42
25304    42
25305    42
25306    42
25307    42
25308    42
25309    42
25310    42
25311    42
25312    42
25313    42
25314    42
25315    42
25316    42
25317    42
25318    42
25319    42
25320    42
25321    42
25322    42
25323    42
25324    42
25325    42
25326    42
25327    42
25328    42
25329    42
25330    14
25331    14
25332    14
25333    14
25334    14
25335    14
25336    14
25337    14
25338    14
25339    14
25340    14
25341    14
25342    14
25343    14
25344    14
25345    14
25346    14
25347    14
25348    14
25349    14
25350    2
25351    2
25352    14
25353    14
25354    2
25355    2
25356    2
25357    2
25358    2
25359    2
25360    2
25361    2
25362    2
25363    2
25364    2
25365    2
25366    2
25367    2
25368    2
25369    2
25370    2
25371    2
25372    2
25373    2
25374    2
25375    2
25376    2
25377    2
25378    2
25379    2
25380    2
25381    19
25382    19
25383    19
25384    19
25385    19
25386    19
25387    19
25388    19
25389    19
25390    19
25391    19
25392    19
25393    19
25394    19
25395    19
25396    19
25397    19
25398    19
25399    19
25400    42
25401    42
25402    42
25403    42
25404    42
25405    42
25406    42
25407    42
25408    42
25409    42
25410    42
25411    42
25412    42
25413    42
25414    42
25415    42
25416    42
25417    42
25418    42
25419    42
25420    19
25421    19
25422    19
25423    19
25424    42
25425    42
25426    19
25427    19
25428    42
25429    42
25430    42
25431    42
25432    42
25433    42
25434    42
25435    42
25436    42
25437    42
25438    42
25439    42
25440    42
25441    42
25442    42
25443    42
25444    42
25445    42
25446    42
25447    42
25448    42
25449    42
25450    42
25451    42
25452    42
25453    42
25454    42
25455    42
25456    42
25457    42
25458    42
25459    42
25460    42
25461    42
25462    42
25463    42
25464    42
25465    42
25466    42
25467    42
25468    42
25469    42
25470    42
25471    42
25472    42
25473    42
25474    42
25475    42
25476    42
25477    42
25478    42
25479    42
25480    42
25481    14
25482    14
25483    14
25484    14
25485    14
25486    14
25487    14
25488    14
25489    14
25490    14
25491    14
25492    14
25493    14
25494    14
25495    14
25496    14
25497    14
25498    2
25499    14
25500    2
25501    2
25502    2
25503    2
25504    2
25505    2
25506    2
25507    2
25508    2
25509    2
25510    2
25511    2
25512    2
25513    2
25514    2
25515    2
25516    2
25517    2
25518    2
25519    2
25520    2
25521    2
25522    2
25523    2
25524    2
25525    2
25526    2
25527    2
25528    19
25529    19
25530    19
25531    19
25532    19
25533    19
25534    19
25535    19
25536    19
25537    19
25538    19
25539    19
25540    19
25541    19
25542    19
25543    19
25544    19
25545    19
25546    19
25547    19
25548    19
25549    19
25550    19
25551    19
25552    42
25553    42
25554    42
25555    42
25556    19
25557    42
25558    42
25559    42
25560    42
25561    42
25562    42
25563    42
25564    42
25565    42
25566    19
25567    42
25568    42
25569    42
25570    42
25571    42
25572    19
25573    19
25574    19
25575    19
25576    19
25577    19
25578    19
25579    19
25580    19
25581    19
25582    19
25583    19
25584    19
25585    42
25586    42
25587    42
25588    42
25589    19
25590    42
25591    42
25592    42
25593    42
25594    42
25595    42
25596    42
25597    42
25598    42
25599    42
25600    42
25601    42
25602    42
25603    42
25604    42
25605    42
25606    42
25607    42
25608    42
25609    42
25610    42
25611    42
25612    42
25613    42
25614    42
25615    42
25616    42
25617    42
25618    42
25619    42
25620    42
25621    42
25622    42
25623    42
25624    42
25625    42
25626    42
25627    42
25628    42
25629    42
25630    42
25631    42
25632    42
25633    14
25634    14
25635    14
25636    14
25637    14
25638    14
25639    14
25640    14
25641    14
25642    14
25643    14
25644    14
25645    14
25646    14
25647    2
25648    2
25649    2
25650    2
25651    2
25652    2
25653    2
25654    2
25655    2
25656    2
25657    2
25658    2
25659    2
25660    2
25661    2
25662    2
25663    2
25664    2
25665    2
25666    2
25667    2
25668    19
25669    19
25670    19
25671    19
25672    19
25673    19
25674    19
25675    19
25676    19
25677    19
25678    19
25679    19
25680    19
25681    19
25682    19
25683    19
25684    19
25685    19
25686    19
25687    19
25688    19
25689    19
25690    19
25691    19
25692    19
25693    19
25694    19
25695    19
25696    19
25697    19
25698    19
25699    19
25700    19
25701    19
25702    19
25703    19
25704    19
25705    19
25706    19
25707    19
25708    19
25709    19
25710    19
25711    19
25712    19
25713    19
25714    19
25715    42
25716    42
25717    19
25718    42
25719    42
25720    19
25721    19
25722    19
25723    42
25724    42
25725    42
25726    42
25727    42
25728    42
25729    42
25730    42
25731    42
25732    42
25733    19
25734    19
25735    19
25736    19
25737    42
25738    42
25739    42
25740    42
25741    42
25742    42
25743    42
25744    42
25745    42
25746    42
25747    42
25748    42
25749    42
25750    42
25751    42
25752    42
25753    42
25754    42
25755    42
25756    42
25757    42
25758    42
25759    42
25760    42
25761    42
25762    42
25763    14
25764    14
25765    14
25766    14
25767    14
25768    14
25769    14
25770    14
25771    14
25772    14
25773    14
25774    14
25775    2
25776    2
25777    2
25778    2
25779    2
25780    2
25781    2
25782    2
25783    2
25784    2
25785    2
25786    2
25787    2
25788    2
25789    2
25790    2
25791    2
25792    2
25793    2
25794    2
25795    19
25796    19
25797    19
25798    19
25799    19
25800    19
25801    19
25802    19
25803    19
25804    19
25805    19
25806    19
25807    19
25808    19
25809    19
25810    19
25811    19
25812    19
25813    19
25814    19
25815    19
25816    19
25817    19
25818    19
25819    19
25820    19
25821    19
25822    19
25823    19
25824    19
25825    19
25826    19
25827    19
25828    19
25829    19
25830    19
25831    19
25832    19
25833    19
25834    19
25835    19
25836    19
25837    19
25838    19
25839    19
25840    19
25841    19
25842    19
25843    19
25844    42
25845    42
25846    42
25847    42
25848    42
25849    42
25850    42
25851    42
25852    42
25853    42
25854    42
25855    19
25856    19
25857    19
25858    19
25859    19
25860    19
25861    42
25862    42
25863    42
25864    42
25865    42
25866    42
25867    42
25868    42
25869    42
25870    42
25871    42
25872    42
25873    42
25874    42
25875    42
25876    42
25877    42
25878    42
25879    42
25880    42
25881    42
25882    42
25883    42
25884    42
25885    42
25886    42
25887    14
25888    14
25889    14
25890    14
25891    14
25892    14
25893    14
25894    14
25895    2
25896    2
25897    2
25898    2
25899    2
25900    2
25901    2
25902    2
25903    2
25904    2
25905    2
25906    2
25907    19
25908    19
25909    19
25910    19
25911    19
25912    19
25913    19
25914    19
25915    19
25916    19
25917    19
25918    19
25919    19
25920    19
25921    19
25922    19
25923    19
25924    19
25925    19
25926    19
25927    19
25928    19
25929    19
25930    19
25931    19
25932    19
25933    19
25934    19
25935    19
25936    19
25937    19
25938    19
25939    19
25940    19
25941    19
25942    19
25943    19
25944    19
25945    19
25946    19
25947    19
25948    19
25949    19
25950    19
25951    19
25952    19
25953    19
25954    19
25955    19
25956    19
25957    19
25958    42
25959    42
25960    42
25961    42
25962    19
25963    42
25964    42
25965    42
25966    19
25967    19
25968    19
25969    19
25970    42
25971    42
25972    42
25973    42
25974    42
25975    42
25976    42
25977    42
25978    42
25979    42
25980    42
25981    42
25982    42
25983    42
25984    42
25985    42
25986    42
25987    42
25988    42
25989    42
25990    42
25991    42
25992    42
25993    42
25994    42
25995    42
25996    14
25997    14
25998    14
25999    14
26000    14
26001    14
26002    14
26003    14
26004    2
26005    2
26006    2
26007    2
26008    2
26009    2
26010    2
26011    2
26012    2
26013    2
26014    19
26015    19
26016    19
26017    19
26018    19
26019    19
26020    19
26021    19
26022    19
26023    19
26024    19
26025    19
26026    19
26027    19
26028    19
26029    19
26030    19
26031    19
26032    19
26033    19
26034    19
26035    19
26036    19
26037    19
26038    19
26039    19
26040    19
26041    19
26042    19
26043    19
26044    19
26045    19
26046    19
26047    19
26048    19
26049    19
26050    19
26051    19
26052    19
26053    19
26054    19
26055    19
26056    19
26057    19
26058    19
26059    19
26060    19
26061    19
26062    19
26063    19
26064    19
26065    19
26066    19
26067    19
26068    19
26069    19
26070    19
26071    42
26072    19
26073    19
26074    19
26075    19
26076    19
26077    19
26078    42
26079    42
26080    42
26081    42
26082    42
26083    42
26084    42
26085    42
26086    42
26087    42
26088    42
26089    42
26090    42
26091    42
26092    42
26093    42
26094    42
26095    42
26096    42
26097    42
26098    42
26099    42
26100    42
26101    42
26102    42
26103    42
26104    42
26105    14
26106    14
26107    14
26108    14
26109    16
26110    16
26111    16
26112    14
26113    16
26114    2
26115    2
26116    2
26117    2
26118    2
26119    2
26120    2
26121    19
26122    19
26123    19
26124    19
26125    19
26126    19
26127    19
26128    19
26129    19
26130    19
26131    19
26132    19
26133    19
26134    19
26135    19
26136    19
26137    19
26138    19
26139    19
26140    19
26141    19
26142    19
26143    19
26144    19
26145    19
26146    19
26147    19
26148    19
26149    19
26150    19
26151    19
26152    19
26153    19
26154    19
26155    19
26156    19
26157    19
26158    19
26159    19
26160    19
26161    19
26162    19
26163    19
26164    19
26165    19
26166    19
26167    19
26168    19
26169    19
26170    19
26171    19
26172    19
26173    19
26174    19
26175    19
26176    19
26177    42
26178    19
26179    42
26180    42
26181    42
26182    42
26183    42
26184    42
26185    42
26186    1
26187    1
26188    1
26189    42
26190    1
26191    1
26192    42
26193    42
26194    42
26195    42
26196    42
26197    42
26198    42
26199    42
26200    42
26201    42
26202    42
26203    42
26204    42
26205    42
26206    1
26207    42
26208    16
26209    16
26210    16
26211    16
26212    2
26213    19
26214    2
26215    2
26216    19
26217    2
26218    19
26219    19
26220    19
26221    19
26222    19
26223    19
26224    19
26225    19
26226    19
26227    19
26228    19
26229    19
26230    19
26231    19
26232    19
26233    19
26234    19
26235    19
26236    19
26237    19
26238    19
26239    19
26240    19
26241    19
26242    19
26243    19
26244    19
26245    19
26246    19
26247    19
26248    1
26249    1
26250    1
26251    19
26252    19
26253    19
26254    19
26255    19
26256    19
26257    19
26258    19
26259    19
26260    19
26261    19
26262    19
26263    19
26264    19
26265    19
26266    19
26267    19
26268    1
26269    19
26270    19
26271    1
26272    1
26273    1
26274    1
26275    42
26276    1
26277    1
26278    1
26279    1
26280    1
26281    1
26282    1
26283    1
26284    1
26285    42
26286    1
26287    1
26288    42
26289    42
26290    42
26291    42
26292    1
26293    1
26294    1
26295    42
26296    1
26297    1
26298    1
26299    1
26300    16
26301    16
26302    16
26303    16
26304    19
26305    19
26306    19
26307    19
26308    19
26309    19
26310    19
26311    19
26312    19
26313    19
26314    19
26315    19
26316    19
26317    19
26318    19
26319    19
26320    19
26321    19
26322    19
26323    19
26324    19
26325    19
26326    19
26327    19
26328    19
26329    19
26330    19
26331    19
26332    19
26333    19
26334    19
26335    19
26336    19
26337    19
26338    19
26339    19
26340    19
26341    19
26342    19
26343    1
26344    1
26345    1
26346    1
26347    1
26348    1
26349    1
26350    1
26351    19
26352    19
26353    19
26354    19
26355    19
26356    19
26357    19
26358    19
26359    19
26360    19
26361    19
26362    19
26363    1
26364    1
26365    1
26366    1
26367    1
26368    1
26369    1
26370    1
26371    1
26372    1
26373    1
26374    1
26375    1
26376    1
26377    1
26378    1
26379    1
26380    1
26381    1
26382    1
26383    1
26384    1
26385    1
26386    1
26387    1
26388    1
26389    1
26390    1
26391    1
26392    1
26393    16
26394    16
26395    16
26396    16
26397    19
26398    19
26399    19
26400    19
26401    19
26402    19
26403    19
26404    19
26405    19
26406    19
26407    19
26408    19
26409    19
26410    19
26411    19
26412    19
26413    19
26414    19
26415    19
26416    19
26417    19
26418    19
26419    19
26420    19
26421    19
26422    19
26423    19
26424    19
26425    19
26426    19
26427    19
26428    19
26429    19
26430    19
26431    19
26432    19
26433    19
26434    19
26435    19
26436    19
26437    19
26438    1
26439    1
26440    1
26441    1
26442    1
26443    1
26444    1
26445    1
26446    1
26447    19
26448    19
26449    19
26450    19
26451    19
26452    19
26453    19
26454    1
26455    1
26456    1
26457    19
26458    1
26459    1
26460    1
26461    1
26462    1
26463    1
26464    1
26465    1
26466    1
26467    1
26468    1
26469    1
26470    1
26471    1
26472    1
26473    1
26474    1
26475    1
26476    1
26477    1
26478    1
26479    1
26480    1
26481    1
26482    1
26483    1
26484    1
26485    1
26486    1
26487    1
26488    1
26489    1
26490    1
26491    1
26492    1
26493    16
26494    16
26495    16
26496    16
26497    16
26498    19
26499    19
26500    19
26501    19
26502    19
26503    19
26504    19
26505    19
26506    19
26507    19
26508    19
26509    19
26510    19
26511    19
26512    19
26513    19
26514    19
26515    19
26516    19
26517    19
26518    19
26519    19
26520    19
26521    19
26522    19
26523    19
26524    19
26525    19
26526    19
26527    19
26528    19
26529    19
26530    19
26531    19
26532    19
26533    19
26534    19
26535    19
26536    19
26537    19
26538    19
26539    19
26540    19
26541    19
26542    19
26543    1
26544    1
26545    1
26546    1
26547    1
26548    1
26549    1
26550    1
26551    1
26552    1
26553    1
26554    1
26555    1
26556    1
26557    1
26558    1
26559    1
26560    1
26561    1
26562    1
26563    1
26564    1
26565    1
26566    1
26567    1
26568    1
26569    1
26570    1
26571    1
26572    1
26573    1
26574    1
26575    1
26576    1
26577    1
26578    1
26579    1
26580    1
26581    1
26582    1
26583    1
26584    1
26585    1
26586    1
26587    1
26588    1
26589    1
26590    1
26591    1
26592    16
26593    16
26594    16
26595    16
26596    16
26597    19
26598    19
26599    19
26600    19
26601    19
26602    19
26603    19
26604    19
26605    19
26606    19
26607    19
26608    19
26609    19
26610    19
26611    19
26612    19
26613    19
26614    19
26615    19
26616    19
26617    19
26618    19
26619    19
26620    19
26621    19
26622    19
26623    19
26624    19
26625    19
26626    19
26627    19
26628    19
26629    19
26630    19
26631    19
26632    19
26633    19
26634    19
26635    19
26636    19
26637    19
26638    19
26639    19
26640    19
26641    19
26642    19
26643    19
26644    19
26645    19
26646    19
26647    19
26648    19
26649    1
26650    1
26651    1
26652    1
26653    1
26654    1
26655    1
26656    1
26657    1
26658    1
26659    1
26660    1
26661    1
26662    1
26663    1
26664    1
26665    1
26666    1
26667    1
26668    1
26669    1
26670    1
26671    1
26672    1
26673    1
26674    1
26675    1
26676    1
26677    1
26678    1
26679    1
26680    1
26681    1
26682    1
26683    1
26684    1
26685    1
26686    1
26687    1
26688    1
26689    1
26690    1
26691    1
26692    1
26693    1
26694    1
26695    1
26696    16
26697    16
26698    16
26699    16
26700    19
26701    19
26702    19
26703    19
26704    19
26705    19
26706    19
26707    19
26708    19
26709    19
26710    19
26711    19
26712    19
26713    19
26714    19
26715    19
26716    19
26717    19
26718    19
26719    19
26720    19
26721    19
26722    19
26723    19
26724    19
26725    19
26726    19
26727    19
26728    19
26729    19
26730    19
26731    19
26732    19
26733    19
26734    19
26735    19
26736    19
26737    19
26738    19
26739    19
26740    19
26741    19
26742    19
26743    19
26744    19
26745    19
26746    19
26747    19
26748    19
26749    19
26750    19
26751    19
26752    1
26753    1
26754    1
26755    1
26756    1
26757    1
26758    1
26759    1
26760    1
26761    1
26762    1
26763    1
26764    1
26765    1
26766    1
26767    1
26768    1
26769    1
26770    1
26771    1
26772    1
26773    1
26774    1
26775    1
26776    1
26777    1
26778    1
26779    1
26780    1
26781    1
26782    1
26783    1
26784    1
26785    1
26786    1
26787    1
26788    1
26789    1
26790    1
26791    1
26792    1
26793    1
26794    1
26795    1
26796    1
26797    1
26798    1
26799    1
26800    1
26801    1
26802    1
26803    16
26804    16
26805    16
26806    16
26807    19
26808    19
26809    19
26810    19
26811    19
26812    19
26813    19
26814    19
26815    19
26816    19
26817    19
26818    19
26819    19
26820    19
26821    19
26822    19
26823    19
26824    19
26825    19
26826    19
26827    19
26828    19
26829    19
26830    19
26831    19
26832    19
26833    19
26834    19
26835    19
26836    19
26837    19
26838    19
26839    19
26840    19
26841    19
26842    19
26843    19
26844    19
26845    19
26846    19
26847    19
26848    19
26849    19
26850    19
26851    19
26852    19
26853    19
26854    19
26855    19
26856    19
26857    1
26858    19
26859    1
26860    1
26861    1
26862    1
26863    1
26864    1
26865    1
26866    1
26867    1
26868    1
26869    1
26870    1
26871    1
26872    1
26873    1
26874    1
26875    1
26876    1
26877    1
26878    1
26879    1
26880    1
26881    1
26882    1
26883    1
26884    1
26885    1
26886    1
26887    1
26888    1
26889    1
26890    1
26891    1
26892    1
26893    1
26894    1
26895    1
26896    1
26897    1
26898    1
26899    1
26900    1
26901    1
26902    1
26903    1
26904    1
26905    1
26906    1
26907    1
26908    1
26909    1
26910    1
26911    1
26912    1
26913    1
26914    1
26915    16
26916    16
26917    16
26918    19
26919    19
26920    19
26921    19
26922    19
26923    19
26924    19
26925    19
26926    19
26927    19
26928    19
26929    19
26930    19
26931    19
26932    19
26933    19
26934    19
26935    19
26936    19
26937    19
26938    19
26939    19
26940    19
26941    19
26942    19
26943    19
26944    19
26945    19
26946    19
26947    19
26948    19
26949    19
26950    19
26951    19
26952    19
26953    19
26954    19
26955    19
26956    19
26957    19
26958    19
26959    19
26960    19
26961    19
26962    19
26963    19
26964    19
26965    19
26966    19
26967    19
26968    19
26969    19
26970    19
26971    19
26972    1
26973    1
26974    1
26975    1
26976    1
26977    1
26978    1
26979    1
26980    1
26981    1
26982    1
26983    1
26984    1
26985    1
26986    1
26987    1
26988    1
26989    1
26990    1
26991    1
26992    1
26993    1
26994    1
26995    1
26996    1
26997    1
26998    1
26999    1
27000    1
27001    1
27002    1
27003    1
27004    1
27005    1
27006    1
27007    1
27008    1
27009    1
27010    1
27011    1
27012    1
27013    1
27014    1
27015    1
27016    1
27017    1
27018    1
27019    1
27020    1
27021    1
27022    1
27023    1
27024    1
27025    1
27026    1
27027    1
27028    1
27029    1
27030    1
27031    1
27032    1
27033    1
27034    1
27035    1
27036    1
27037    1
27038    16
27039    16
27040    16
27041    19
27042    19
27043    19
27044    19
27045    19
27046    19
27047    19
27048    19
27049    19
27050    19
27051    19
27052    19
27053    19
27054    19
27055    19
27056    19
27057    19
27058    19
27059    19
27060    19
27061    19
27062    19
27063    19
27064    19
27065    19
27066    19
27067    19
27068    19
27069    19
27070    19
27071    19
27072    19
27073    19
27074    19
27075    19
27076    19
27077    19
27078    19
27079    19
27080    19
27081    19
27082    19
27083    19
27084    19
27085    19
27086    19
27087    19
27088    19
27089    19
27090    19
27091    19
27092    19
27093    19
27094    19
27095    19
27096    19
27097    19
27098    1
27099    1
27100    1
27101    1
27102    1
27103    1
27104    1
27105    1
27106    1
27107    1
27108    1
27109    1
27110    1
27111    1
27112    1
27113    1
27114    1
27115    1
27116    1
27117    1
27118    1
27119    1
27120    1
27121    1
27122    1
27123    1
27124    1
27125    1
27126    1
27127    1
27128    1
27129    1
27130    1
27131    1
27132    1
27133    1
27134    1
27135    1
27136    1
27137    1
27138    1
27139    1
27140    1
27141    1
27142    1
27143    1
27144    1
27145    1
27146    1
27147    1
27148    1
27149    1
27150    1
27151    1
27152    1
27153    1
27154    1
27155    1
27156    1
27157    1
27158    1
27159    1
27160    1
27161    1
27162    1
27163    1
27164    1
27165    1
27166    1
27167    1
27168    1
27169    16
27170    16
27171    16
27172    19
27173    19
27174    19
27175    19
27176    19
27177    19
27178    19
27179    19
27180    19
27181    19
27182    19
27183    19
27184    19
27185    19
27186    19
27187    19
27188    19
27189    19
27190    19
27191    19
27192    19
27193    19
27194    19
27195    19
27196    19
27197    19
27198    19
27199    19
27200    19
27201    19
27202    19
27203    19
27204    19
27205    19
27206    19
27207    19
27208    19
27209    19
27210    19
27211    19
27212    19
27213    19
27214    19
27215    19
27216    19
27217    19
27218    19
27219    19
27220    19
27221    19
27222    19
27223    20
27224    1
27225    19
27226    1
27227    1
27228    1
27229    1
27230    1
27231    1
27232    1
27233    1
27234    1
27235    1
27236    1
27237    1
27238    1
27239    1
27240    1
27241    1
27242    1
27243    1
27244    1
27245    1
27246    1
27247    1
27248    1
27249    1
27250    1
27251    1
27252    1
27253    1
27254    1
27255    1
27256    1
27257    1
27258    1
27259    1
27260    1
27261    1
27262    1
27263    1
27264    1
27265    1
27266    1
27267    1
27268    1
27269    1
27270    1
27271    1
27272    1
27273    1
27274    1
27275    1
27276    1
27277    1
27278    1
27279    1
27280    1
27281    1
27282    1
27283    1
27284    1
27285    1
27286    1
27287    1
27288    1
27289    1
27290    1
27291    1
27292    1
27293    1
27294    1
27295    1
27296    1
27297    1
27298    1
27299    1
27300    1
27301    1
27302    1
27303    16
27304    16
27305    16
27306    16
27307    19
27308    19
27309    19
27310    19
27311    19
27312    19
27313    19
27314    19
27315    19
27316    19
27317    19
27318    19
27319    19
27320    19
27321    19
27322    19
27323    19
27324    19
27325    19
27326    19
27327    19
27328    19
27329    19
27330    19
27331    19
27332    19
27333    19
27334    19
27335    19
27336    19
27337    19
27338    19
27339    19
27340    19
27341    19
27342    19
27343    19
27344    19
27345    19
27346    19
27347    19
27348    19
27349    19
27350    19
27351    19
27352    19
27353    19
27354    19
27355    19
27356    19
27357    19
27358    19
27359    19
27360    20
27361    20
27362    20
27363    20
27364    1
27365    1
27366    1
27367    1
27368    1
27369    1
27370    1
27371    1
27372    1
27373    1
27374    1
27375    1
27376    1
27377    1
27378    1
27379    1
27380    1
27381    1
27382    1
27383    1
27384    1
27385    1
27386    1
27387    1
27388    1
27389    1
27390    1
27391    1
27392    1
27393    1
27394    1
27395    1
27396    1
27397    1
27398    1
27399    1
27400    1
27401    1
27402    1
27403    1
27404    1
27405    1
27406    1
27407    1
27408    1
27409    1
27410    1
27411    1
27412    1
27413    1
27414    1
27415    1
27416    1
27417    1
27418    1
27419    1
27420    1
27421    1
27422    1
27423    1
27424    1
27425    1
27426    1
27427    1
27428    1
27429    1
27430    1
27431    1
27432    1
27433    1
27434    1
27435    1
27436    1
27437    1
27438    16
27439    16
27440    16
27441    16
27442    16
27443    18
27444    19
27445    19
27446    19
27447    19
27448    19
27449    19
27450    19
27451    19
27452    19
27453    19
27454    19
27455    19
27456    19
27457    19
27458    19
27459    19
27460    19
27461    19
27462    19
27463    19
27464    19
27465    19
27466    19
27467    19
27468    19
27469    19
27470    19
27471    19
27472    19
27473    19
27474    19
27475    19
27476    19
27477    19
27478    19
27479    19
27480    19
27481    19
27482    19
27483    19
27484    19
27485    19
27486    19
27487    19
27488    19
27489    19
27490    19
27491    19
27492    19
27493    19
27494    19
27495    19
27496    19
27497    19
27498    19
27499    19
27500    19
27501    19
27502    19
27503    19
27504    19
27505    19
27506    20
27507    20
27508    20
27509    20
27510    20
27511    20
27512    20
27513    20
27514    20
27515    1
27516    1
27517    1
27518    1
27519    1
27520    1
27521    1
27522    1
27523    1
27524    1
27525    1
27526    1
27527    1
27528    1
27529    1
27530    1
27531    1
27532    1
27533    1
27534    1
27535    1
27536    1
27537    1
27538    1
27539    1
27540    1
27541    1
27542    1
27543    1
27544    1
27545    1
27546    1
27547    1
27548    1
27549    1
27550    1
27551    1
27552    1
27553    1
27554    1
27555    1
27556    1
27557    1
27558    1
27559    1
27560    1
27561    1
27562    1
27563    16
27564    16
27565    16
27566    16
27567    16
27568    16
27569    16
27570    18
27571    16
27572    18
27573    18
27574    18
27575    18
27576    18
27577    19
27578    19
27579    19
27580    19
27581    19
27582    19
27583    19
27584    19
27585    19
27586    19
27587    19
27588    19
27589    19
27590    19
27591    19
27592    19
27593    19
27594    19
27595    19
27596    19
27597    19
27598    19
27599    19
27600    19
27601    19
27602    19
27603    19
27604    19
27605    19
27606    19
27607    19
27608    19
27609    19
27610    19
27611    19
27612    19
27613    19
27614    19
27615    19
27616    19
27617    19
27618    19
27619    19
27620    19
27621    19
27622    19
27623    19
27624    19
27625    19
27626    19
27627    19
27628    19
27629    19
27630    20
27631    20
27632    20
27633    20
27634    20
27635    20
27636    20
27637    20
27638    20
27639    20
27640    20
27641    20
27642    1
27643    1
27644    1
27645    1
27646    1
27647    1
27648    1
27649    1
27650    1
27651    1
27652    1
27653    1
27654    1
27655    1
27656    1
27657    1
27658    1
27659    1
27660    1
27661    1
27662    1
27663    1
27664    1
27665    1
27666    1
27667    1
27668    1
27669    1
27670    1
27671    1
27672    1
27673    1
27674    1
27675    1
27676    1
27677    16
27678    16
27679    16
27680    16
27681    16
27682    16
27683    18
27684    18
27685    18
27686    18
27687    18
27688    18
27689    18
27690    18
27691    18
27692    18
27693    18
27694    18
27695    18
27696    18
27697    18
27698    19
27699    19
27700    19
27701    19
27702    19
27703    19
27704    19
27705    19
27706    19
27707    19
27708    19
27709    19
27710    19
27711    19
27712    19
27713    19
27714    19
27715    19
27716    19
27717    19
27718    19
27719    19
27720    19
27721    19
27722    19
27723    19
27724    19
27725    19
27726    19
27727    19
27728    19
27729    19
27730    19
27731    19
27732    19
27733    19
27734    19
27735    19
27736    19
27737    19
27738    19
27739    19
27740    20
27741    20
27742    20
27743    20
27744    20
27745    20
27746    20
27747    20
27748    20
27749    20
27750    20
27751    20
27752    20
27753    20
27754    20
27755    20
27756    1
27757    1
27758    1
27759    1
27760    1
27761    1
27762    1
27763    1
27764    1
27765    1
27766    1
27767    1
27768    1
27769    1
27770    1
27771    1
27772    1
27773    1
27774    1
27775    1
27776    1
27777    1
27778    1
27779    1
27780    1
27781    1
27782    1
27783    1
27784    1
27785    1
27786    1
27787    16
27788    16
27789    16
27790    16
27791    16
27792    18
27793    18
27794    18
27795    18
27796    18
27797    18
27798    18
27799    18
27800    18
27801    18
27802    18
27803    18
27804    18
27805    18
27806    18
27807    18
27808    18
27809    18
27810    18
27811    18
27812    19
27813    19
27814    19
27815    19
27816    19
27817    19
27818    19
27819    19
27820    19
27821    19
27822    19
27823    19
27824    19
27825    19
27826    19
27827    19
27828    19
27829    19
27830    19
27831    19
27832    19
27833    19
27834    19
27835    19
27836    19
27837    19
27838    19
27839    19
27840    19
27841    19
27842    19
27843    19
27844    19
27845    19
27846    19
27847    19
27848    19
27849    20
27850    20
27851    20
27852    20
27853    20
27854    20
27855    20
27856    20
27857    20
27858    20
27859    20
27860    20
27861    20
27862    20
27863    20
27864    1
27865    1
27866    1
27867    1
27868    1
27869    1
27870    1
27871    1
27872    1
27873    1
27874    1
27875    1
27876    1
27877    1
27878    1
27879    1
27880    1
27881    1
27882    1
27883    1
27884    1
27885    1
27886    1
27887    1
27888    1
27889    1
27890    1
27891    1
27892    1
27893    1
27894    1
27895    16
27896    16
27897    18
27898    18
27899    18
27900    18
27901    18
27902    18
27903    18
27904    18
27905    18
27906    18
27907    18
27908    18
27909    18
27910    18
27911    18
27912    18
27913    18
27914    18
27915    18
27916    18
27917    18
27918    18
27919    19
27920    18
27921    18
27922    19
27923    19
27924    19
27925    19
27926    19
27927    19
27928    19
27929    19
27930    19
27931    19
27932    19
27933    19
27934    19
27935    19
27936    19
27937    19
27938    19
27939    19
27940    19
27941    19
27942    19
27943    19
27944    19
27945    19
27946    19
27947    19
27948    19
27949    19
27950    19
27951    19
27952    19
27953    20
27954    20
27955    20
27956    20
27957    20
27958    20
27959    20
27960    20
27961    20
27962    20
27963    20
27964    20
27965    20
27966    20
27967    20
27968    1
27969    1
27970    1
27971    1
27972    1
27973    20
27974    20
27975    20
27976    20
27977    20
27978    20
27979    20
27980    20
27981    20
27982    20
27983    1
27984    1
27985    1
27986    1
27987    1
27988    1
27989    1
27990    1
27991    1
27992    1
27993    1
27994    1
27995    1
27996    1
27997    1
27998    1
27999    1
28000    1
28001    1
28002    16
28003    16
28004    18
28005    18
28006    18
28007    18
28008    18
28009    18
28010    18
28011    18
28012    18
28013    18
28014    18
28015    18
28016    18
28017    18
28018    18
28019    18
28020    18
28021    18
28022    18
28023    18
28024    18
28025    18
28026    18
28027    18
28028    18
28029    18
28030    18
28031    18
28032    18
28033    18
28034    18
28035    19
28036    19
28037    19
28038    19
28039    19
28040    19
28041    19
28042    19
28043    19
28044    19
28045    19
28046    19
28047    20
28048    19
28049    19
28050    19
28051    19
28052    19
28053    19
28054    20
28055    19
28056    19
28057    19
28058    20
28059    20
28060    20
28061    20
28062    20
28063    20
28064    20
28065    20
28066    20
28067    20
28068    20
28069    20
28070    20
28071    20
28072    20
28073    20
28074    20
28075    20
28076    20
28077    20
28078    20
28079    20
28080    20
28081    20
28082    20
28083    20
28084    20
28085    20
28086    20
28087    20
28088    20
28089    20
28090    20
28091    20
28092    20
28093    20
28094    20
28095    20
28096    20
28097    20
28098    20
28099    20
28100    20
28101    20
28102    20
28103    20
28104    20
28105    20
28106    1
28107    1
28108    1
28109    1
28110    1
28111    1
28112    1
28113    1
28114    1
28115    1
28116    18
28117    18
28118    18
28119    18
28120    18
28121    18
28122    18
28123    18
28124    18
28125    18
28126    18
28127    18
28128    18
28129    18
28130    18
28131    18
28132    18
28133    18
28134    18
28135    18
28136    18
28137    18
28138    18
28139    18
28140    18
28141    18
28142    18
28143    18
28144    18
28145    18
28146    18
28147    18
28148    18
28149    18
28150    18
28151    19
28152    18
28153    19
28154    19
28155    19
28156    19
28157    19
28158    19
28159    19
28160    20
28161    20
28162    20
28163    19
28164    19
28165    19
28166    19
28167    19
28168    19
28169    19
28170    20
28171    20
28172    20
28173    20
28174    20
28175    20
28176    20
28177    20
28178    20
28179    20
28180    20
28181    20
28182    20
28183    20
28184    20
28185    20
28186    20
28187    20
28188    20
28189    20
28190    20
28191    20
28192    20
28193    20
28194    20
28195    20
28196    20
28197    20
28198    20
28199    20
28200    20
28201    20
28202    20
28203    20
28204    20
28205    20
28206    20
28207    20
28208    20
28209    20
28210    20
28211    20
28212    20
28213    1
28214    1
28215    1
28216    1
28217    1
28218    1
28219    1
28220    1
28221    1
28222    1
28223    1
28224    1
28225    18
28226    18
28227    18
28228    18
28229    18
28230    18
28231    18
28232    18
28233    18
28234    18
28235    18
28236    18
28237    18
28238    18
28239    18
28240    18
28241    18
28242    18
28243    18
28244    18
28245    18
28246    18
28247    18
28248    18
28249    18
28250    18
28251    18
28252    18
28253    18
28254    18
28255    18
28256    18
28257    18
28258    18
28259    18
28260    18
28261    18
28262    18
28263    18
28264    18
28265    18
28266    19
28267    19
28268    19
28269    19
28270    20
28271    20
28272    20
28273    20
28274    20
28275    20
28276    20
28277    20
28278    20
28279    20
28280    20
28281    19
28282    19
28283    20
28284    20
28285    20
28286    20
28287    20
28288    20
28289    20
28290    20
28291    20
28292    20
28293    20
28294    20
28295    20
28296    20
28297    20
28298    20
28299    20
28300    20
28301    20
28302    20
28303    20
28304    20
28305    20
28306    20
28307    20
28308    20
28309    20
28310    20
28311    20
28312    20
28313    20
28314    20
28315    20
28316    20
28317    20
28318    20
28319    20
28320    20
28321    20
28322    20
28323    20
28324    20
28325    20
28326    1
28327    1
28328    1
28329    1
28330    1
28331    1
28332    1
28333    1
28334    1
28335    1
28336    1
28337    1
28338    1
28339    18
28340    18
28341    18
28342    18
28343    18
28344    18
28345    18
28346    18
28347    18
28348    18
28349    18
28350    18
28351    18
28352    18
28353    18
28354    18
28355    18
28356    18
28357    18
28358    18
28359    18
28360    18
28361    18
28362    18
28363    18
28364    18
28365    18
28366    18
28367    18
28368    18
28369    18
28370    18
28371    18
28372    18
28373    18
28374    18
28375    18
28376    18
28377    18
28378    18
28379    18
28380    18
28381    20
28382    20
28383    20
28384    20
28385    20
28386    20
28387    20
28388    20
28389    20
28390    20
28391    20
28392    20
28393    20
28394    20
28395    20
28396    20
28397    20
28398    20
28399    20
28400    20
28401    20
28402    20
28403    20
28404    20
28405    20
28406    20
28407    20
28408    20
28409    20
28410    20
28411    20
28412    20
28413    20
28414    20
28415    20
28416    20
28417    20
28418    20
28419    20
28420    20
28421    20
28422    20
28423    20
28424    20
28425    20
28426    20
28427    20
28428    20
28429    20
28430    20
28431    20
28432    20
28433    20
28434    20
28435    1
28436    1
28437    1
28438    1
28439    1
28440    1
28441    1
28442    1
28443    1
28444    1
28445    1
28446    1
28447    18
28448    18
28449    18
28450    18
28451    18
28452    18
28453    18
28454    18
28455    18
28456    18
28457    18
28458    18
28459    18
28460    18
28461    18
28462    18
28463    18
28464    18
28465    18
28466    18
28467    18
28468    18
28469    18
28470    18
28471    18
28472    18
28473    18
28474    18
28475    18
28476    18
28477    18
28478    18
28479    18
28480    18
28481    18
28482    18
28483    18
28484    18
28485    18
28486    18
28487    18
28488    18
28489    18
28490    20
28491    20
28492    20
28493    20
28494    20
28495    20
28496    20
28497    20
28498    20
28499    20
28500    20
28501    20
28502    20
28503    20
28504    20
28505    20
28506    20
28507    20
28508    20
28509    20
28510    20
28511    20
28512    20
28513    20
28514    20
28515    20
28516    20
28517    20
28518    20
28519    20
28520    20
28521    20
28522    20
28523    20
28524    20
28525    20
28526    20
28527    20
28528    20
28529    20
28530    20
28531    20
28532    20
28533    20
28534    20
28535    20
28536    20
28537    20
28538    20
28539    20
28540    20
28541    20
28542    20
28543    20
28544    1
28545    1
28546    1
28547    1
28548    20
28549    20
28550    20
28551    1
28552    1
28553    1
28554    1
28555    1
28556    1
28557    1
28558    18
28559    18
28560    18
28561    18
28562    18
28563    18
28564    18
28565    18
28566    18
28567    18
28568    18
28569    18
28570    18
28571    18
28572    18
28573    18
28574    18
28575    18
28576    18
28577    18
28578    18
28579    18
28580    18
28581    18
28582    18
28583    18
28584    18
28585    18
28586    18
28587    18
28588    18
28589    18
28590    18
28591    18
28592    18
28593    18
28594    18
28595    18
28596    18
28597    18
28598    18
28599    18
28600    18
28601    18
28602    18
28603    18
28604    20
28605    20
28606    20
28607    20
28608    20
28609    20
28610    20
28611    20
28612    20
28613    20
28614    20
28615    20
28616    20
28617    20
28618    20
28619    20
28620    20
28621    20
28622    20
28623    20
28624    20
28625    20
28626    20
28627    20
28628    20
28629    20
28630    20
28631    20
28632    20
28633    20
28634    20
28635    20
28636    20
28637    20
28638    20
28639    20
28640    20
28641    20
28642    20
28643    20
28644    20
28645    20
28646    20
28647    20
28648    20
28649    20
28650    20
28651    20
28652    20
28653    20
28654    20
28655    20
28656    20
28657    20
28658    20
28659    20
28660    20
28661    20
28662    20
28663    1
28664    1
28665    18
28666    18
28667    18
28668    18
28669    18
28670    18
28671    18
28672    18
28673    18
28674    18
28675    18
28676    18
28677    18
28678    18
28679    18
28680    18
28681    18
28682    18
28683    18
28684    18
28685    18
28686    18
28687    18
28688    18
28689    18
28690    18
28691    18
28692    18
28693    18
28694    18
28695    18
28696    18
28697    18
28698    18
28699    18
28700    18
28701    18
28702    18
28703    18
28704    18
28705    18
28706    18
28707    18
28708    18
28709    18
28710    18
28711    18
28712    18
28713    18
28714    18
28715    20
28716    20
28717    20
28718    20
28719    20
28720    20
28721    20
28722    20
28723    20
28724    20
28725    20
28726    20
28727    20
28728    20
28729    20
28730    20
28731    20
28732    20
28733    20
28734    20
28735    20
28736    20
28737    20
28738    20
28739    20
28740    20
28741    20
28742    20
28743    20
28744    20
28745    20
28746    20
28747    20
28748    20
28749    20
28750    20
28751    20
28752    20
28753    20
28754    20
28755    20
28756    20
28757    20
28758    20
28759    20
28760    20
28761    20
28762    20
28763    20
28764    20
28765    20
28766    20
28767    20
28768    20
28769    20
28770    20
28771    20
28772    18
28773    18
28774    18
28775    18
28776    18
28777    18
28778    18
28779    18
28780    18
28781    18
28782    18
28783    18
28784    18
28785    18
28786    18
28787    18
28788    18
28789    18
28790    18
28791    18
28792    18
28793    18
28794    18
28795    18
28796    18
28797    18
28798    18
28799    18
28800    18
28801    18
28802    18
28803    18
28804    18
28805    18
28806    18
28807    18
28808    18
28809    18
28810    18
28811    18
28812    18
28813    18
28814    18
28815    18
28816    18
28817    18
28818    18
28819    18
28820    18
28821    18
28822    18
28823    18
28824    18
28825    20
28826    20
28827    20
28828    20
28829    20
28830    20
28831    20
28832    20
28833    20
28834    20
28835    20
28836    20
28837    20
28838    20
28839    20
28840    20
28841    20
28842    20
28843    20
28844    20
28845    20
28846    20
28847    20
28848    20
28849    20
28850    20
28851    20
28852    20
28853    20
28854    20
28855    20
28856    20
28857    20
28858    20
28859    20
28860    20
28861    20
28862    20
28863    20
28864    20
28865    20
28866    20
28867    20
28868    20
28869    20
28870    20
28871    20
28872    20
28873    20
28874    20
28875    20
28876    20
28877    20
28878    20
28879    20
28880    20
28881    20
28882    20
28883    20
28884    20
28885    20
28886    20
28887    18
28888    18
28889    18
28890    18
28891    18
28892    18
28893    18
28894    18
28895    18
28896    18
28897    18
28898    18
28899    18
28900    18
28901    18
28902    18
28903    18
28904    18
28905    18
28906    18
28907    18
28908    18
28909    18
28910    18
28911    18
28912    18
28913    18
28914    18
28915    18
28916    18
28917    18
28918    18
28919    18
28920    18
28921    18
28922    18
28923    18
28924    18
28925    18
28926    18
28927    18
28928    18
28929    18
28930    18
28931    18
28932    18
28933    18
28934    18
28935    18
28936    18
28937    18
28938    18
28939    18
28940    18
28941    18
28942    18
28943    18
28944    18
28945    20
28946    18
28947    20
28948    20
28949    20
28950    20
28951    20
28952    20
28953    20
28954    20
28955    20
28956    20
28957    20
28958    20
28959    20
28960    20
28961    20
28962    20
28963    20
28964    20
28965    20
28966    20
28967    20
28968    20
28969    20
28970    20
28971    20
28972    20
28973    20
28974    20
28975    20
28976    20
28977    20
28978    20
28979    20
28980    20
28981    20
28982    20
28983    20
28984    20
28985    20
28986    20
28987    20
28988    20
28989    20
28990    20
28991    20
28992    20
28993    20
28994    20
28995    20
28996    20
28997    20
28998    20
28999    20
29000    20
29001    20
29002    20
29003    20
29004    20
29005    20
29006    20
29007    20
29008    20
29009    20
29010    20
29011    20
29012    20
29013    20
29014    20
29015    18
29016    18
29017    18
29018    18
29019    18
29020    18
29021    18
29022    18
29023    18
29024    18
29025    18
29026    18
29027    18
29028    18
29029    18
29030    18
29031    18
29032    18
29033    18
29034    18
29035    18
29036    18
29037    18
29038    18
29039    18
29040    18
29041    18
29042    18
29043    18
29044    18
29045    18
29046    18
29047    18
29048    18
29049    18
29050    18
29051    18
29052    18
29053    18
29054    18
29055    18
29056    18
29057    18
29058    18
29059    18
29060    18
29061    18
29062    18
29063    18
29064    18
29065    18
29066    18
29067    18
29068    18
29069    18
29070    18
29071    18
29072    18
29073    18
29074    20
29075    20
29076    20
29077    20
29078    20
29079    20
29080    20
29081    20
29082    20
29083    20
29084    20
29085    20
29086    20
29087    20
29088    20
29089    20
29090    20
29091    20
29092    20
29093    20
29094    20
29095    20
29096    20
29097    20
29098    20
29099    20
29100    20
29101    20
29102    20
29103    20
29104    20
29105    20
29106    20
29107    20
29108    20
29109    20
29110    20
29111    20
29112    20
29113    20
29114    20
29115    20
29116    20
29117    20
29118    20
29119    20
29120    20
29121    20
29122    20
29123    20
29124    20
29125    20
29126    20
29127    20
29128    20
29129    20
29130    20
29131    20
29132    20
29133    20
29134    20
29135    20
29136    20
29137    20
29138    20
29139    20
29140    20
29141    20
29142    20
29143    20
29144    20
29145    20
29146    18
29147    18
29148    18
29149    18
29150    18
29151    18
29152    18
29153    18
29154    18
29155    18
29156    18
29157    18
29158    18
29159    18
29160    18
29161    18
29162    18
29163    18
29164    18
29165    18
29166    18
29167    18
29168    18
29169    18
29170    18
29171    18
29172    18
29173    18
29174    18
29175    18
29176    18
29177    18
29178    18
29179    18
29180    18
29181    18
29182    18
29183    18
29184    18
29185    18
29186    18
29187    18
29188    18
29189    18
29190    18
29191    18
29192    18
29193    18
29194    18
29195    18
29196    18
29197    18
29198    18
29199    18
29200    18
29201    18
29202    18
29203    18
29204    18
29205    18
29206    18
29207    18
29208    18
29209    18
29210    18
29211    18
29212    18
29213    18
29214    20
29215    20
29216    20
29217    20
29218    20
29219    20
29220    20
29221    20
29222    20
29223    20
29224    20
29225    20
29226    20
29227    20
29228    20
29229    20
29230    20
29231    20
29232    20
29233    20
29234    20
29235    20
29236    20
29237    20
29238    20
29239    20
29240    20
29241    20
29242    20
29243    20
29244    20
29245    20
29246    20
29247    20
29248    20
29249    20
29250    20
29251    20
29252    20
29253    20
29254    20
29255    20
29256    20
29257    20
29258    20
29259    20
29260    20
29261    20
29262    20
29263    20
29264    20
29265    20
29266    20
29267    20
29268    20
29269    20
29270    20
29271    20
29272    18
29273    18
29274    18
29275    18
29276    18
29277    18
29278    18
29279    18
29280    18
29281    18
29282    18
29283    18
29284    18
29285    18
29286    18
29287    18
29288    18
29289    18
29290    18
29291    18
29292    18
29293    18
29294    18
29295    18
29296    18
29297    18
29298    18
29299    18
29300    18
29301    18
29302    18
29303    18
29304    18
29305    18
29306    18
29307    18
29308    18
29309    18
29310    18
29311    18
29312    18
29313    18
29314    18
29315    18
29316    18
29317    18
29318    18
29319    18
29320    18
29321    18
29322    18
29323    18
29324    18
29325    18
29326    18
29327    18
29328    18
29329    18
29330    18
29331    18
29332    18
29333    18
29334    18
29335    18
29336    18
29337    18
29338    18
29339    18
29340    18
29341    18
29342    20
29343    20
29344    20
29345    20
29346    20
29347    20
29348    20
29349    20
29350    20
29351    20
29352    20
29353    20
29354    20
29355    20
29356    20
29357    20
29358    20
29359    20
29360    20
29361    20
29362    20
29363    20
29364    20
29365    20
29366    20
29367    20
29368    20
29369    20
29370    20
29371    20
29372    20
29373    20
29374    20
29375    20
29376    20
29377    20
29378    20
29379    20
29380    20
29381    20
29382    20
29383    20
29384    20
29385    20
29386    20
29387    20
29388    20
29389    20
29390    20
29391    20
29392    20
29393    20
29394    18
29395    18
29396    18
29397    18
29398    18
29399    18
29400    18
29401    18
29402    18
29403    18
29404    18
29405    18
29406    18
29407    18
29408    18
29409    18
29410    18
29411    18
29412    18
29413    18
29414    18
29415    18
29416    18
29417    18
29418    18
29419    18
29420    18
29421    18
29422    18
29423    18
29424    18
29425    18
29426    18
29427    18
29428    18
29429    18
29430    18
29431    18
29432    18
29433    18
29434    18
29435    18
29436    18
29437    18
29438    18
29439    18
29440    18
29441    18
29442    18
29443    18
29444    18
29445    18
29446    18
29447    18
29448    18
29449    18
29450    18
29451    18
29452    18
29453    18
29454    18
29455    18
29456    18
29457    18
29458    18
29459    18
29460    18
29461    18
29462    20
29463    20
29464    20
29465    20
29466    20
29467    20
29468    20
29469    20
29470    20
29471    20
29472    20
29473    20
29474    20
29475    20
29476    20
29477    20
29478    20
29479    20
29480    20
29481    20
29482    20
29483    20
29484    20
29485    20
29486    20
29487    20
29488    20
29489    20
29490    20
29491    20
29492    20
29493    20
29494    20
29495    20
29496    20
29497    20
29498    20
29499    20
29500    20
29501    20
29502    20
29503    20
29504    20
29505    20
29506    20
29507    20
29508    20
29509    20
29510    20
29511    20
29512    20
29513    20
29514    20
29515    20
29516    20
29517    20
29518    18
29519    18
29520    18
29521    18
29522    18
29523    18
29524    18
29525    18
29526    18
29527    18
29528    18
29529    18
29530    18
29531    18
29532    18
29533    18
29534    18
29535    18
29536    18
29537    18
29538    18
29539    18
29540    18
29541    18
29542    18
29543    18
29544    18
29545    18
29546    18
29547    18
29548    18
29549    18
29550    18
29551    18
29552    18
29553    18
29554    18
29555    18
29556    18
29557    18
29558    18
29559    18
29560    18
29561    18
29562    18
29563    18
29564    18
29565    18
29566    18
29567    18
29568    18
29569    18
29570    18
29571    18
29572    18
29573    18
29574    18
29575    18
29576    18
29577    18
29578    18
29579    18
29580    18
29581    20
29582    20
29583    20
29584    20
29585    20
29586    20
29587    20
29588    20
29589    20
29590    20
29591    20
29592    20
29593    20
29594    20
29595    20
29596    20
29597    20
29598    20
29599    20
29600    20
29601    20
29602    20
29603    20
29604    20
29605    20
29606    20
29607    20
29608    20
29609    20
29610    20
29611    20
29612    20
29613    20
29614    20
29615    20
29616    20
29617    20
29618    20
29619    20
29620    20
29621    20
29622    20
29623    20
29624    20
29625    20
29626    20
29627    20
29628    20
29629    20
29630    20
29631    20
29632    20
29633    20
29634    20
29635    20
29636    20
29637    20
29638    20
29639    20
29640    20
29641    18
29642    18
29643    18
29644    18
29645    18
29646    18
29647    18
29648    18
29649    18
29650    18
29651    18
29652    18
29653    18
29654    18
29655    18
29656    18
29657    18
29658    18
29659    18
29660    18
29661    18
29662    18
29663    18
29664    18
29665    18
29666    18
29667    18
29668    18
29669    18
29670    18
29671    18
29672    18
29673    18
29674    18
29675    18
29676    18
29677    18
29678    18
29679    18
29680    18
29681    18
29682    18
29683    18
29684    18
29685    18
29686    18
29687    18
29688    18
29689    18
29690    18
29691    18
29692    18
29693    18
29694    18
29695    18
29696    18
29697    18
29698    18
29699    18
29700    18
29701    18
29702    18
29703    18
29704    18
29705    18
29706    18
29707    18
29708    18
29709    20
29710    20
29711    20
29712    20
29713    20
29714    20
29715    20
29716    20
29717    20
29718    20
29719    20
29720    20
29721    20
29722    20
29723    20
29724    20
29725    20
29726    20
29727    20
29728    20
29729    20
29730    20
29731    20
29732    20
29733    20
29734    20
29735    20
29736    20
29737    20
29738    20
29739    20
29740    20
29741    20
29742    20
29743    20
29744    20
29745    20
29746    20
29747    20
29748    20
29749    20
29750    20
29751    20
29752    20
29753    20
29754    20
29755    20
29756    20
29757    20
29758    20
29759    20
29760    20
29761    20
29762    20
29763    20
29764    20
29765    20
29766    20
29767    20
29768    20
29769    20
29770    18
29771    18
29772    18
29773    18
29774    18
29775    18
29776    18
29777    18
29778    18
29779    18
29780    18
29781    18
29782    18
29783    18
29784    18
29785    18
29786    18
29787    18
29788    18
29789    18
29790    18
29791    18
29792    18
29793    18
29794    18
29795    18
29796    18
29797    18
29798    18
29799    18
29800    18
29801    18
29802    18
29803    18
29804    18
29805    18
29806    18
29807    18
29808    18
29809    18
29810    18
29811    18
29812    18
29813    18
29814    18
29815    18
29816    18
29817    18
29818    18
29819    18
29820    18
29821    18
29822    18
29823    18
29824    18
29825    18
29826    18
29827    18
29828    18
29829    18
29830    18
29831    18
29832    18
29833    18
29834    20
29835    20
29836    20
29837    20
29838    20
29839    20
29840    20
29841    20
29842    20
29843    20
29844    20
29845    20
29846    20
29847    20
29848    20
29849    20
29850    20
29851    20
29852    20
29853    20
29854    20
29855    20
29856    20
29857    20
29858    20
29859    20
29860    20
29861    20
29862    20
29863    20
29864    20
29865    20
29866    20
29867    20
29868    20
29869    20
29870    20
29871    20
29872    20
29873    20
29874    20
29875    20
29876    20
29877    20
29878    20
29879    18
29880    18
29881    18
29882    18
29883    18
29884    18
29885    18
29886    18
29887    18
29888    18
29889    18
29890    18
29891    18
29892    18
29893    18
29894    18
29895    18
29896    18
29897    18
29898    18
29899    18
29900    18
29901    18
29902    18
29903    18
29904    18
29905    18
29906    18
29907    18
29908    18
29909    18
29910    18
29911    18
29912    18
29913    18
29914    18
29915    18
29916    18
29917    18
29918    18
29919    18
29920    18
29921    18
29922    18
29923    18
29924    18
29925    18
29926    18
29927    18
29928    18
29929    18
29930    18
29931    18
29932    18
29933    18
29934    18
29935    18
29936    18
29937    18
29938    18
29939    18
29940    18
29941    18
29942    18
29943    18
29944    18
29945    18
29946    20
29947    20
29948    20
29949    20
29950    20
29951    20
29952    20
29953    20
29954    20
29955    20
29956    20
29957    20
29958    20
29959    20
29960    20
29961    20
29962    20
29963    20
29964    20
29965    20
29966    20
29967    20
29968    20
29969    20
29970    20
29971    20
29972    20
29973    20
29974    20
29975    20
29976    20
29977    20
29978    20
29979    20
29980    20
29981    20
29982    20
29983    20
29984    20
29985    18
29986    18
29987    18
29988    18
29989    18
29990    18
29991    18
29992    18
29993    18
29994    18
29995    18
29996    18
29997    18
29998    18
29999    18
30000    18
30001    18
30002    18
30003    18
30004    18
30005    18
30006    18
30007    18
30008    18
30009    18
30010    18
30011    18
30012    18
30013    18
30014    18
30015    18
30016    18
30017    18
30018    18
30019    18
30020    18
30021    18
30022    18
30023    18
30024    18
30025    18
30026    18
30027    18
30028    18
30029    18
30030    18
30031    18
30032    18
30033    18
30034    18
30035    18
30036    18
30037    18
30038    18
30039    18
30040    18
30041    18
30042    18
30043    18
30044    18
30045    18
30046    18
30047    18
30048    18
30049    18
30050    18
30051    18
30052    18
30053    18
30054    20
30055    20
30056    20
30057    20
30058    20
30059    20
30060    20
30061    20
30062    20
30063    20
30064    20
30065    20
30066    20
30067    20
30068    20
30069    20
30070    20
30071    20
30072    20
30073    20
30074    20
30075    20
30076    20
30077    20
30078    20
30079    20
30080    20
30081    20
30082    20
30083    20
30084    20
30085    20
30086    20
30087    20
30088    20
30089    20
30090    20
30091    20
30092    18
30093    18
30094    18
30095    18
30096    18
30097    18
30098    18
30099    18
30100    18
30101    18
30102    18
30103    18
30104    18
30105    18
30106    18
30107    18
30108    18
30109    18
30110    18
30111    18
30112    18
30113    18
30114    18
30115    18
30116    18
30117    18
30118    18
30119    18
30120    18
30121    18
30122    18
30123    18
30124    18
30125    18
30126    18
30127    18
30128    18
30129    18
30130    18
30131    18
30132    18
30133    18
30134    18
30135    18
30136    18
30137    18
30138    18
30139    18
30140    18
30141    18
30142    18
30143    18
30144    18
30145    18
30146    18
30147    18
30148    18
30149    18
30150    18
30151    18
30152    18
30153    18
30154    18
30155    18
30156    20
30157    20
30158    20
30159    20
30160    20
30161    20
30162    20
30163    20
30164    20
30165    20
30166    20
30167    20
30168    20
30169    20
30170    20
30171    20
30172    20
30173    20
30174    20
30175    20
30176    20
30177    20
30178    20
30179    20
30180    20
30181    20
30182    20
30183    20
30184    20
30185    18
30186    18
30187    18
30188    18
30189    18
30190    18
30191    18
30192    18
30193    18
30194    18
30195    18
30196    18
30197    18
30198    18
30199    18
30200    18
30201    18
30202    18
30203    18
30204    18
30205    18
30206    18
30207    18
30208    18
30209    18
30210    18
30211    18
30212    18
30213    18
30214    18
30215    18
30216    18
30217    18
30218    18
30219    18
30220    18
30221    18
30222    18
30223    18
30224    18
30225    18
30226    18
30227    18
30228    18
30229    18
30230    18
30231    18
30232    18
30233    18
30234    18
30235    18
30236    18
30237    18
30238    18
30239    18
30240    18
30241    18
30242    18
30243    18
30244    18
30245    18
30246    18
30247    18
30248    18
30249    18
30250    18
30251    18
30252    20
30253    20
30254    20
30255    20
30256    20
30257    20
30258    18
30259    18
30260    20
30261    20
30262    20
30263    20
30264    20
30265    20
30266    20
30267    20
30268    20
30269    20
30270    20
30271    20
30272    20
30273    20
30274    20
30275    20
30276    20
30277    20
30278    20
30279    20
30280    20
30281    18
30282    18
30283    18
30284    18
30285    18
30286    18
30287    18
30288    18
30289    18
30290    18
30291    18
30292    18
30293    18
30294    18
30295    18
30296    18
30297    18
30298    18
30299    18
30300    18
30301    18
30302    18
30303    18
30304    18
30305    18
30306    18
30307    18
30308    18
30309    18
30310    18
30311    18
30312    18
30313    18
30314    18
30315    18
30316    18
30317    18
30318    18
30319    18
30320    18
30321    18
30322    18
30323    18
30324    18
30325    18
30326    18
30327    18
30328    18
30329    18
30330    18
30331    18
30332    18
30333    18
30334    18
30335    18
30336    18
30337    18
30338    18
30339    18
30340    18
30341    18
30342    18
30343    18
30344    18
30345    18
30346    18
30347    18
30348    18
30349    18
30350    18
30351    18
30352    18
30353    18
30354    20
30355    20
30356    18
30357    18
30358    18
30359    18
30360    18
30361    18
30362    20
30363    20
30364    20
30365    20
30366    20
30367    20
30368    20
30369    20
30370    20
30371    20
30372    20
30373    20
30374    20
30375    20
30376    18
30377    18
30378    18
30379    18
30380    18
30381    18
30382    18
30383    18
30384    18
30385    18
30386    18
30387    18
30388    18
30389    18
30390    18
30391    18
30392    18
30393    18
30394    18
30395    18
30396    18
30397    18
30398    18
30399    18
30400    18
30401    18
30402    18
30403    18
30404    18
30405    18
30406    18
30407    18
30408    18
30409    18
30410    18
30411    18
30412    18
30413    18
30414    18
30415    18
30416    18
30417    18
30418    18
30419    18
30420    18
30421    18
30422    18
30423    18
30424    18
30425    18
30426    18
30427    18
30428    18
30429    18
30430    18
30431    18
30432    18
30433    18
30434    18
30435    18
30436    18
30437    18
30438    18
30439    18
30440    18
30441    18
30442    18
30443    18
30444    18
30445    18
30446    18
30447    18
30448    18
30449    18
30450    18
30451    18
30452    18
30453    18
30454    18
30455    18
30456    20
30457    20
30458    20
30459    20
30460    20
30461    20
30462    20
30463    20
30464    20
30465    20
30466    20
30467    20
30468    20
30469    20
30470    20
30471    18
30472    18
30473    18
30474    18
30475    18
30476    18
30477    18
30478    18
30479    18
30480    18
30481    18
30482    18
30483    18
30484    18
30485    18
30486    18
30487    18
30488    18
30489    18
30490    18
30491    18
30492    18
30493    18
30494    18
30495    18
30496    18
30497    18
30498    18
30499    18
30500    18
30501    18
30502    18
30503    18
30504    18
30505    18
30506    18
30507    18
30508    18
30509    18
30510    18
30511    18
30512    18
30513    18
30514    18
30515    18
30516    18
30517    18
30518    18
30519    18
30520    18
30521    18
30522    18
30523    18
30524    18
30525    18
30526    18
30527    18
30528    18
30529    18
30530    18
30531    18
30532    18
30533    18
30534    18
30535    18
30536    18
30537    18
30538    18
30539    18
30540    18
30541    18
30542    18
30543    18
30544    18
30545    18
30546    18
30547    18
30548    18
30549    18
30550    18
30551    18
30552    18
30553    18
30554    18
30555    18
30556    18
30557    18
30558    18
30559    20
30560    20
30561    20
30562    20
30563    20
30564    20
30565    20
30566    20
30567    20
30568    20
30569    18
30570    18
30571    18
30572    18
30573    18
30574    18
30575    18
30576    18
30577    18
30578    18
30579    18
30580    18
30581    18
30582    18
30583    18
30584    18
30585    18
30586    18
30587    18
30588    18
30589    18
30590    18
30591    18
30592    18
30593    18
30594    18
30595    18
30596    18
30597    18
30598    18
30599    18
30600    18
30601    18
30602    18
30603    18
30604    18
30605    18
30606    18
30607    18
30608    18
30609    18
30610    18
30611    18
30612    18
30613    18
30614    18
30615    18
30616    18
30617    18
30618    18
30619    18
30620    18
30621    18
30622    18
30623    18
30624    18
30625    18
30626    18
30627    18
30628    18
30629    18
30630    18
30631    18
30632    18
30633    18
30634    18
30635    18
30636    18
30637    18
30638    18
30639    18
30640    18
30641    18
30642    18
30643    18
30644    18
30645    18
30646    18
30647    18
30648    18
30649    18
30650    18
30651    18
30652    18
30653    18
30654    18
30655    18
30656    18
30657    20
30658    20
30659    20
30660    20
30661    20
30662    20
30663    20
30664    18
30665    18
30666    18
30667    18
30668    18
30669    18
30670    18
30671    18
30672    18
30673    18
30674    18
30675    18
30676    18
30677    18
30678    18
30679    18
30680    18
30681    18
30682    18
30683    18
30684    18
30685    18
30686    18
30687    18
30688    18
30689    18
30690    18
30691    18
30692    18
30693    18
30694    18
30695    18
30696    18
30697    18
30698    18
30699    18
30700    18
30701    18
30702    18
30703    18
30704    18
30705    18
30706    18
30707    18
30708    18
30709    18
30710    18
30711    18
30712    18
30713    18
30714    18
30715    18
30716    18
30717    18
30718    18
30719    18
30720    18
30721    18
30722    18
30723    18
30724    18
30725    18
30726    18
30727    18
30728    18
30729    18
30730    18
30731    18
30732    18
30733    18
30734    18
30735    18
30736    18
30737    18
30738    18
30739    18
30740    18
30741    18
30742    18
30743    18
30744    18
30745    18
30746    18
30747    18
30748    18
30749    18
30750    18
30751    18
30752    18
30753    18
30754    18
30755    18
30756    18
30757    18
30758    20
30759    20
30760    20
30761    18
30762    18
30763    18
30764    18
30765    18
30766    18
30767    18
30768    18
30769    18
30770    18
30771    18
30772    18
30773    18
30774    18
30775    18
30776    18
30777    18
30778    18
30779    18
30780    18
30781    18
30782    18
30783    18
30784    18
30785    18
30786    18
30787    18
30788    18
30789    18
30790    18
30791    18
30792    18
30793    18
30794    18
30795    18
30796    18
30797    18
30798    18
30799    18
30800    18
30801    18
30802    18
30803    18
30804    18
30805    18
30806    18
30807    18
30808    18
30809    18
30810    18
30811    18
30812    18
30813    18
30814    18
30815    18
30816    18
30817    18
30818    18
30819    18
30820    18
30821    18
30822    18
30823    18
30824    18
30825    18
30826    18
30827    18
30828    18
30829    18
30830    18
30831    18
30832    18
30833    18
30834    18
30835    18
30836    18
30837    18
30838    18
30839    18
30840    18
30841    18
30842    18
30843    18
30844    18
30845    18
30846    18
30847    18
30848    18
30849    18
30850    18
30851    18
30852    18
30853    18
30854    18
30855    18
30856    18
30857    18
30858    18
30859    18
30860    18
30861    18
30862    18
30863    18
30864    18
30865    18
30866    18
30867    18
30868    18
30869    18
30870    18
30871    18
30872    18
30873    18
30874    18
30875    18
30876    18
30877    18
30878    18
30879    18
30880    18
30881    18
30882    18
30883    18
30884    18
30885    18
30886    18
30887    18
30888    18
30889    18
30890    18
30891    18
30892    18
30893    18
30894    18
30895    18
30896    18
30897    18
30898    18
30899    18
30900    18
30901    18
30902    18
30903    18
30904    18
30905    18
30906    18
30907    18
30908    18
30909    18
30910    18
30911    18
30912    18
30913    18
30914    18
30915    18
30916    18
30917    18
30918    18
30919    18
30920    18
30921    18
30922    18
30923    18
30924    18
30925    18
30926    18
30927    18
30928    18
30929    18
30930    18
30931    18
30932    18
30933    18
30934    18
30935    18
30936    18
30937    18
30938    18
30939    18
30940    18
30941    18
30942    18
30943    18
30944    18
30945    18
30946    18
30947    18
30948    18
30949    18
30950    18
30951    18
30952    18
30953    18
30954    18
30955    18
30956    18
30957    18
30958    18
30959    18
30960    18
30961    18
30962    18
30963    18
30964    18
30965    18
30966    18
30967    18
30968    18
30969    18
30970    18
30971    18
30972    18
30973    18
30974    18
30975    18
30976    18
30977    18
30978    18
30979    18
30980    18
30981    18
30982    18
30983    18
30984    18
30985    18
30986    18
30987    18
30988    18
30989    18
30990    18
30991    18
30992    18
30993    18
30994    18
30995    18
30996    18
30997    18
30998    18
30999    18
31000    18
31001    18
31002    18
31003    18
31004    18
31005    18
31006    18
31007    18
31008    18
31009    18
31010    18
31011    18
31012    18
31013    18
31014    18
31015    18
31016    18
31017    18
31018    18
31019    18
31020    18
31021    18
31022    18
31023    18
31024    18
31025    18
31026    18
31027    18
31028    18
31029    18
31030    18
31031    18
31032    18
31033    18
31034    18
31035    18
31036    18
31037    18
31038    18
31039    18
31040    18
31041    18
31042    18
31043    18
31044    18
31045    18
31046    18
31047    18
31048    18
31049    18
31050    18
31051    18
31052    18
31053    18
31054    18
31055    18
31056    18
31057    18
31058    18
31059    18
31060    18
31061    18
31062    18
31063    18
31064    18
31065    18
31066    18
31067    18
31068    18
31069    18
31070    18
31071    18
31072    18
31073    18
31074    18
31075    18
31076    18
31077    18
31078    18
31079    18
31080    18
31081    18
31082    18
31083    18
31084    18
31085    18
31086    18
31087    18
31088    18
31089    18
31090    18
31091    18
31092    18
31093    18
31094    18
31095    18
31096    18
31097    18
31098    18
31099    18
31100    18
31101    18
31102    18
31103    18
31104    18
31105    18
31106    18
31107    18
31108    18
31109    18
31110    18
31111    18
31112    18
31113    18
31114    18
31115    18
31116    18
31117    18
31118    18
31119    18
31120    18
31121    18
31122    18
31123    18
31124    18
31125    18
31126    18
31127    18
31128    18
31129    18
31130    18
31131    18
31132    18
31133    18
31134    18
31135    18
31136    18
31137    18
31138    18
31139    18
31140    18
31141    18
31142    18
31143    18
31144    18
31145    18
31146    18
31147    18
31148    18
31149    18
31150    18
31151    18
31152    18
31153    18
31154    18
31155    18
31156    18
31157    18
31158    18
31159    18
31160    18
31161    18
31162    18
31163    18
31164    18
31165    18
31166    18
31167    18
31168    18
31169    18
31170    18
31171    18
31172    18
31173    18
31174    18
31175    18
31176    18
31177    18
31178    18
31179    18
31180    18
31181    18
31182    18
31183    18
31184    18
31185    18
31186    18
31187    18
31188    18
31189    18
31190    18
31191    18
31192    18
31193    18
31194    18
31195    18
31196    18
31197    18
31198    18
31199    18
31200    18
31201    18
31202    18
31203    18
31204    18
31205    18
31206    18
31207    18
31208    18
31209    18
31210    18
31211    18
31212    18
31213    18
31214    18
31215    18
31216    18
31217    18
31218    18
31219    18
31220    18
31221    18
31222    18
31223    18
31224    18
31225    18
31226    18
31227    18
31228    18
31229    18
31230    18
31231    18
31232    18
31233    18
31234    18
31235    18
31236    18
31237    18
31238    18
31239    18
31240    18
31241    18
31242    18
31243    18
31244    18
31245    18
31246    18
31247    18
31248    18
31249    18
31250    18
31251    18
31252    18
31253    18
31254    18
31255    18
31256    18
31257    18
31258    18
31259    18
31260    18
31261    18
31262    18
31263    18
31264    18
31265    18
31266    18
31267    18
31268    18
31269    18
31270    18
31271    18
31272    18
31273    18
31274    18
31275    18
31276    18
31277    18
31278    18
31279    18
31280    18
31281    18
31282    18
31283    18
31284    18
31285    18
31286    18
31287    18
31288    18
31289    18
31290    18
31291    18
31292    18
31293    18
31294    18
31295    18
31296    18
31297    18
31298    18
31299    18
31300    18
31301    18
31302    18
31303    18
31304    18
31305    18
31306    18
31307    18
31308    18
31309    18
31310    18
31311    18
31312    18
31313    18
31314    18
31315    18
31316    18
31317    18
31318    18
31319    18
31320    18
31321    18
31322    18
31323    18
31324    18
31325    18
31326    18
31327    18
31328    18
31329    18
31330    18
31331    18
31332    18
31333    18
31334    18
31335    18
31336    18
31337    18
31338    18
31339    18
31340    18
31341    18
31342    18
31343    18
31344    18
31345    18
31346    18
31347    18
31348    18
31349    18
31350    18
31351    18
31352    18
31353    18
31354    18
31355    18
31356    18
31357    18
31358    18
31359    18
31360    18
31361    18
31362    18
31363    18
31364    18
31365    18
31366    18
31367    18
31368    18
31369    18
31370    18
31371    18
31372    18
31373    18
31374    18
31375    18
31376    18
31377    18
31378    18
31379    18
31380    18
31381    18
31382    18
31383    18
31384    18
31385    18
31386    18
31387    18
31388    18
31389    18
31390    18
31391    18
31392    18
31393    18
31394    18
31395    18
31396    18
31397    18
31398    18
31399    18
31400    18
31401    18
31402    18
31403    18
31404    18
31405    18
31406    18
31407    18
31408    18
31409    18
31410    18
31411    18
31412    18
31413    18
31414    18
31415    18
31416    18
31417    18
31418    18
31419    18
31420    18
31421    18
31422    18
31423    18
31424    18
31425    18
31426    18
31427    18
31428    18
31429    18
31430    18
31431    18
31432    18
31433    18
31434    18
31435    18
31436    18
31437    18
31438    18
31439    18
31440    18
31441    18
31442    18
31443    18
31444    18
31445    18
31446    18
31447    18
31448    18
31449    18
31450    18
31451    18
31452    18
31453    18
31454    18
31455    18
31456    18
31457    18
31458    18
31459    18
31460    18
31461    18
31462    18
31463    18
31464    18
31465    18
31466    18
31467    18
31468    18
31469    18
31470    18
31471    18
31472    18
31473    18
31474    18
31475    18
31476    18
31477    18
31478    18
31479    18
31480    18
31481    18
31482    18
31483    18
31484    18
31485    18
31486    18
31487    18
31488    18
31489    18
31490    18
31491    18
31492    18
31493    18
31494    18
31495    18
31496    18
31497    18
31498    18
31499    18
31500    18
31501    18
31502    18
31503    18
31504    18
31505    18
31506    18
31507    18
31508    18
31509    18
31510    18
31511    18
31512    18
31513    18
31514    18
31515    18
31516    18
31517    18
31518    18
31519    18
31520    18
31521    18
31522    18
31523    18
31524    18
31525    18
31526    18
31527    18
31528    18
31529    18
31530    18
31531    18
31532    18
31533    18
31534    18
31535    18
31536    18
31537    18
31538    18
31539    18
31540    18
31541    18
31542    18
31543    18
31544    18
31545    18
31546    18
31547    18
31548    18
31549    18
31550    18
31551    18
31552    18
31553    18
31554    18
31555    18
31556    18
31557    18
31558    18
31559    18
31560    18
31561    18
31562    18
31563    18
31564    18
31565    18
31566    18
31567    18
31568    18
31569    18
31570    18
31571    18
31572    18
31573    18
31574    18
31575    18
31576    18
31577    18
31578    18
31579    18
31580    18
31581    18
31582    18
31583    18
31584    18
31585    18
31586    18
31587    18
31588    18
31589    18
31590    18
31591    18
31592    18
31593    18
31594    18
31595    18
31596    18
31597    18
31598    18
31599    18
31600    18
31601    18
31602    18
31603    18
31604    18
31605    18
31606    18
31607    18
31608    18
31609    18
31610    18
31611    18
31612    18
31613    18
31614    18
31615    18
31616    18
31617    18
31618    18
31619    18
31620    18
31621    18
31622    18
31623    18
31624    18
31625    18
31626    18
31627    18
31628    18
31629    18
31630    18
31631    18
31632    18
31633    18
31634    18
31635    18
31636    18
31637    18
31638    18
31639    18
31640    18
31641    18
31642    18
31643    18
31644    18
31645    18
31646    18
31647    18
31648    18
31649    18
31650    18
31651    18
31652    18
31653    18
31654    18
31655    18
31656    18
31657    18
31658    18
31659    18
31660    18
31661    18
31662    18
31663    18
31664    18
31665    18
31666    18
31667    18
31668    18
31669    18
31670    18
31671    18
31672    18
31673    18
31674    18
31675    18
31676    18
31677    18
31678    18
31679    18
31680    18
31681    18
31682    18
31683    18
31684    18
31685    18
31686    18
31687    18
31688    18
31689    18
31690    18
31691    18
31692    18
31693    18
31694    18
31695    18
31696    18
31697    18
31698    18
31699    18
31700    18
31701    18
31702    18
31703    18
31704    18
31705    18
31706    18
31707    18
31708    18
31709    18
31710    18
31711    18
31712    18
31713    18
31714    18
31715    18
31716    18
31717    18
31718    18
31719    18
31720    18
31721    18
31722    18
31723    18
31724    18
31725    18
31726    18
31727    18
31728    18
31729    18
31730    18
31731    18
31732    18
31733    18
31734    18
31735    18
31736    18
31737    18
31738    18
31739    18
31740    18
31741    18
31742    18
31743    18
31744    18
31745    18
31746    18
31747    18
31748    18
31749    18
31750    18
31751    18
31752    18
31753    18
31754    18
31755    18
31756    18
31757    18
31758    18
31759    18
31760    18
31761    18
31762    18
31763    18
31764    18
31765    18
31766    18
31767    18
31768    18
31769    18
31770    18
31771    18
31772    18
31773    18
31774    18
31775    18
31776    18
31777    18
31778    18
31779    18
31780    18
31781    18
31782    18
31783    18
31784    18
31785    18
31786    18
31787    18
31788    18
31789    18
31790    18
31791    18
31792    18
31793    18
31794    18
31795    18
31796    18
31797    18
31798    18
31799    18
31800    18
31801    18
31802    18
31803    18
31804    18
31805    18
31806    18
31807    18
31808    18
31809    18
31810    18
31811    18
31812    18
31813    18
31814    18
31815    18
31816    18
31817    18
31818    18
31819    18
31820    18
31821    18
31822    18
31823    18
31824    18
31825    18
31826    18
31827    18
31828    18
31829    18
31830    18
31831    18
31832    18
31833    18
31834    18
31835    18
31836    18
31837    18
31838    18
31839    18
31840    18
31841    18
31842    18
31843    18
31844    18
31845    18
31846    18
31847    18
31848    18
31849    18
31850    18
31851    18
31852    18
31853    18
31854    18
31855    18
31856    18
31857    18
31858    18
31859    18
31860    18
31861    18
31862    18
31863    18
31864    18
31865    18
31866    18
31867    18
31868    18
31869    18
31870    18
31871    18
31872    18
31873    18
31874    18
31875    18
31876    18
31877    18
31878    18
31879    18
31880    18
31881    18
31882    18
31883    18
31884    18
31885    18
31886    18
31887    18
31888    18
31889    18
31890    18
31891    18
31892    18
31893    18
31894    18
31895    18
31896    18
31897    18
31898    18
31899    18
31900    18
31901    18
31902    18
31903    18
31904    18
31905    18
31906    18
31907    18
31908    18
31909    18
31910    18
31911    18
31912    18
31913    18
31914    18
31915    18
31916    18
31917    18
31918    18
31919    18
31920    18
31921    18
31922    18
31923    18
31924    18
31925    18
31926    18
31927    18
31928    18
31929    18
31930    18
31931    18
31932    18
31933    18
31934    18
31935    18
31936    18
31937    18
31938    18
31939    18
31940    18
31941    18
31942    18
31943    18
31944    18
31945    18
31946    18
31947    18
31948    18
31949    18
31950    18
31951    18
31952    18
31953    18
31954    18
31955    18
31956    18
31957    18
31958    18
31959    18
31960    18
31961    18
31962    18
31963    18
31964    18
31965    18
31966    18
31967    18
31968    18
31969    18
31970    18
31971    18
31972    18
31973    18
31974    18
31975    18
31976    18
31977    18
31978    18
31979    18
31980    18
31981    18
31982    18
31983    18
31984    18
31985    18
31986    18
31987    18
31988    18
31989    18
31990    18
31991    18
31992    18
31993    18
31994    18
31995    18
31996    18
31997    18
31998    18
31999    18
32000    18
32001    18
32002    18
32003    18
32004    18
32005    18
32006    18
32007    18
32008    18
32009    18
32010    18
32011    18
32012    18
32013    18
32014    18
32015    18
32016    18
32017    18
32018    18
32019    18
32020    18
32021    18
32022    18
32023    18
32024    18
32025    18
32026    18
32027    18
32028    18
32029    18
32030    18
32031    18
32032    18
32033    18
32034    18
32035    18
32036    18
32037    18
32038    18
32039    18
32040    18
32041    18
32042    18
32043    18
32044    18
32045    18
32046    18
32047    18
32048    18
32049    18
32050    18
32051    18
32052    18
32053    18
32054    18
32055    18
32056    18
32057    18
32058    18
32059    18
32060    18
32061    18
32062    18
32063    18
32064    18
32065    18
32066    18
32067    18
32068    18
32069    18
32070    18
32071    18
32072    18
32073    18
32074    18
32075    18
32076    18
32077    18
32078    18
32079    18
32080    18
32081    18
32082    18
32083    18
32084    18
32085    18
32086    18
32087    18
32088    18
32089    18
32090    18
32091    18
32092    18
32093    18
32094    18
32095    18
32096    18
32097    18
32098    18
32099    18
32100    18
32101    18
32102    18
32103    18
32104    18
32105    18
32106    18
32107    18
32108    18
32109    18
32110    18
32111    18
32112    18
32113    18
32114    18
32115    18
32116    18
32117    18
32118    18
32119    18
32120    18
32121    18
32122    18
32123    18
32124    18
32125    18
32126    18
32127    18
32128    18
32129    18
32130    18
32131    18
32132    18
32133    18
32134    18
32135    18
32136    18
32137    18
32138    18
32139    18
32140    18
32141    18
32142    18
32143    18
32144    18
32145    18
32146    18
32147    18
32148    18
32149    18
32150    18
32151    18
32152    18
32153    18
32154    18
32155    18
32156    18
32157    18
32158    18
32159    18
32160    18
32161    18
32162    18
32163    18
32164    18
32165    18
32166    18
32167    18
32168    18
32169    18
32170    18
32171    18
32172    18
32173    18
32174    18
32175    18
32176    18
32177    18
32178    18
32179    18
32180    18
32181    18
32182    18
32183    18
32184    18
32185    18
32186    18
32187    18
32188    18
32189    18
32190    18
32191    18
32192    18
32193    18
32194    18
32195    18
32196    18
32197    18
32198    18
32199    18
32200    18
32201    18
32202    18
32203    18
32204    18
32205    18
32206    18
32207    18
32208    18
32209    18
32210    18
32211    18
32212    18
32213    18
32214    18
32215    18
32216    18
32217    18
32218    18
32219    18
32220    18
32221    18
32222    18
32223    18
32224    18
32225    18
32226    18
32227    18
32228    18
32229    18
32230    18
32231    18
32232    18
32233    18
32234    18
32235    18
32236    18
32237    18
32238    18
32239    18
32240    18
32241    18
32242    18
32243    18
32244    18
32245    18
32246    18
32247    18
32248    18
32249    18
32250    18
32251    18
32252    18
32253    15
32254    18
32255    18
32256    18
32257    18
32258    18
32259    18
32260    18
32261    18
32262    18
32263    18
32264    18
32265    18
32266    18
32267    18
32268    18
32269    18
32270    18
32271    18
32272    18
32273    18
32274    18
32275    18
32276    18
32277    18
32278    18
32279    18
32280    18
32281    18
32282    18
32283    18
32284    18
32285    18
32286    18
32287    18
32288    18
32289    18
32290    18
32291    18
32292    18
32293    18
32294    18
32295    18
32296    18
32297    18
32298    15
32299    15
32300    15
32301    18
32302    18
32303    18
32304    18
32305    18
32306    18
32307    18
32308    18
32309    18
32310    18
32311    18
32312    18
32313    18
32314    18
32315    18
32316    18
32317    18
32318    18
32319    18
32320    18
32321    18
32322    18
32323    18
32324    18
32325    18
32326    18
32327    18
32328    18
32329    18
32330    18
32331    18
32332    18
32333    18
32334    18
32335    18
32336    18
32337    18
32338    18
32339    18
32340    18
32341    18
32342    15
32343    15
32344    15
32345    15
32346    15
32347    15
32348    15
32349    18
32350    18
32351    18
32352    15
32353    15
32354    18
32355    18
32356    18
32357    18
32358    18
32359    18
32360    18
32361    18
32362    18
32363    18
32364    18
32365    18
32366    18
32367    18
32368    18
32369    18
32370    18
32371    18
32372    18
32373    18
32374    18
32375    18
32376    18
32377    18
32378    18
32379    18
32380    18
32381    18
32382    18
32383    18
32384    15
32385    15
32386    15
32387    15
32388    15
32389    15
32390    15
32391    15
32392    15
32393    15
32394    15
32395    15
32396    15
32397    18
32398    18
32399    18
32400    18
32401    18
32402    18
32403    18
32404    18
32405    18
32406    18
32407    18
32408    18
32409    18
32410    18
32411    18
32412    18
32413    18
32414    18
32415    18
32416    18
32417    18
32418    18
32419    18
32420    18
32421    18
32422    15
32423    15
32424    15
32425    15
32426    15
32427    15
32428    15
32429    15
32430    15
32431    15
32432    15
32433    15
32434    18
32435    15
32436    18
32437    18
32438    18
32439    18
32440    18
32441    18
32442    18
32443    18
32444    18
32445    18
32446    18
32447    18
32448    18
32449    18
32450    18
32451    15
32452    15
32453    15
32454    15
32455    15
32456    15
32457    15
32458    15
32459    15
32460    15
32461    15
32462    15
32463    15
32464    15
32465    15
32466    15
32467    15
32468    18
32469    15
32470    18
32471    18
32472    18
32473    18
32474    18
32475    15
32476    15
32477    15
32478    15
32479    15
32480    15
32481    15
32482    15
32483    15
32484    15
32485    15
32486    15
32487    15
32488    15
32489    15
32490    15
32491    15
32492    15
32493    18
32494    18
32495    18
32496    15
32497    15
32498    15
32499    15
32500    15
32501    15
32502    15
32503    15
32504    15
32505    15
32506    15
32507    15
32508    15
32509    15
32510    15
32511    15
32512    15
32513    15
32514    15
32515    15
32516    15
32517    15
32518    15
32519    15
32520    15
32521    15
32522    15
32523    15
32524    15
32525    15
32526    15
32527    15
32528    15
32529    15
32530    15
32531    15
32532    15
32533    15
32534    15
32535    15
32536    15
32537    15

