C*******************************************************************************
C
C                  INTEGRATED WATER FLOW MODEL (IWFM)
C                      *** IWFM-2024.2.1594 ***
C
C*******************************************************************************
C
C               IRRIGATION TARGET SOIL MOISTURE DATA FILE
C                         Root Zone Component
C
C             Project:  C2VSim Fine Grid (C2VSimFG)
C                       California Central Valley Groundwater-Surface Water Simulation Model
C             Filename: C2VSimFG_NonPondedCrop_TargetSM.dat
C             Version:  C2VSimFG_v1.5     May 2025
C             
C*******************************************************************************
C
C                         ***** Version 1.5 Model Disclaimer *****
C
C          This is Version 1.5 of C2VSimFG and is subject to change.  Users of
C          this version should be aware that this model is undergoing active
C          development and adjustment. Users of this model do so at their own
C          risk subject to the GNU General Public License below. The Department 
C          does not guarantee the accuracy, completeness, or timeliness of the 
C          information provided. Neither the Department of Water Resources nor 
C          any of the sources of the information used by the Department in the
C          development of this model shall be responsible for any errors or 
C          omissions, for the use, or results obtained from the use of this model.
C
C*******************************************************************************
C
C  California Central Valley Groundwater-Surface Water Flow Model - Fine Grid (C2VSimFG)
C  Copyright (C) 2012-2025
C  State of California, Department of Water Resources
C
C  This model is free. You can redistribute it and/or modify it
C  under the terms of the GNU General Public License as published
C  by the Free Software Foundation; either version 2 of the License,
C  or (at your option) any later version.
C
C  This model is distributed WITHOUT ANY WARRANTY; without even
C  the implied warranty of MERCHANTABILITY or FITNESS FOR A
C  PARTICULAR PURPOSE.  See the GNU General Public License for
C  more details. (http://www.gnu.org/licenses/gpl.html)
C
C  The GNU General Public License is available from the Free Software
C  Foundation, Inc., 59 Temple Place - Suite 330, Boston, MA  02111-1307, USA.
C
C  For technical support, e-mail: C2VSimFGtechsupport@water.ca.gov
C
C
C    C2VSimFG/SGMA Contact:
C          Craig Altare,  Section Manager, Modeling and Tools Support, 
C                         Sustainable Groundwater Management Office, DWR
C            craig.altare@water.ca.gov
C
C    IWFM Contact:
C          Emin Can Dogrul PhD, PE, Senior Engineer, DWR
C            can.dogrul@water.ca.gov
C
C*******************************************************************************
C                           File Description
C
C   This data file contains a set of irrigation target soil moistures as a fraction of
C   field capacity that are used in computing irrigation water demand. During an
C   irrigation event the soil moisture is raised to the target soil moisture.  Target
C   soil mositure cannot be less than minimum soil moisture specified in the Minimum
C   Soil Moisture data file. These values are correlated to individual crops through
C   the Non-Ponded Crop Data File.
C
C*******************************************************************************
C               Irrigation Target Soil Moisture Data Specifications
C
C   NCOLTSM ; Number of irrigation target soil moisture data columns
C   NSPTSM  ; Number of time steps to update the irrigation target soil moisture data
C              * Enter any number if time-tracking option is on
C   NFQTSM  ; Repetition frequency of the irrigation target soil moisture data
C              * Enter 0 if full time series data is supplied
C              * Enter any number if time-tracking option is on
C   DSSFL   ; The name of the DSS file for data input
C              * Leave blank if DSS file is not used for data input
C
C-------------------------------------------------------------------------------
C         VALUE                                      DESCRIPTION
C-------------------------------------------------------------------------------
       441                                           / NCOLTSM
       0                                             / NSPTSM
       0                                             / NFQTSM
                                                     / DSSFL
C----------------------------------------------------------------------------------------------
C                      Irrigation Target Soil Moisture Data
C                            (READ FROM THIS FILE)
C
C   List the irrigation target soil moisture data below, if it will not be read from
C   a DSS file (i.e. DSSFL is left blank above).
C
C   TIME ;  Time
C   SMTRG;  Irrigation target soil moisture as a fraction of field capacity; [L/L]
C
C----------------------------------------------------------------------------------------------
C Subregion           1     2     3     4     5     6     7     8     9     10     11     12     13     14     15     16     17     18     19     20     21     1     2     3     4     5     6     7     8     9     10     11     12     13     14     15     16     17     18     19     20     21     1     2     3     4     5     6     7     8     9     10     11     12     13     14     15     16     17     18     19     20     21     1     2     3     4     5     6     7     8     9     10     11     12     13     14     15     16     17     18     19     20     21     1     2     3     4     5     6     7     8     9     10     11     12     13     14     15     16     17     18     19     20     21     1     2     3     4     5     6     7     8     9     10     11     12     13     14     15     16     17     18     19     20     21     1     2     3     4     5     6     7     8     9     10     11     12     13     14     15     16     17     18     19     20     21     1     2     3     4     5     6     7     8     9     10     11     12     13     14     15     16     17     18     19     20     21     1     2     3     4     5     6     7     8     9     10     11     12     13     14     15     16     17     18     19     20     21     1     2     3     4     5     6     7     8     9     10     11     12     13     14     15     16     17     18     19     20     21     1     2     3     4     5     6     7     8     9     10     11     12     13     14     15     16     17     18     19     20     21     1     2     3     4     5     6     7     8     9     10     11     12     13     14     15     16     17     18     19     20     21     1     2     3     4     5     6     7     8     9     10     11     12     13     14     15     16     17     18     19     20     21     1     2     3     4     5     6     7     8     9     10     11     12     13     14     15     16     17     18     19     20     21     1     2     3     4     5     6     7     8     9     10     11     12     13     14     15     16     17     18     19     20     21     1     2     3     4     5     6     7     8     9     10     11     12     13     14     15     16     17     18     19     20     21     1     2     3     4     5     6     7     8     9     10     11     12     13     14     15     16     17     18     19     20     21     1     2     3     4     5     6     7     8     9     10     11     12     13     14     15     16     17     18     19     20     21     1     2     3     4     5     6     7     8     9     10     11     12     13     14     15     16     17     18     19     20     21     1     2     3     4     5     6     7     8     9     10     11     12     13     14     15     16     17     18     19     20     21     1     2     3     4     5     6     7     8     9     10     11     12     13     14     15     16     17     18     19     20     21
C Crop/LU            GR     GR     GR     GR     GR     GR     GR     GR     GR     GR     GR     GR     GR     GR     GR     GR     GR     GR     GR     GR     GR     CO     CO     CO     CO     CO     CO     CO     CO     CO     CO     CO     CO     CO     CO     CO     CO     CO     CO     CO     CO     CO     SB     SB     SB     SB     SB     SB     SB     SB     SB     SB     SB     SB     SB     SB     SB     SB     SB     SB     SB     SB     SB     CN     CN     CN     CN     CN     CN     CN     CN     CN     CN     CN     CN     CN     CN     CN     CN     CN     CN     CN     CN     CN     DB     DB     DB     DB     DB     DB     DB     DB     DB     DB     DB     DB     DB     DB     DB     DB     DB     DB     DB     DB     DB     SA     SA     SA     SA     SA     SA     SA     SA     SA     SA     SA     SA     SA     SA     SA     SA     SA     SA     SA     SA     SA     FL     FL     FL     FL     FL     FL     FL     FL     FL     FL     FL     FL     FL     FL     FL     FL     FL     FL     FL     FL     FL     AL     AL     AL     AL     AL     AL     AL     AL     AL     AL     AL     AL     AL     AL     AL     AL     AL     AL     AL     AL     AL     PA     PA     PA     PA     PA     PA     PA     PA     PA     PA     PA     PA     PA     PA     PA     PA     PA     PA     PA     PA     PA     TP     TP     TP     TP     TP     TP     TP     TP     TP     TP     TP     TP     TP     TP     TP     TP     TP     TP     TP     TP     TP     TF     TF     TF     TF     TF     TF     TF     TF     TF     TF     TF     TF     TF     TF     TF     TF     TF     TF     TF     TF     TF     CU     CU     CU     CU     CU     CU     CU     CU     CU     CU     CU     CU     CU     CU     CU     CU     CU     CU     CU     CU     CU     OG     OG     OG     OG     OG     OG     OG     OG     OG     OG     OG     OG     OG     OG     OG     OG     OG     OG     OG     OG     OG     PO     PO     PO     PO     PO     PO     PO     PO     PO     PO     PO     PO     PO     PO     PO     PO     PO     PO     PO     PO     PO     TR     TR     TR     TR     TR     TR     TR     TR     TR     TR     TR     TR     TR     TR     TR     TR     TR     TR     TR     TR     TR     AP     AP     AP     AP     AP     AP     AP     AP     AP     AP     AP     AP     AP     AP     AP     AP     AP     AP     AP     AP     AP     OR     OR     OR     OR     OR     OR     OR     OR     OR     OR     OR     OR     OR     OR     OR     OR     OR     OR     OR     OR     OR     CS     CS     CS     CS     CS     CS     CS     CS     CS     CS     CS     CS     CS     CS     CS     CS     CS     CS     CS     CS     CS     VI     VI     VI     VI     VI     VI     VI     VI     VI     VI     VI     VI     VI     VI     VI     VI     VI     VI     VI     VI     VI     ID     ID     ID     ID     ID     ID     ID     ID     ID     ID     ID     ID     ID     ID     ID     ID     ID     ID     ID     ID     ID     RI     RI     RI     RI     RI     RI     RI     RI     RI     RI     RI     RI     RI     RI     RI     RI     RI     RI     RI     RI     RI
C  Column             1     2     3     4     5     6     7     8     9     10     11     12     13     14     15     16     17     18     19     20     21     22     23     24     25     26     27     28     29     30     31     32     33     34     35     36     37     38     39     40     41     42     43     44     45     46     47     48     49     50     51     52     53     54     55     56     57     58     59     60     61     62     63     64     65     66     67     68     69     70     71     72     73     74     75     76     77     78     79     80     81     82     83     84     85     86     87     88     89     90     91     92     93     94     95     96     97     98     99     100     101     102     103     104     105     106     107     108     109     110     111     112     113     114     115     116     117     118     119     120     121     122     123     124     125     126     127     128     129     130     131     132     133     134     135     136     137     138     139     140     141     142     143     144     145     146     147     148     149     150     151     152     153     154     155     156     157     158     159     160     161     162     163     164     165     166     167     168     169     170     171     172     173     174     175     176     177     178     179     180     181     182     183     184     185     186     187     188     189     190     191     192     193     194     195     196     197     198     199     200     201     202     203     204     205     206     207     208     209     210     211     212     213     214     215     216     217     218     219     220     221     222     223     224     225     226     227     228     229     230     231     232     233     234     235     236     237     238     239     240     241     242     243     244     245     246     247     248     249     250     251     252     253     254     255     256     257     258     259     260     261     262     263     264     265     266     267     268     269     270     271     272     273     274     275     276     277     278     279     280     281     282     283     284     285     286     287     288     289     290     291     292     293     294     295     296     297     298     299     300     301     302     303     304     305     306     307     308     309     310     311     312     313     314     315     316     317     318     319     320     321     322     323     324     325     326     327     328     329     330     331     332     333     334     335     336     337     338     339     340     341     342     343     344     345     346     347     348     349     350     351     352     353     354     355     356     357     358     359     360     361     362     363     364     365     366     367     368     369     370     371     372     373     374     375     376     377     378     379     380     381     382     383     384     385     386     387     388     389     390     391     392     393     394     395     396     397     398     399     400     401     402     403     404     405     406     407     408     409     410     411     412     413     414     415     416     417     418     419     420     421     422     423     424     425     426     427     428     429     430     431     432     433     434     435     436     437     438     439     440     441
C----------------------------------------------------------------------------------------------
09/30/1922_24:00     0.9209     0.9209     0.9209     0.9209     0.9209     0.8906     0.8359     0.9209     0.9976     0.8776     0.9289     0.9289     0.9432     0.7571     0.9494     0.9078     0.9383     0.9911     0.9269     0.9209     0.7500     0.9209     0.9209     0.9209     0.9209     0.9209     0.8906     0.8359     0.9209     0.9976     0.8776     0.9003     0.9003     0.9432     0.7571     0.9494     0.9078     0.9383     0.9911     0.9269     0.9209     0.7500     0.9209     0.9209     0.9209     0.9209     0.9209     0.8906     0.8359     0.9209     0.9976     0.8776     0.9432     0.9432     0.9432     0.7571     0.9494     0.9078     0.9383     0.9911     0.9269     0.9209     0.7500     0.9209     0.9209     0.9209     0.9209     0.9209     0.8906     0.8359     0.9209     0.9976     0.8776     0.9146     0.9146     0.9432     0.7571     0.9494     0.9078     0.9383     0.9911     0.9269     0.9209     0.7500     0.9209     0.9209     0.9209     0.9209     0.9209     0.8906     0.8359     0.9209     0.9976     0.8776     0.9504     0.9504     0.9432     0.7571     0.9494     0.9078     0.9383     0.9911     0.9269     0.9209     0.7500     0.9209     0.9209     0.9209     0.9209     0.9209     0.8906     0.8359     0.9209     0.9976     0.8776     0.9074     0.9074     0.9432     0.7571     0.9494     0.9078     0.9383     0.9911     0.9269     0.9209     0.7500     0.9209     0.9209     0.9209     0.9209     0.9209     0.8906     0.8359     0.9209     0.9976     0.8776     0.9432     0.9432     0.9432     0.7571     0.9494     0.9078     0.9383     0.9911     0.9269     0.9209     0.7500     0.9209     0.9209     0.9209     0.9209     0.9209     0.8906     0.8359     0.9209     0.9976     0.8776     0.9504     0.9504     0.9432     0.7571     0.9494     0.9078     0.9383     0.9911     0.9269     0.9209     0.7500     0.9209     0.9209     0.9209     0.9209     0.9209     0.8906     0.8359     0.9209     0.9976     0.8776     0.9504     0.9504     0.9432     0.7571     0.9494     0.9078     0.9383     0.9911     0.9269     0.9209     0.7500     0.9209     0.9209     0.9209     0.9209     0.9209     0.8906     0.8359     0.9209     0.9976     0.8776     0.9146     0.9146     0.9432     0.7571     0.9494     0.9078     0.9383     0.9911     0.9269     0.9209     0.7500     0.9209     0.9209     0.9209     0.9209     0.9209     0.8906     0.8359     0.9209     0.9976     0.8776     0.9146     0.9146     0.9432     0.7571     0.9494     0.9078     0.9383     0.9911     0.9269     0.9209     0.7500     0.9209     0.9209     0.9209     0.9209     0.9209     0.8906     0.8359     0.9209     0.9976     0.8776     0.9432     0.9432     0.9432     0.7571     0.9494     0.9078     0.9383     0.9911     0.9269     0.9209     0.7500     0.9209     0.9209     0.9209     0.9209     0.9209     0.8906     0.8359     0.9209     0.9976     0.8776     0.9253     0.9253     0.9432     0.7571     0.9494     0.9078     0.9383     0.9911     0.9269     0.9209     0.7500     0.9209     0.9209     0.9209     0.9209     0.9209     0.8906     0.8359     0.9209     0.9976     0.8776     0.9289     0.9289     0.9432     0.7571     0.9494     0.9078     0.9383     0.9911     0.9269     0.9209     0.7500     0.9209     0.9209     0.9209     0.9209     0.9209     0.8906     0.8359     0.9209     0.9976     0.8776     0.9289     0.9289     0.9432     0.7571     0.9494     0.9078     0.9383     0.9911     0.9269     0.9209     0.7500     0.9209     0.9209     0.9209     0.9209     0.9209     0.8906     0.8359     0.9209     0.9976     0.8776     0.9396     0.9396     0.9432     0.7571     0.9494     0.9078     0.9383     0.9911     0.9269     0.9209     0.7500     0.9209     0.9209     0.9209     0.9209     0.9209     0.8906     0.8359     0.9209     0.9976     0.8776     0.9325     0.9325     0.9432     0.7571     0.9494     0.9078     0.9383     0.9911     0.9269     0.9209     0.7500     0.9209     0.9209     0.9209     0.9209     0.9209     0.8906     0.8359     0.9209     0.9976     0.8776     0.9933     0.9933     0.9432     0.7571     0.9494     0.9078     0.9383     0.9911     0.9269     0.9209     0.7500     0.9209     0.9209     0.9209     0.9209     0.9209     0.8906     0.8359     0.9209     0.9976     0.8776     0.8752     0.8752     0.9432     0.7571     0.9494     0.9078     0.9383     0.9911     0.9269     0.9209     0.7500     0.9209     0.9209     0.9209     0.9209     0.9209     0.8906     0.8359     0.9209     0.9976     0.8776     0.8943     0.8943     0.9432     0.7571     0.9494     0.9078     0.9383     0.9911     0.9269     0.9209     0.7500     0.9209     0.9209     0.9209     0.9209     0.9209     0.8906     0.8359     0.9209     0.9976     0.8776     0.9336     0.9117     0.9432     0.7571     0.9494     0.9078     0.9383     0.9911     0.9269     0.9209     0.7500
09/30/1923_24:00     0.9209     0.9209     0.9209     0.9209     0.9209     0.8906     0.8359     0.9209     0.9976     0.8776     0.9289     0.9289     0.9432     0.7571     0.9494     0.9078     0.9383     0.9911     0.9269     0.9209     0.7500     0.9209     0.9209     0.9209     0.9209     0.9209     0.8906     0.8359     0.9209     0.9976     0.8776     0.9003     0.9003     0.9432     0.7571     0.9494     0.9078     0.9383     0.9911     0.9269     0.9209     0.7500     0.9209     0.9209     0.9209     0.9209     0.9209     0.8906     0.8359     0.9209     0.9976     0.8776     0.9432     0.9432     0.9432     0.7571     0.9494     0.9078     0.9383     0.9911     0.9269     0.9209     0.7500     0.9209     0.9209     0.9209     0.9209     0.9209     0.8906     0.8359     0.9209     0.9976     0.8776     0.9146     0.9146     0.9432     0.7571     0.9494     0.9078     0.9383     0.9911     0.9269     0.9209     0.7500     0.9209     0.9209     0.9209     0.9209     0.9209     0.8906     0.8359     0.9209     0.9976     0.8776     0.9504     0.9504     0.9432     0.7571     0.9494     0.9078     0.9383     0.9911     0.9269     0.9209     0.7500     0.9209     0.9209     0.9209     0.9209     0.9209     0.8906     0.8359     0.9209     0.9976     0.8776     0.9074     0.9074     0.9432     0.7571     0.9494     0.9078     0.9383     0.9911     0.9269     0.9209     0.7500     0.9209     0.9209     0.9209     0.9209     0.9209     0.8906     0.8359     0.9209     0.9976     0.8776     0.9432     0.9432     0.9432     0.7571     0.9494     0.9078     0.9383     0.9911     0.9269     0.9209     0.7500     0.9209     0.9209     0.9209     0.9209     0.9209     0.8906     0.8359     0.9209     0.9976     0.8776     0.9504     0.9504     0.9432     0.7571     0.9494     0.9078     0.9383     0.9911     0.9269     0.9209     0.7500     0.9209     0.9209     0.9209     0.9209     0.9209     0.8906     0.8359     0.9209     0.9976     0.8776     0.9504     0.9504     0.9432     0.7571     0.9494     0.9078     0.9383     0.9911     0.9269     0.9209     0.7500     0.9209     0.9209     0.9209     0.9209     0.9209     0.8906     0.8359     0.9209     0.9976     0.8776     0.9146     0.9146     0.9432     0.7571     0.9494     0.9078     0.9383     0.9911     0.9269     0.9209     0.7500     0.9209     0.9209     0.9209     0.9209     0.9209     0.8906     0.8359     0.9209     0.9976     0.8776     0.9146     0.9146     0.9432     0.7571     0.9494     0.9078     0.9383     0.9911     0.9269     0.9209     0.7500     0.9209     0.9209     0.9209     0.9209     0.9209     0.8906     0.8359     0.9209     0.9976     0.8776     0.9432     0.9432     0.9432     0.7571     0.9494     0.9078     0.9383     0.9911     0.9269     0.9209     0.7500     0.9209     0.9209     0.9209     0.9209     0.9209     0.8906     0.8359     0.9209     0.9976     0.8776     0.9253     0.9253     0.9432     0.7571     0.9494     0.9078     0.9383     0.9911     0.9269     0.9209     0.7500     0.9209     0.9209     0.9209     0.9209     0.9209     0.8906     0.8359     0.9209     0.9976     0.8776     0.9289     0.9289     0.9432     0.7571     0.9494     0.9078     0.9383     0.9911     0.9269     0.9209     0.7500     0.9209     0.9209     0.9209     0.9209     0.9209     0.8906     0.8359     0.9209     0.9976     0.8776     0.9289     0.9289     0.9432     0.7571     0.9494     0.9078     0.9383     0.9911     0.9269     0.9209     0.7500     0.9209     0.9209     0.9209     0.9209     0.9209     0.8906     0.8359     0.9209     0.9976     0.8776     0.9396     0.9396     0.9432     0.7571     0.9494     0.9078     0.9383     0.9911     0.9269     0.9209     0.7500     0.9209     0.9209     0.9209     0.9209     0.9209     0.8906     0.8359     0.9209     0.9976     0.8776     0.9325     0.9325     0.9432     0.7571     0.9494     0.9078     0.9383     0.9911     0.9269     0.9209     0.7500     0.9209     0.9209     0.9209     0.9209     0.9209     0.8906     0.8359     0.9209     0.9976     0.8776     0.9933     0.9933     0.9432     0.7571     0.9494     0.9078     0.9383     0.9911     0.9269     0.9209     0.7500     0.9209     0.9209     0.9209     0.9209     0.9209     0.8906     0.8359     0.9209     0.9976     0.8776     0.8752     0.8752     0.9432     0.7571     0.9494     0.9078     0.9383     0.9911     0.9269     0.9209     0.7500     0.9209     0.9209     0.9209     0.9209     0.9209     0.8906     0.8359     0.9209     0.9976     0.8776     0.8943     0.8943     0.9432     0.7571     0.9494     0.9078     0.9383     0.9911     0.9269     0.9209     0.7500     0.9209     0.9209     0.9209     0.9209     0.9209     0.8906     0.8359     0.9209     0.9976     0.8776     0.9336     0.9117     0.9432     0.7571     0.9494     0.9078     0.9383     0.9911     0.9269     0.9209     0.7500
09/30/1924_24:00     0.9209     0.9209     0.9209     0.9209     0.9209     0.8906     0.8359     0.9209     0.9976     0.8776     0.9289     0.9289     0.9432     0.7571     0.9494     0.9078     0.9383     0.9911     0.9269     0.9209     0.7500     0.9209     0.9209     0.9209     0.9209     0.9209     0.8906     0.8359     0.9209     0.9976     0.8776     0.9003     0.9003     0.9432     0.7571     0.9494     0.9078     0.9383     0.9911     0.9269     0.9209     0.7500     0.9209     0.9209     0.9209     0.9209     0.9209     0.8906     0.8359     0.9209     0.9976     0.8776     0.9432     0.9432     0.9432     0.7571     0.9494     0.9078     0.9383     0.9911     0.9269     0.9209     0.7500     0.9209     0.9209     0.9209     0.9209     0.9209     0.8906     0.8359     0.9209     0.9976     0.8776     0.9146     0.9146     0.9432     0.7571     0.9494     0.9078     0.9383     0.9911     0.9269     0.9209     0.7500     0.9209     0.9209     0.9209     0.9209     0.9209     0.8906     0.8359     0.9209     0.9976     0.8776     0.9504     0.9504     0.9432     0.7571     0.9494     0.9078     0.9383     0.9911     0.9269     0.9209     0.7500     0.9209     0.9209     0.9209     0.9209     0.9209     0.8906     0.8359     0.9209     0.9976     0.8776     0.9074     0.9074     0.9432     0.7571     0.9494     0.9078     0.9383     0.9911     0.9269     0.9209     0.7500     0.9209     0.9209     0.9209     0.9209     0.9209     0.8906     0.8359     0.9209     0.9976     0.8776     0.9432     0.9432     0.9432     0.7571     0.9494     0.9078     0.9383     0.9911     0.9269     0.9209     0.7500     0.9209     0.9209     0.9209     0.9209     0.9209     0.8906     0.8359     0.9209     0.9976     0.8776     0.9504     0.9504     0.9432     0.7571     0.9494     0.9078     0.9383     0.9911     0.9269     0.9209     0.7500     0.9209     0.9209     0.9209     0.9209     0.9209     0.8906     0.8359     0.9209     0.9976     0.8776     0.9504     0.9504     0.9432     0.7571     0.9494     0.9078     0.9383     0.9911     0.9269     0.9209     0.7500     0.9209     0.9209     0.9209     0.9209     0.9209     0.8906     0.8359     0.9209     0.9976     0.8776     0.9146     0.9146     0.9432     0.7571     0.9494     0.9078     0.9383     0.9911     0.9269     0.9209     0.7500     0.9209     0.9209     0.9209     0.9209     0.9209     0.8906     0.8359     0.9209     0.9976     0.8776     0.9146     0.9146     0.9432     0.7571     0.9494     0.9078     0.9383     0.9911     0.9269     0.9209     0.7500     0.9209     0.9209     0.9209     0.9209     0.9209     0.8906     0.8359     0.9209     0.9976     0.8776     0.9432     0.9432     0.9432     0.7571     0.9494     0.9078     0.9383     0.9911     0.9269     0.9209     0.7500     0.9209     0.9209     0.9209     0.9209     0.9209     0.8906     0.8359     0.9209     0.9976     0.8776     0.9253     0.9253     0.9432     0.7571     0.9494     0.9078     0.9383     0.9911     0.9269     0.9209     0.7500     0.9209     0.9209     0.9209     0.9209     0.9209     0.8906     0.8359     0.9209     0.9976     0.8776     0.9289     0.9289     0.9432     0.7571     0.9494     0.9078     0.9383     0.9911     0.9269     0.9209     0.7500     0.9209     0.9209     0.9209     0.9209     0.9209     0.8906     0.8359     0.9209     0.9976     0.8776     0.9289     0.9289     0.9432     0.7571     0.9494     0.9078     0.9383     0.9911     0.9269     0.9209     0.7500     0.9209     0.9209     0.9209     0.9209     0.9209     0.8906     0.8359     0.9209     0.9976     0.8776     0.9396     0.9396     0.9432     0.7571     0.9494     0.9078     0.9383     0.9911     0.9269     0.9209     0.7500     0.9209     0.9209     0.9209     0.9209     0.9209     0.8906     0.8359     0.9209     0.9976     0.8776     0.9325     0.9325     0.9432     0.7571     0.9494     0.9078     0.9383     0.9911     0.9269     0.9209     0.7500     0.9209     0.9209     0.9209     0.9209     0.9209     0.8906     0.8359     0.9209     0.9976     0.8776     0.9933     0.9933     0.9432     0.7571     0.9494     0.9078     0.9383     0.9911     0.9269     0.9209     0.7500     0.9209     0.9209     0.9209     0.9209     0.9209     0.8906     0.8359     0.9209     0.9976     0.8776     0.8752     0.8752     0.9432     0.7571     0.9494     0.9078     0.9383     0.9911     0.9269     0.9209     0.7500     0.9209     0.9209     0.9209     0.9209     0.9209     0.8906     0.8359     0.9209     0.9976     0.8776     0.8943     0.8943     0.9432     0.7571     0.9494     0.9078     0.9383     0.9911     0.9269     0.9209     0.7500     0.9209     0.9209     0.9209     0.9209     0.9209     0.8906     0.8359     0.9209     0.9976     0.8776     0.9336     0.9117     0.9432     0.7571     0.9494     0.9078     0.9383     0.9911     0.9269     0.9209     0.7500
09/30/1925_24:00     0.9209     0.9209     0.9209     0.9209     0.9209     0.8906     0.8359     0.9209     0.9976     0.8776     0.9289     0.9289     0.9432     0.7571     0.9494     0.9078     0.9383     0.9911     0.9269     0.9209     0.7500     0.9209     0.9209     0.9209     0.9209     0.9209     0.8906     0.8359     0.9209     0.9976     0.8776     0.9003     0.9003     0.9432     0.7571     0.9494     0.9078     0.9383     0.9911     0.9269     0.9209     0.7500     0.9209     0.9209     0.9209     0.9209     0.9209     0.8906     0.8359     0.9209     0.9976     0.8776     0.9432     0.9432     0.9432     0.7571     0.9494     0.9078     0.9383     0.9911     0.9269     0.9209     0.7500     0.9209     0.9209     0.9209     0.9209     0.9209     0.8906     0.8359     0.9209     0.9976     0.8776     0.9146     0.9146     0.9432     0.7571     0.9494     0.9078     0.9383     0.9911     0.9269     0.9209     0.7500     0.9209     0.9209     0.9209     0.9209     0.9209     0.8906     0.8359     0.9209     0.9976     0.8776     0.9504     0.9504     0.9432     0.7571     0.9494     0.9078     0.9383     0.9911     0.9269     0.9209     0.7500     0.9209     0.9209     0.9209     0.9209     0.9209     0.8906     0.8359     0.9209     0.9976     0.8776     0.9074     0.9074     0.9432     0.7571     0.9494     0.9078     0.9383     0.9911     0.9269     0.9209     0.7500     0.9209     0.9209     0.9209     0.9209     0.9209     0.8906     0.8359     0.9209     0.9976     0.8776     0.9432     0.9432     0.9432     0.7571     0.9494     0.9078     0.9383     0.9911     0.9269     0.9209     0.7500     0.9209     0.9209     0.9209     0.9209     0.9209     0.8906     0.8359     0.9209     0.9976     0.8776     0.9504     0.9504     0.9432     0.7571     0.9494     0.9078     0.9383     0.9911     0.9269     0.9209     0.7500     0.9209     0.9209     0.9209     0.9209     0.9209     0.8906     0.8359     0.9209     0.9976     0.8776     0.9504     0.9504     0.9432     0.7571     0.9494     0.9078     0.9383     0.9911     0.9269     0.9209     0.7500     0.9209     0.9209     0.9209     0.9209     0.9209     0.8906     0.8359     0.9209     0.9976     0.8776     0.9146     0.9146     0.9432     0.7571     0.9494     0.9078     0.9383     0.9911     0.9269     0.9209     0.7500     0.9209     0.9209     0.9209     0.9209     0.9209     0.8906     0.8359     0.9209     0.9976     0.8776     0.9146     0.9146     0.9432     0.7571     0.9494     0.9078     0.9383     0.9911     0.9269     0.9209     0.7500     0.9209     0.9209     0.9209     0.9209     0.9209     0.8906     0.8359     0.9209     0.9976     0.8776     0.9432     0.9432     0.9432     0.7571     0.9494     0.9078     0.9383     0.9911     0.9269     0.9209     0.7500     0.9209     0.9209     0.9209     0.9209     0.9209     0.8906     0.8359     0.9209     0.9976     0.8776     0.9253     0.9253     0.9432     0.7571     0.9494     0.9078     0.9383     0.9911     0.9269     0.9209     0.7500     0.9209     0.9209     0.9209     0.9209     0.9209     0.8906     0.8359     0.9209     0.9976     0.8776     0.9289     0.9289     0.9432     0.7571     0.9494     0.9078     0.9383     0.9911     0.9269     0.9209     0.7500     0.9209     0.9209     0.9209     0.9209     0.9209     0.8906     0.8359     0.9209     0.9976     0.8776     0.9289     0.9289     0.9432     0.7571     0.9494     0.9078     0.9383     0.9911     0.9269     0.9209     0.7500     0.9209     0.9209     0.9209     0.9209     0.9209     0.8906     0.8359     0.9209     0.9976     0.8776     0.9396     0.9396     0.9432     0.7571     0.9494     0.9078     0.9383     0.9911     0.9269     0.9209     0.7500     0.9209     0.9209     0.9209     0.9209     0.9209     0.8906     0.8359     0.9209     0.9976     0.8776     0.9325     0.9325     0.9432     0.7571     0.9494     0.9078     0.9383     0.9911     0.9269     0.9209     0.7500     0.9209     0.9209     0.9209     0.9209     0.9209     0.8906     0.8359     0.9209     0.9976     0.8776     0.9933     0.9933     0.9432     0.7571     0.9494     0.9078     0.9383     0.9911     0.9269     0.9209     0.7500     0.9209     0.9209     0.9209     0.9209     0.9209     0.8906     0.8359     0.9209     0.9976     0.8776     0.8752     0.8752     0.9432     0.7571     0.9494     0.9078     0.9383     0.9911     0.9269     0.9209     0.7500     0.9209     0.9209     0.9209     0.9209     0.9209     0.8906     0.8359     0.9209     0.9976     0.8776     0.8943     0.8943     0.9432     0.7571     0.9494     0.9078     0.9383     0.9911     0.9269     0.9209     0.7500     0.9209     0.9209     0.9209     0.9209     0.9209     0.8906     0.8359     0.9209     0.9976     0.8776     0.9336     0.9117     0.9432     0.7571     0.9494     0.9078     0.9383     0.9911     0.9269     0.9209     0.7500
09/30/1926_24:00     0.9209     0.9209     0.9209     0.9209     0.9209     0.8906     0.8359     0.9209     0.9976     0.8776     0.9289     0.9289     0.9432     0.7571     0.9494     0.9078     0.9383     0.9911     0.9269     0.9209     0.7500     0.9209     0.9209     0.9209     0.9209     0.9209     0.8906     0.8359     0.9209     0.9976     0.8776     0.9003     0.9003     0.9432     0.7571     0.9494     0.9078     0.9383     0.9911     0.9269     0.9209     0.7500     0.9209     0.9209     0.9209     0.9209     0.9209     0.8906     0.8359     0.9209     0.9976     0.8776     0.9432     0.9432     0.9432     0.7571     0.9494     0.9078     0.9383     0.9911     0.9269     0.9209     0.7500     0.9209     0.9209     0.9209     0.9209     0.9209     0.8906     0.8359     0.9209     0.9976     0.8776     0.9146     0.9146     0.9432     0.7571     0.9494     0.9078     0.9383     0.9911     0.9269     0.9209     0.7500     0.9209     0.9209     0.9209     0.9209     0.9209     0.8906     0.8359     0.9209     0.9976     0.8776     0.9504     0.9504     0.9432     0.7571     0.9494     0.9078     0.9383     0.9911     0.9269     0.9209     0.7500     0.9209     0.9209     0.9209     0.9209     0.9209     0.8906     0.8359     0.9209     0.9976     0.8776     0.9074     0.9074     0.9432     0.7571     0.9494     0.9078     0.9383     0.9911     0.9269     0.9209     0.7500     0.9209     0.9209     0.9209     0.9209     0.9209     0.8906     0.8359     0.9209     0.9976     0.8776     0.9432     0.9432     0.9432     0.7571     0.9494     0.9078     0.9383     0.9911     0.9269     0.9209     0.7500     0.9209     0.9209     0.9209     0.9209     0.9209     0.8906     0.8359     0.9209     0.9976     0.8776     0.9504     0.9504     0.9432     0.7571     0.9494     0.9078     0.9383     0.9911     0.9269     0.9209     0.7500     0.9209     0.9209     0.9209     0.9209     0.9209     0.8906     0.8359     0.9209     0.9976     0.8776     0.9504     0.9504     0.9432     0.7571     0.9494     0.9078     0.9383     0.9911     0.9269     0.9209     0.7500     0.9209     0.9209     0.9209     0.9209     0.9209     0.8906     0.8359     0.9209     0.9976     0.8776     0.9146     0.9146     0.9432     0.7571     0.9494     0.9078     0.9383     0.9911     0.9269     0.9209     0.7500     0.9209     0.9209     0.9209     0.9209     0.9209     0.8906     0.8359     0.9209     0.9976     0.8776     0.9146     0.9146     0.9432     0.7571     0.9494     0.9078     0.9383     0.9911     0.9269     0.9209     0.7500     0.9209     0.9209     0.9209     0.9209     0.9209     0.8906     0.8359     0.9209     0.9976     0.8776     0.9432     0.9432     0.9432     0.7571     0.9494     0.9078     0.9383     0.9911     0.9269     0.9209     0.7500     0.9209     0.9209     0.9209     0.9209     0.9209     0.8906     0.8359     0.9209     0.9976     0.8776     0.9253     0.9253     0.9432     0.7571     0.9494     0.9078     0.9383     0.9911     0.9269     0.9209     0.7500     0.9209     0.9209     0.9209     0.9209     0.9209     0.8906     0.8359     0.9209     0.9976     0.8776     0.9289     0.9289     0.9432     0.7571     0.9494     0.9078     0.9383     0.9911     0.9269     0.9209     0.7500     0.9209     0.9209     0.9209     0.9209     0.9209     0.8906     0.8359     0.9209     0.9976     0.8776     0.9289     0.9289     0.9432     0.7571     0.9494     0.9078     0.9383     0.9911     0.9269     0.9209     0.7500     0.9209     0.9209     0.9209     0.9209     0.9209     0.8906     0.8359     0.9209     0.9976     0.8776     0.9396     0.9396     0.9432     0.7571     0.9494     0.9078     0.9383     0.9911     0.9269     0.9209     0.7500     0.9209     0.9209     0.9209     0.9209     0.9209     0.8906     0.8359     0.9209     0.9976     0.8776     0.9325     0.9325     0.9432     0.7571     0.9494     0.9078     0.9383     0.9911     0.9269     0.9209     0.7500     0.9209     0.9209     0.9209     0.9209     0.9209     0.8906     0.8359     0.9209     0.9976     0.8776     0.9933     0.9933     0.9432     0.7571     0.9494     0.9078     0.9383     0.9911     0.9269     0.9209     0.7500     0.9209     0.9209     0.9209     0.9209     0.9209     0.8906     0.8359     0.9209     0.9976     0.8776     0.8752     0.8752     0.9432     0.7571     0.9494     0.9078     0.9383     0.9911     0.9269     0.9209     0.7500     0.9209     0.9209     0.9209     0.9209     0.9209     0.8906     0.8359     0.9209     0.9976     0.8776     0.8943     0.8943     0.9432     0.7571     0.9494     0.9078     0.9383     0.9911     0.9269     0.9209     0.7500     0.9209     0.9209     0.9209     0.9209     0.9209     0.8906     0.8359     0.9209     0.9976     0.8776     0.9336     0.9117     0.9432     0.7571     0.9494     0.9078     0.9383     0.9911     0.9269     0.9209     0.7500
09/30/1927_24:00     0.9209     0.9209     0.9209     0.9209     0.9209     0.8906     0.8359     0.9209     0.9976     0.8776     0.9289     0.9289     0.9432     0.7571     0.9494     0.9078     0.9383     0.9911     0.9269     0.9209     0.7500     0.9209     0.9209     0.9209     0.9209     0.9209     0.8906     0.8359     0.9209     0.9976     0.8776     0.9003     0.9003     0.9432     0.7571     0.9494     0.9078     0.9383     0.9911     0.9269     0.9209     0.7500     0.9209     0.9209     0.9209     0.9209     0.9209     0.8906     0.8359     0.9209     0.9976     0.8776     0.9432     0.9432     0.9432     0.7571     0.9494     0.9078     0.9383     0.9911     0.9269     0.9209     0.7500     0.9209     0.9209     0.9209     0.9209     0.9209     0.8906     0.8359     0.9209     0.9976     0.8776     0.9146     0.9146     0.9432     0.7571     0.9494     0.9078     0.9383     0.9911     0.9269     0.9209     0.7500     0.9209     0.9209     0.9209     0.9209     0.9209     0.8906     0.8359     0.9209     0.9976     0.8776     0.9504     0.9504     0.9432     0.7571     0.9494     0.9078     0.9383     0.9911     0.9269     0.9209     0.7500     0.9209     0.9209     0.9209     0.9209     0.9209     0.8906     0.8359     0.9209     0.9976     0.8776     0.9074     0.9074     0.9432     0.7571     0.9494     0.9078     0.9383     0.9911     0.9269     0.9209     0.7500     0.9209     0.9209     0.9209     0.9209     0.9209     0.8906     0.8359     0.9209     0.9976     0.8776     0.9432     0.9432     0.9432     0.7571     0.9494     0.9078     0.9383     0.9911     0.9269     0.9209     0.7500     0.9209     0.9209     0.9209     0.9209     0.9209     0.8906     0.8359     0.9209     0.9976     0.8776     0.9504     0.9504     0.9432     0.7571     0.9494     0.9078     0.9383     0.9911     0.9269     0.9209     0.7500     0.9209     0.9209     0.9209     0.9209     0.9209     0.8906     0.8359     0.9209     0.9976     0.8776     0.9504     0.9504     0.9432     0.7571     0.9494     0.9078     0.9383     0.9911     0.9269     0.9209     0.7500     0.9209     0.9209     0.9209     0.9209     0.9209     0.8906     0.8359     0.9209     0.9976     0.8776     0.9146     0.9146     0.9432     0.7571     0.9494     0.9078     0.9383     0.9911     0.9269     0.9209     0.7500     0.9209     0.9209     0.9209     0.9209     0.9209     0.8906     0.8359     0.9209     0.9976     0.8776     0.9146     0.9146     0.9432     0.7571     0.9494     0.9078     0.9383     0.9911     0.9269     0.9209     0.7500     0.9209     0.9209     0.9209     0.9209     0.9209     0.8906     0.8359     0.9209     0.9976     0.8776     0.9432     0.9432     0.9432     0.7571     0.9494     0.9078     0.9383     0.9911     0.9269     0.9209     0.7500     0.9209     0.9209     0.9209     0.9209     0.9209     0.8906     0.8359     0.9209     0.9976     0.8776     0.9253     0.9253     0.9432     0.7571     0.9494     0.9078     0.9383     0.9911     0.9269     0.9209     0.7500     0.9209     0.9209     0.9209     0.9209     0.9209     0.8906     0.8359     0.9209     0.9976     0.8776     0.9289     0.9289     0.9432     0.7571     0.9494     0.9078     0.9383     0.9911     0.9269     0.9209     0.7500     0.9209     0.9209     0.9209     0.9209     0.9209     0.8906     0.8359     0.9209     0.9976     0.8776     0.9289     0.9289     0.9432     0.7571     0.9494     0.9078     0.9383     0.9911     0.9269     0.9209     0.7500     0.9209     0.9209     0.9209     0.9209     0.9209     0.8906     0.8359     0.9209     0.9976     0.8776     0.9396     0.9396     0.9432     0.7571     0.9494     0.9078     0.9383     0.9911     0.9269     0.9209     0.7500     0.9209     0.9209     0.9209     0.9209     0.9209     0.8906     0.8359     0.9209     0.9976     0.8776     0.9325     0.9325     0.9432     0.7571     0.9494     0.9078     0.9383     0.9911     0.9269     0.9209     0.7500     0.9209     0.9209     0.9209     0.9209     0.9209     0.8906     0.8359     0.9209     0.9976     0.8776     0.9933     0.9933     0.9432     0.7571     0.9494     0.9078     0.9383     0.9911     0.9269     0.9209     0.7500     0.9209     0.9209     0.9209     0.9209     0.9209     0.8906     0.8359     0.9209     0.9976     0.8776     0.8752     0.8752     0.9432     0.7571     0.9494     0.9078     0.9383     0.9911     0.9269     0.9209     0.7500     0.9209     0.9209     0.9209     0.9209     0.9209     0.8906     0.8359     0.9209     0.9976     0.8776     0.8943     0.8943     0.9432     0.7571     0.9494     0.9078     0.9383     0.9911     0.9269     0.9209     0.7500     0.9209     0.9209     0.9209     0.9209     0.9209     0.8906     0.8359     0.9209     0.9976     0.8776     0.9336     0.9117     0.9432     0.7571     0.9494     0.9078     0.9383     0.9911     0.9269     0.9209     0.7500
09/30/1928_24:00     0.9209     0.9209     0.9209     0.9209     0.9209     0.8906     0.8359     0.9209     0.9976     0.8776     0.9289     0.9289     0.9432     0.7571     0.9494     0.9078     0.9383     0.9911     0.9269     0.9209     0.7500     0.9209     0.9209     0.9209     0.9209     0.9209     0.8906     0.8359     0.9209     0.9976     0.8776     0.9003     0.9003     0.9432     0.7571     0.9494     0.9078     0.9383     0.9911     0.9269     0.9209     0.7500     0.9209     0.9209     0.9209     0.9209     0.9209     0.8906     0.8359     0.9209     0.9976     0.8776     0.9432     0.9432     0.9432     0.7571     0.9494     0.9078     0.9383     0.9911     0.9269     0.9209     0.7500     0.9209     0.9209     0.9209     0.9209     0.9209     0.8906     0.8359     0.9209     0.9976     0.8776     0.9146     0.9146     0.9432     0.7571     0.9494     0.9078     0.9383     0.9911     0.9269     0.9209     0.7500     0.9209     0.9209     0.9209     0.9209     0.9209     0.8906     0.8359     0.9209     0.9976     0.8776     0.9504     0.9504     0.9432     0.7571     0.9494     0.9078     0.9383     0.9911     0.9269     0.9209     0.7500     0.9209     0.9209     0.9209     0.9209     0.9209     0.8906     0.8359     0.9209     0.9976     0.8776     0.9074     0.9074     0.9432     0.7571     0.9494     0.9078     0.9383     0.9911     0.9269     0.9209     0.7500     0.9209     0.9209     0.9209     0.9209     0.9209     0.8906     0.8359     0.9209     0.9976     0.8776     0.9432     0.9432     0.9432     0.7571     0.9494     0.9078     0.9383     0.9911     0.9269     0.9209     0.7500     0.9209     0.9209     0.9209     0.9209     0.9209     0.8906     0.8359     0.9209     0.9976     0.8776     0.9504     0.9504     0.9432     0.7571     0.9494     0.9078     0.9383     0.9911     0.9269     0.9209     0.7500     0.9209     0.9209     0.9209     0.9209     0.9209     0.8906     0.8359     0.9209     0.9976     0.8776     0.9504     0.9504     0.9432     0.7571     0.9494     0.9078     0.9383     0.9911     0.9269     0.9209     0.7500     0.9209     0.9209     0.9209     0.9209     0.9209     0.8906     0.8359     0.9209     0.9976     0.8776     0.9146     0.9146     0.9432     0.7571     0.9494     0.9078     0.9383     0.9911     0.9269     0.9209     0.7500     0.9209     0.9209     0.9209     0.9209     0.9209     0.8906     0.8359     0.9209     0.9976     0.8776     0.9146     0.9146     0.9432     0.7571     0.9494     0.9078     0.9383     0.9911     0.9269     0.9209     0.7500     0.9209     0.9209     0.9209     0.9209     0.9209     0.8906     0.8359     0.9209     0.9976     0.8776     0.9432     0.9432     0.9432     0.7571     0.9494     0.9078     0.9383     0.9911     0.9269     0.9209     0.7500     0.9209     0.9209     0.9209     0.9209     0.9209     0.8906     0.8359     0.9209     0.9976     0.8776     0.9253     0.9253     0.9432     0.7571     0.9494     0.9078     0.9383     0.9911     0.9269     0.9209     0.7500     0.9209     0.9209     0.9209     0.9209     0.9209     0.8906     0.8359     0.9209     0.9976     0.8776     0.9289     0.9289     0.9432     0.7571     0.9494     0.9078     0.9383     0.9911     0.9269     0.9209     0.7500     0.9209     0.9209     0.9209     0.9209     0.9209     0.8906     0.8359     0.9209     0.9976     0.8776     0.9289     0.9289     0.9432     0.7571     0.9494     0.9078     0.9383     0.9911     0.9269     0.9209     0.7500     0.9209     0.9209     0.9209     0.9209     0.9209     0.8906     0.8359     0.9209     0.9976     0.8776     0.9396     0.9396     0.9432     0.7571     0.9494     0.9078     0.9383     0.9911     0.9269     0.9209     0.7500     0.9209     0.9209     0.9209     0.9209     0.9209     0.8906     0.8359     0.9209     0.9976     0.8776     0.9325     0.9325     0.9432     0.7571     0.9494     0.9078     0.9383     0.9911     0.9269     0.9209     0.7500     0.9209     0.9209     0.9209     0.9209     0.9209     0.8906     0.8359     0.9209     0.9976     0.8776     0.9933     0.9933     0.9432     0.7571     0.9494     0.9078     0.9383     0.9911     0.9269     0.9209     0.7500     0.9209     0.9209     0.9209     0.9209     0.9209     0.8906     0.8359     0.9209     0.9976     0.8776     0.8752     0.8752     0.9432     0.7571     0.9494     0.9078     0.9383     0.9911     0.9269     0.9209     0.7500     0.9209     0.9209     0.9209     0.9209     0.9209     0.8906     0.8359     0.9209     0.9976     0.8776     0.8943     0.8943     0.9432     0.7571     0.9494     0.9078     0.9383     0.9911     0.9269     0.9209     0.7500     0.9209     0.9209     0.9209     0.9209     0.9209     0.8906     0.8359     0.9209     0.9976     0.8776     0.9336     0.9117     0.9432     0.7571     0.9494     0.9078     0.9383     0.9911     0.9269     0.9209     0.7500
09/30/1929_24:00     0.9209     0.9209     0.9209     0.9209     0.9209     0.8906     0.8359     0.9209     0.9976     0.8776     0.9289     0.9289     0.9432     0.7571     0.9494     0.9078     0.9383     0.9911     0.9269     0.9209     0.7500     0.9209     0.9209     0.9209     0.9209     0.9209     0.8906     0.8359     0.9209     0.9976     0.8776     0.9003     0.9003     0.9432     0.7571     0.9494     0.9078     0.9383     0.9911     0.9269     0.9209     0.7500     0.9209     0.9209     0.9209     0.9209     0.9209     0.8906     0.8359     0.9209     0.9976     0.8776     0.9432     0.9432     0.9432     0.7571     0.9494     0.9078     0.9383     0.9911     0.9269     0.9209     0.7500     0.9209     0.9209     0.9209     0.9209     0.9209     0.8906     0.8359     0.9209     0.9976     0.8776     0.9146     0.9146     0.9432     0.7571     0.9494     0.9078     0.9383     0.9911     0.9269     0.9209     0.7500     0.9209     0.9209     0.9209     0.9209     0.9209     0.8906     0.8359     0.9209     0.9976     0.8776     0.9504     0.9504     0.9432     0.7571     0.9494     0.9078     0.9383     0.9911     0.9269     0.9209     0.7500     0.9209     0.9209     0.9209     0.9209     0.9209     0.8906     0.8359     0.9209     0.9976     0.8776     0.9074     0.9074     0.9432     0.7571     0.9494     0.9078     0.9383     0.9911     0.9269     0.9209     0.7500     0.9209     0.9209     0.9209     0.9209     0.9209     0.8906     0.8359     0.9209     0.9976     0.8776     0.9432     0.9432     0.9432     0.7571     0.9494     0.9078     0.9383     0.9911     0.9269     0.9209     0.7500     0.9209     0.9209     0.9209     0.9209     0.9209     0.8906     0.8359     0.9209     0.9976     0.8776     0.9504     0.9504     0.9432     0.7571     0.9494     0.9078     0.9383     0.9911     0.9269     0.9209     0.7500     0.9209     0.9209     0.9209     0.9209     0.9209     0.8906     0.8359     0.9209     0.9976     0.8776     0.9504     0.9504     0.9432     0.7571     0.9494     0.9078     0.9383     0.9911     0.9269     0.9209     0.7500     0.9209     0.9209     0.9209     0.9209     0.9209     0.8906     0.8359     0.9209     0.9976     0.8776     0.9146     0.9146     0.9432     0.7571     0.9494     0.9078     0.9383     0.9911     0.9269     0.9209     0.7500     0.9209     0.9209     0.9209     0.9209     0.9209     0.8906     0.8359     0.9209     0.9976     0.8776     0.9146     0.9146     0.9432     0.7571     0.9494     0.9078     0.9383     0.9911     0.9269     0.9209     0.7500     0.9209     0.9209     0.9209     0.9209     0.9209     0.8906     0.8359     0.9209     0.9976     0.8776     0.9432     0.9432     0.9432     0.7571     0.9494     0.9078     0.9383     0.9911     0.9269     0.9209     0.7500     0.9209     0.9209     0.9209     0.9209     0.9209     0.8906     0.8359     0.9209     0.9976     0.8776     0.9253     0.9253     0.9432     0.7571     0.9494     0.9078     0.9383     0.9911     0.9269     0.9209     0.7500     0.9209     0.9209     0.9209     0.9209     0.9209     0.8906     0.8359     0.9209     0.9976     0.8776     0.9289     0.9289     0.9432     0.7571     0.9494     0.9078     0.9383     0.9911     0.9269     0.9209     0.7500     0.9209     0.9209     0.9209     0.9209     0.9209     0.8906     0.8359     0.9209     0.9976     0.8776     0.9289     0.9289     0.9432     0.7571     0.9494     0.9078     0.9383     0.9911     0.9269     0.9209     0.7500     0.9209     0.9209     0.9209     0.9209     0.9209     0.8906     0.8359     0.9209     0.9976     0.8776     0.9396     0.9396     0.9432     0.7571     0.9494     0.9078     0.9383     0.9911     0.9269     0.9209     0.7500     0.9209     0.9209     0.9209     0.9209     0.9209     0.8906     0.8359     0.9209     0.9976     0.8776     0.9325     0.9325     0.9432     0.7571     0.9494     0.9078     0.9383     0.9911     0.9269     0.9209     0.7500     0.9209     0.9209     0.9209     0.9209     0.9209     0.8906     0.8359     0.9209     0.9976     0.8776     0.9933     0.9933     0.9432     0.7571     0.9494     0.9078     0.9383     0.9911     0.9269     0.9209     0.7500     0.9209     0.9209     0.9209     0.9209     0.9209     0.8906     0.8359     0.9209     0.9976     0.8776     0.8752     0.8752     0.9432     0.7571     0.9494     0.9078     0.9383     0.9911     0.9269     0.9209     0.7500     0.9209     0.9209     0.9209     0.9209     0.9209     0.8906     0.8359     0.9209     0.9976     0.8776     0.8943     0.8943     0.9432     0.7571     0.9494     0.9078     0.9383     0.9911     0.9269     0.9209     0.7500     0.9209     0.9209     0.9209     0.9209     0.9209     0.8906     0.8359     0.9209     0.9976     0.8776     0.9336     0.9117     0.9432     0.7571     0.9494     0.9078     0.9383     0.9911     0.9269     0.9209     0.7500
09/30/1930_24:00     0.9209     0.9209     0.9209     0.9209     0.9209     0.8906     0.8359     0.9209     0.9976     0.8776     0.9289     0.9289     0.9432     0.7571     0.9494     0.9078     0.9383     0.9911     0.9269     0.9209     0.7500     0.9209     0.9209     0.9209     0.9209     0.9209     0.8906     0.8359     0.9209     0.9976     0.8776     0.9003     0.9003     0.9432     0.7571     0.9494     0.9078     0.9383     0.9911     0.9269     0.9209     0.7500     0.9209     0.9209     0.9209     0.9209     0.9209     0.8906     0.8359     0.9209     0.9976     0.8776     0.9432     0.9432     0.9432     0.7571     0.9494     0.9078     0.9383     0.9911     0.9269     0.9209     0.7500     0.9209     0.9209     0.9209     0.9209     0.9209     0.8906     0.8359     0.9209     0.9976     0.8776     0.9146     0.9146     0.9432     0.7571     0.9494     0.9078     0.9383     0.9911     0.9269     0.9209     0.7500     0.9209     0.9209     0.9209     0.9209     0.9209     0.8906     0.8359     0.9209     0.9976     0.8776     0.9504     0.9504     0.9432     0.7571     0.9494     0.9078     0.9383     0.9911     0.9269     0.9209     0.7500     0.9209     0.9209     0.9209     0.9209     0.9209     0.8906     0.8359     0.9209     0.9976     0.8776     0.9074     0.9074     0.9432     0.7571     0.9494     0.9078     0.9383     0.9911     0.9269     0.9209     0.7500     0.9209     0.9209     0.9209     0.9209     0.9209     0.8906     0.8359     0.9209     0.9976     0.8776     0.9432     0.9432     0.9432     0.7571     0.9494     0.9078     0.9383     0.9911     0.9269     0.9209     0.7500     0.9209     0.9209     0.9209     0.9209     0.9209     0.8906     0.8359     0.9209     0.9976     0.8776     0.9504     0.9504     0.9432     0.7571     0.9494     0.9078     0.9383     0.9911     0.9269     0.9209     0.7500     0.9209     0.9209     0.9209     0.9209     0.9209     0.8906     0.8359     0.9209     0.9976     0.8776     0.9504     0.9504     0.9432     0.7571     0.9494     0.9078     0.9383     0.9911     0.9269     0.9209     0.7500     0.9209     0.9209     0.9209     0.9209     0.9209     0.8906     0.8359     0.9209     0.9976     0.8776     0.9146     0.9146     0.9432     0.7571     0.9494     0.9078     0.9383     0.9911     0.9269     0.9209     0.7500     0.9209     0.9209     0.9209     0.9209     0.9209     0.8906     0.8359     0.9209     0.9976     0.8776     0.9146     0.9146     0.9432     0.7571     0.9494     0.9078     0.9383     0.9911     0.9269     0.9209     0.7500     0.9209     0.9209     0.9209     0.9209     0.9209     0.8906     0.8359     0.9209     0.9976     0.8776     0.9432     0.9432     0.9432     0.7571     0.9494     0.9078     0.9383     0.9911     0.9269     0.9209     0.7500     0.9209     0.9209     0.9209     0.9209     0.9209     0.8906     0.8359     0.9209     0.9976     0.8776     0.9253     0.9253     0.9432     0.7571     0.9494     0.9078     0.9383     0.9911     0.9269     0.9209     0.7500     0.9209     0.9209     0.9209     0.9209     0.9209     0.8906     0.8359     0.9209     0.9976     0.8776     0.9289     0.9289     0.9432     0.7571     0.9494     0.9078     0.9383     0.9911     0.9269     0.9209     0.7500     0.9209     0.9209     0.9209     0.9209     0.9209     0.8906     0.8359     0.9209     0.9976     0.8776     0.9289     0.9289     0.9432     0.7571     0.9494     0.9078     0.9383     0.9911     0.9269     0.9209     0.7500     0.9209     0.9209     0.9209     0.9209     0.9209     0.8906     0.8359     0.9209     0.9976     0.8776     0.9396     0.9396     0.9432     0.7571     0.9494     0.9078     0.9383     0.9911     0.9269     0.9209     0.7500     0.9209     0.9209     0.9209     0.9209     0.9209     0.8906     0.8359     0.9209     0.9976     0.8776     0.9325     0.9325     0.9432     0.7571     0.9494     0.9078     0.9383     0.9911     0.9269     0.9209     0.7500     0.9209     0.9209     0.9209     0.9209     0.9209     0.8906     0.8359     0.9209     0.9976     0.8776     0.9933     0.9933     0.9432     0.7571     0.9494     0.9078     0.9383     0.9911     0.9269     0.9209     0.7500     0.9209     0.9209     0.9209     0.9209     0.9209     0.8906     0.8359     0.9209     0.9976     0.8776     0.8752     0.8752     0.9432     0.7571     0.9494     0.9078     0.9383     0.9911     0.9269     0.9209     0.7500     0.9209     0.9209     0.9209     0.9209     0.9209     0.8906     0.8359     0.9209     0.9976     0.8776     0.8943     0.8943     0.9432     0.7571     0.9494     0.9078     0.9383     0.9911     0.9269     0.9209     0.7500     0.9209     0.9209     0.9209     0.9209     0.9209     0.8906     0.8359     0.9209     0.9976     0.8776     0.9336     0.9117     0.9432     0.7571     0.9494     0.9078     0.9383     0.9911     0.9269     0.9209     0.7500
09/30/1931_24:00     0.9209     0.9209     0.9209     0.9209     0.9209     0.8906     0.8359     0.9209     0.9976     0.8776     0.9289     0.9289     0.9432     0.7571     0.9494     0.9078     0.9383     0.9911     0.9269     0.9209     0.7500     0.9209     0.9209     0.9209     0.9209     0.9209     0.8906     0.8359     0.9209     0.9976     0.8776     0.9003     0.9003     0.9432     0.7571     0.9494     0.9078     0.9383     0.9911     0.9269     0.9209     0.7500     0.9209     0.9209     0.9209     0.9209     0.9209     0.8906     0.8359     0.9209     0.9976     0.8776     0.9432     0.9432     0.9432     0.7571     0.9494     0.9078     0.9383     0.9911     0.9269     0.9209     0.7500     0.9209     0.9209     0.9209     0.9209     0.9209     0.8906     0.8359     0.9209     0.9976     0.8776     0.9146     0.9146     0.9432     0.7571     0.9494     0.9078     0.9383     0.9911     0.9269     0.9209     0.7500     0.9209     0.9209     0.9209     0.9209     0.9209     0.8906     0.8359     0.9209     0.9976     0.8776     0.9504     0.9504     0.9432     0.7571     0.9494     0.9078     0.9383     0.9911     0.9269     0.9209     0.7500     0.9209     0.9209     0.9209     0.9209     0.9209     0.8906     0.8359     0.9209     0.9976     0.8776     0.9074     0.9074     0.9432     0.7571     0.9494     0.9078     0.9383     0.9911     0.9269     0.9209     0.7500     0.9209     0.9209     0.9209     0.9209     0.9209     0.8906     0.8359     0.9209     0.9976     0.8776     0.9432     0.9432     0.9432     0.7571     0.9494     0.9078     0.9383     0.9911     0.9269     0.9209     0.7500     0.9209     0.9209     0.9209     0.9209     0.9209     0.8906     0.8359     0.9209     0.9976     0.8776     0.9504     0.9504     0.9432     0.7571     0.9494     0.9078     0.9383     0.9911     0.9269     0.9209     0.7500     0.9209     0.9209     0.9209     0.9209     0.9209     0.8906     0.8359     0.9209     0.9976     0.8776     0.9504     0.9504     0.9432     0.7571     0.9494     0.9078     0.9383     0.9911     0.9269     0.9209     0.7500     0.9209     0.9209     0.9209     0.9209     0.9209     0.8906     0.8359     0.9209     0.9976     0.8776     0.9146     0.9146     0.9432     0.7571     0.9494     0.9078     0.9383     0.9911     0.9269     0.9209     0.7500     0.9209     0.9209     0.9209     0.9209     0.9209     0.8906     0.8359     0.9209     0.9976     0.8776     0.9146     0.9146     0.9432     0.7571     0.9494     0.9078     0.9383     0.9911     0.9269     0.9209     0.7500     0.9209     0.9209     0.9209     0.9209     0.9209     0.8906     0.8359     0.9209     0.9976     0.8776     0.9432     0.9432     0.9432     0.7571     0.9494     0.9078     0.9383     0.9911     0.9269     0.9209     0.7500     0.9209     0.9209     0.9209     0.9209     0.9209     0.8906     0.8359     0.9209     0.9976     0.8776     0.9253     0.9253     0.9432     0.7571     0.9494     0.9078     0.9383     0.9911     0.9269     0.9209     0.7500     0.9209     0.9209     0.9209     0.9209     0.9209     0.8906     0.8359     0.9209     0.9976     0.8776     0.9289     0.9289     0.9432     0.7571     0.9494     0.9078     0.9383     0.9911     0.9269     0.9209     0.7500     0.9209     0.9209     0.9209     0.9209     0.9209     0.8906     0.8359     0.9209     0.9976     0.8776     0.9289     0.9289     0.9432     0.7571     0.9494     0.9078     0.9383     0.9911     0.9269     0.9209     0.7500     0.9209     0.9209     0.9209     0.9209     0.9209     0.8906     0.8359     0.9209     0.9976     0.8776     0.9396     0.9396     0.9432     0.7571     0.9494     0.9078     0.9383     0.9911     0.9269     0.9209     0.7500     0.9209     0.9209     0.9209     0.9209     0.9209     0.8906     0.8359     0.9209     0.9976     0.8776     0.9325     0.9325     0.9432     0.7571     0.9494     0.9078     0.9383     0.9911     0.9269     0.9209     0.7500     0.9209     0.9209     0.9209     0.9209     0.9209     0.8906     0.8359     0.9209     0.9976     0.8776     0.9933     0.9933     0.9432     0.7571     0.9494     0.9078     0.9383     0.9911     0.9269     0.9209     0.7500     0.9209     0.9209     0.9209     0.9209     0.9209     0.8906     0.8359     0.9209     0.9976     0.8776     0.8752     0.8752     0.9432     0.7571     0.9494     0.9078     0.9383     0.9911     0.9269     0.9209     0.7500     0.9209     0.9209     0.9209     0.9209     0.9209     0.8906     0.8359     0.9209     0.9976     0.8776     0.8943     0.8943     0.9432     0.7571     0.9494     0.9078     0.9383     0.9911     0.9269     0.9209     0.7500     0.9209     0.9209     0.9209     0.9209     0.9209     0.8906     0.8359     0.9209     0.9976     0.8776     0.9336     0.9117     0.9432     0.7571     0.9494     0.9078     0.9383     0.9911     0.9269     0.9209     0.7500
09/30/1932_24:00     0.9209     0.9209     0.9209     0.9209     0.9209     0.8906     0.8359     0.9209     0.9976     0.8776     0.9289     0.9289     0.9432     0.7571     0.9494     0.9078     0.9383     0.9911     0.9269     0.9209     0.7500     0.9209     0.9209     0.9209     0.9209     0.9209     0.8906     0.8359     0.9209     0.9976     0.8776     0.9003     0.9003     0.9432     0.7571     0.9494     0.9078     0.9383     0.9911     0.9269     0.9209     0.7500     0.9209     0.9209     0.9209     0.9209     0.9209     0.8906     0.8359     0.9209     0.9976     0.8776     0.9432     0.9432     0.9432     0.7571     0.9494     0.9078     0.9383     0.9911     0.9269     0.9209     0.7500     0.9209     0.9209     0.9209     0.9209     0.9209     0.8906     0.8359     0.9209     0.9976     0.8776     0.9146     0.9146     0.9432     0.7571     0.9494     0.9078     0.9383     0.9911     0.9269     0.9209     0.7500     0.9209     0.9209     0.9209     0.9209     0.9209     0.8906     0.8359     0.9209     0.9976     0.8776     0.9504     0.9504     0.9432     0.7571     0.9494     0.9078     0.9383     0.9911     0.9269     0.9209     0.7500     0.9209     0.9209     0.9209     0.9209     0.9209     0.8906     0.8359     0.9209     0.9976     0.8776     0.9074     0.9074     0.9432     0.7571     0.9494     0.9078     0.9383     0.9911     0.9269     0.9209     0.7500     0.9209     0.9209     0.9209     0.9209     0.9209     0.8906     0.8359     0.9209     0.9976     0.8776     0.9432     0.9432     0.9432     0.7571     0.9494     0.9078     0.9383     0.9911     0.9269     0.9209     0.7500     0.9209     0.9209     0.9209     0.9209     0.9209     0.8906     0.8359     0.9209     0.9976     0.8776     0.9504     0.9504     0.9432     0.7571     0.9494     0.9078     0.9383     0.9911     0.9269     0.9209     0.7500     0.9209     0.9209     0.9209     0.9209     0.9209     0.8906     0.8359     0.9209     0.9976     0.8776     0.9504     0.9504     0.9432     0.7571     0.9494     0.9078     0.9383     0.9911     0.9269     0.9209     0.7500     0.9209     0.9209     0.9209     0.9209     0.9209     0.8906     0.8359     0.9209     0.9976     0.8776     0.9146     0.9146     0.9432     0.7571     0.9494     0.9078     0.9383     0.9911     0.9269     0.9209     0.7500     0.9209     0.9209     0.9209     0.9209     0.9209     0.8906     0.8359     0.9209     0.9976     0.8776     0.9146     0.9146     0.9432     0.7571     0.9494     0.9078     0.9383     0.9911     0.9269     0.9209     0.7500     0.9209     0.9209     0.9209     0.9209     0.9209     0.8906     0.8359     0.9209     0.9976     0.8776     0.9432     0.9432     0.9432     0.7571     0.9494     0.9078     0.9383     0.9911     0.9269     0.9209     0.7500     0.9209     0.9209     0.9209     0.9209     0.9209     0.8906     0.8359     0.9209     0.9976     0.8776     0.9253     0.9253     0.9432     0.7571     0.9494     0.9078     0.9383     0.9911     0.9269     0.9209     0.7500     0.9209     0.9209     0.9209     0.9209     0.9209     0.8906     0.8359     0.9209     0.9976     0.8776     0.9289     0.9289     0.9432     0.7571     0.9494     0.9078     0.9383     0.9911     0.9269     0.9209     0.7500     0.9209     0.9209     0.9209     0.9209     0.9209     0.8906     0.8359     0.9209     0.9976     0.8776     0.9289     0.9289     0.9432     0.7571     0.9494     0.9078     0.9383     0.9911     0.9269     0.9209     0.7500     0.9209     0.9209     0.9209     0.9209     0.9209     0.8906     0.8359     0.9209     0.9976     0.8776     0.9396     0.9396     0.9432     0.7571     0.9494     0.9078     0.9383     0.9911     0.9269     0.9209     0.7500     0.9209     0.9209     0.9209     0.9209     0.9209     0.8906     0.8359     0.9209     0.9976     0.8776     0.9325     0.9325     0.9432     0.7571     0.9494     0.9078     0.9383     0.9911     0.9269     0.9209     0.7500     0.9209     0.9209     0.9209     0.9209     0.9209     0.8906     0.8359     0.9209     0.9976     0.8776     0.9933     0.9933     0.9432     0.7571     0.9494     0.9078     0.9383     0.9911     0.9269     0.9209     0.7500     0.9209     0.9209     0.9209     0.9209     0.9209     0.8906     0.8359     0.9209     0.9976     0.8776     0.8752     0.8752     0.9432     0.7571     0.9494     0.9078     0.9383     0.9911     0.9269     0.9209     0.7500     0.9209     0.9209     0.9209     0.9209     0.9209     0.8906     0.8359     0.9209     0.9976     0.8776     0.8943     0.8943     0.9432     0.7571     0.9494     0.9078     0.9383     0.9911     0.9269     0.9209     0.7500     0.9209     0.9209     0.9209     0.9209     0.9209     0.8906     0.8359     0.9209     0.9976     0.8776     0.9336     0.9117     0.9432     0.7571     0.9494     0.9078     0.9383     0.9911     0.9269     0.9209     0.7500
09/30/1933_24:00     0.9209     0.9209     0.9209     0.9209     0.9209     0.8906     0.8359     0.9209     0.9976     0.8776     0.9289     0.9289     0.9432     0.7571     0.9494     0.9078     0.9383     0.9911     0.9269     0.9209     0.7500     0.9209     0.9209     0.9209     0.9209     0.9209     0.8906     0.8359     0.9209     0.9976     0.8776     0.9003     0.9003     0.9432     0.7571     0.9494     0.9078     0.9383     0.9911     0.9269     0.9209     0.7500     0.9209     0.9209     0.9209     0.9209     0.9209     0.8906     0.8359     0.9209     0.9976     0.8776     0.9432     0.9432     0.9432     0.7571     0.9494     0.9078     0.9383     0.9911     0.9269     0.9209     0.7500     0.9209     0.9209     0.9209     0.9209     0.9209     0.8906     0.8359     0.9209     0.9976     0.8776     0.9146     0.9146     0.9432     0.7571     0.9494     0.9078     0.9383     0.9911     0.9269     0.9209     0.7500     0.9209     0.9209     0.9209     0.9209     0.9209     0.8906     0.8359     0.9209     0.9976     0.8776     0.9504     0.9504     0.9432     0.7571     0.9494     0.9078     0.9383     0.9911     0.9269     0.9209     0.7500     0.9209     0.9209     0.9209     0.9209     0.9209     0.8906     0.8359     0.9209     0.9976     0.8776     0.9074     0.9074     0.9432     0.7571     0.9494     0.9078     0.9383     0.9911     0.9269     0.9209     0.7500     0.9209     0.9209     0.9209     0.9209     0.9209     0.8906     0.8359     0.9209     0.9976     0.8776     0.9432     0.9432     0.9432     0.7571     0.9494     0.9078     0.9383     0.9911     0.9269     0.9209     0.7500     0.9209     0.9209     0.9209     0.9209     0.9209     0.8906     0.8359     0.9209     0.9976     0.8776     0.9504     0.9504     0.9432     0.7571     0.9494     0.9078     0.9383     0.9911     0.9269     0.9209     0.7500     0.9209     0.9209     0.9209     0.9209     0.9209     0.8906     0.8359     0.9209     0.9976     0.8776     0.9504     0.9504     0.9432     0.7571     0.9494     0.9078     0.9383     0.9911     0.9269     0.9209     0.7500     0.9209     0.9209     0.9209     0.9209     0.9209     0.8906     0.8359     0.9209     0.9976     0.8776     0.9146     0.9146     0.9432     0.7571     0.9494     0.9078     0.9383     0.9911     0.9269     0.9209     0.7500     0.9209     0.9209     0.9209     0.9209     0.9209     0.8906     0.8359     0.9209     0.9976     0.8776     0.9146     0.9146     0.9432     0.7571     0.9494     0.9078     0.9383     0.9911     0.9269     0.9209     0.7500     0.9209     0.9209     0.9209     0.9209     0.9209     0.8906     0.8359     0.9209     0.9976     0.8776     0.9432     0.9432     0.9432     0.7571     0.9494     0.9078     0.9383     0.9911     0.9269     0.9209     0.7500     0.9209     0.9209     0.9209     0.9209     0.9209     0.8906     0.8359     0.9209     0.9976     0.8776     0.9253     0.9253     0.9432     0.7571     0.9494     0.9078     0.9383     0.9911     0.9269     0.9209     0.7500     0.9209     0.9209     0.9209     0.9209     0.9209     0.8906     0.8359     0.9209     0.9976     0.8776     0.9289     0.9289     0.9432     0.7571     0.9494     0.9078     0.9383     0.9911     0.9269     0.9209     0.7500     0.9209     0.9209     0.9209     0.9209     0.9209     0.8906     0.8359     0.9209     0.9976     0.8776     0.9289     0.9289     0.9432     0.7571     0.9494     0.9078     0.9383     0.9911     0.9269     0.9209     0.7500     0.9209     0.9209     0.9209     0.9209     0.9209     0.8906     0.8359     0.9209     0.9976     0.8776     0.9396     0.9396     0.9432     0.7571     0.9494     0.9078     0.9383     0.9911     0.9269     0.9209     0.7500     0.9209     0.9209     0.9209     0.9209     0.9209     0.8906     0.8359     0.9209     0.9976     0.8776     0.9325     0.9325     0.9432     0.7571     0.9494     0.9078     0.9383     0.9911     0.9269     0.9209     0.7500     0.9209     0.9209     0.9209     0.9209     0.9209     0.8906     0.8359     0.9209     0.9976     0.8776     0.9933     0.9933     0.9432     0.7571     0.9494     0.9078     0.9383     0.9911     0.9269     0.9209     0.7500     0.9209     0.9209     0.9209     0.9209     0.9209     0.8906     0.8359     0.9209     0.9976     0.8776     0.8752     0.8752     0.9432     0.7571     0.9494     0.9078     0.9383     0.9911     0.9269     0.9209     0.7500     0.9209     0.9209     0.9209     0.9209     0.9209     0.8906     0.8359     0.9209     0.9976     0.8776     0.8943     0.8943     0.9432     0.7571     0.9494     0.9078     0.9383     0.9911     0.9269     0.9209     0.7500     0.9209     0.9209     0.9209     0.9209     0.9209     0.8906     0.8359     0.9209     0.9976     0.8776     0.9336     0.9117     0.9432     0.7571     0.9494     0.9078     0.9383     0.9911     0.9269     0.9209     0.7500
09/30/1934_24:00     0.9209     0.9209     0.9209     0.9209     0.9209     0.8906     0.8359     0.9209     0.9976     0.8776     0.9289     0.9289     0.9432     0.7571     0.9494     0.9078     0.9383     0.9911     0.9269     0.9209     0.7500     0.9209     0.9209     0.9209     0.9209     0.9209     0.8906     0.8359     0.9209     0.9976     0.8776     0.9003     0.9003     0.9432     0.7571     0.9494     0.9078     0.9383     0.9911     0.9269     0.9209     0.7500     0.9209     0.9209     0.9209     0.9209     0.9209     0.8906     0.8359     0.9209     0.9976     0.8776     0.9432     0.9432     0.9432     0.7571     0.9494     0.9078     0.9383     0.9911     0.9269     0.9209     0.7500     0.9209     0.9209     0.9209     0.9209     0.9209     0.8906     0.8359     0.9209     0.9976     0.8776     0.9146     0.9146     0.9432     0.7571     0.9494     0.9078     0.9383     0.9911     0.9269     0.9209     0.7500     0.9209     0.9209     0.9209     0.9209     0.9209     0.8906     0.8359     0.9209     0.9976     0.8776     0.9504     0.9504     0.9432     0.7571     0.9494     0.9078     0.9383     0.9911     0.9269     0.9209     0.7500     0.9209     0.9209     0.9209     0.9209     0.9209     0.8906     0.8359     0.9209     0.9976     0.8776     0.9074     0.9074     0.9432     0.7571     0.9494     0.9078     0.9383     0.9911     0.9269     0.9209     0.7500     0.9209     0.9209     0.9209     0.9209     0.9209     0.8906     0.8359     0.9209     0.9976     0.8776     0.9432     0.9432     0.9432     0.7571     0.9494     0.9078     0.9383     0.9911     0.9269     0.9209     0.7500     0.9209     0.9209     0.9209     0.9209     0.9209     0.8906     0.8359     0.9209     0.9976     0.8776     0.9504     0.9504     0.9432     0.7571     0.9494     0.9078     0.9383     0.9911     0.9269     0.9209     0.7500     0.9209     0.9209     0.9209     0.9209     0.9209     0.8906     0.8359     0.9209     0.9976     0.8776     0.9504     0.9504     0.9432     0.7571     0.9494     0.9078     0.9383     0.9911     0.9269     0.9209     0.7500     0.9209     0.9209     0.9209     0.9209     0.9209     0.8906     0.8359     0.9209     0.9976     0.8776     0.9146     0.9146     0.9432     0.7571     0.9494     0.9078     0.9383     0.9911     0.9269     0.9209     0.7500     0.9209     0.9209     0.9209     0.9209     0.9209     0.8906     0.8359     0.9209     0.9976     0.8776     0.9146     0.9146     0.9432     0.7571     0.9494     0.9078     0.9383     0.9911     0.9269     0.9209     0.7500     0.9209     0.9209     0.9209     0.9209     0.9209     0.8906     0.8359     0.9209     0.9976     0.8776     0.9432     0.9432     0.9432     0.7571     0.9494     0.9078     0.9383     0.9911     0.9269     0.9209     0.7500     0.9209     0.9209     0.9209     0.9209     0.9209     0.8906     0.8359     0.9209     0.9976     0.8776     0.9253     0.9253     0.9432     0.7571     0.9494     0.9078     0.9383     0.9911     0.9269     0.9209     0.7500     0.9209     0.9209     0.9209     0.9209     0.9209     0.8906     0.8359     0.9209     0.9976     0.8776     0.9289     0.9289     0.9432     0.7571     0.9494     0.9078     0.9383     0.9911     0.9269     0.9209     0.7500     0.9209     0.9209     0.9209     0.9209     0.9209     0.8906     0.8359     0.9209     0.9976     0.8776     0.9289     0.9289     0.9432     0.7571     0.9494     0.9078     0.9383     0.9911     0.9269     0.9209     0.7500     0.9209     0.9209     0.9209     0.9209     0.9209     0.8906     0.8359     0.9209     0.9976     0.8776     0.9396     0.9396     0.9432     0.7571     0.9494     0.9078     0.9383     0.9911     0.9269     0.9209     0.7500     0.9209     0.9209     0.9209     0.9209     0.9209     0.8906     0.8359     0.9209     0.9976     0.8776     0.9325     0.9325     0.9432     0.7571     0.9494     0.9078     0.9383     0.9911     0.9269     0.9209     0.7500     0.9209     0.9209     0.9209     0.9209     0.9209     0.8906     0.8359     0.9209     0.9976     0.8776     0.9933     0.9933     0.9432     0.7571     0.9494     0.9078     0.9383     0.9911     0.9269     0.9209     0.7500     0.9209     0.9209     0.9209     0.9209     0.9209     0.8906     0.8359     0.9209     0.9976     0.8776     0.8752     0.8752     0.9432     0.7571     0.9494     0.9078     0.9383     0.9911     0.9269     0.9209     0.7500     0.9209     0.9209     0.9209     0.9209     0.9209     0.8906     0.8359     0.9209     0.9976     0.8776     0.8943     0.8943     0.9432     0.7571     0.9494     0.9078     0.9383     0.9911     0.9269     0.9209     0.7500     0.9209     0.9209     0.9209     0.9209     0.9209     0.8906     0.8359     0.9209     0.9976     0.8776     0.9336     0.9117     0.9432     0.7571     0.9494     0.9078     0.9383     0.9911     0.9269     0.9209     0.7500
09/30/1935_24:00     0.9209     0.9209     0.9209     0.9209     0.9209     0.8906     0.8359     0.9209     0.9976     0.8776     0.9289     0.9289     0.9432     0.7571     0.9494     0.9078     0.9383     0.9911     0.9269     0.9209     0.7500     0.9209     0.9209     0.9209     0.9209     0.9209     0.8906     0.8359     0.9209     0.9976     0.8776     0.9003     0.9003     0.9432     0.7571     0.9494     0.9078     0.9383     0.9911     0.9269     0.9209     0.7500     0.9209     0.9209     0.9209     0.9209     0.9209     0.8906     0.8359     0.9209     0.9976     0.8776     0.9432     0.9432     0.9432     0.7571     0.9494     0.9078     0.9383     0.9911     0.9269     0.9209     0.7500     0.9209     0.9209     0.9209     0.9209     0.9209     0.8906     0.8359     0.9209     0.9976     0.8776     0.9146     0.9146     0.9432     0.7571     0.9494     0.9078     0.9383     0.9911     0.9269     0.9209     0.7500     0.9209     0.9209     0.9209     0.9209     0.9209     0.8906     0.8359     0.9209     0.9976     0.8776     0.9504     0.9504     0.9432     0.7571     0.9494     0.9078     0.9383     0.9911     0.9269     0.9209     0.7500     0.9209     0.9209     0.9209     0.9209     0.9209     0.8906     0.8359     0.9209     0.9976     0.8776     0.9074     0.9074     0.9432     0.7571     0.9494     0.9078     0.9383     0.9911     0.9269     0.9209     0.7500     0.9209     0.9209     0.9209     0.9209     0.9209     0.8906     0.8359     0.9209     0.9976     0.8776     0.9432     0.9432     0.9432     0.7571     0.9494     0.9078     0.9383     0.9911     0.9269     0.9209     0.7500     0.9209     0.9209     0.9209     0.9209     0.9209     0.8906     0.8359     0.9209     0.9976     0.8776     0.9504     0.9504     0.9432     0.7571     0.9494     0.9078     0.9383     0.9911     0.9269     0.9209     0.7500     0.9209     0.9209     0.9209     0.9209     0.9209     0.8906     0.8359     0.9209     0.9976     0.8776     0.9504     0.9504     0.9432     0.7571     0.9494     0.9078     0.9383     0.9911     0.9269     0.9209     0.7500     0.9209     0.9209     0.9209     0.9209     0.9209     0.8906     0.8359     0.9209     0.9976     0.8776     0.9146     0.9146     0.9432     0.7571     0.9494     0.9078     0.9383     0.9911     0.9269     0.9209     0.7500     0.9209     0.9209     0.9209     0.9209     0.9209     0.8906     0.8359     0.9209     0.9976     0.8776     0.9146     0.9146     0.9432     0.7571     0.9494     0.9078     0.9383     0.9911     0.9269     0.9209     0.7500     0.9209     0.9209     0.9209     0.9209     0.9209     0.8906     0.8359     0.9209     0.9976     0.8776     0.9432     0.9432     0.9432     0.7571     0.9494     0.9078     0.9383     0.9911     0.9269     0.9209     0.7500     0.9209     0.9209     0.9209     0.9209     0.9209     0.8906     0.8359     0.9209     0.9976     0.8776     0.9253     0.9253     0.9432     0.7571     0.9494     0.9078     0.9383     0.9911     0.9269     0.9209     0.7500     0.9209     0.9209     0.9209     0.9209     0.9209     0.8906     0.8359     0.9209     0.9976     0.8776     0.9289     0.9289     0.9432     0.7571     0.9494     0.9078     0.9383     0.9911     0.9269     0.9209     0.7500     0.9209     0.9209     0.9209     0.9209     0.9209     0.8906     0.8359     0.9209     0.9976     0.8776     0.9289     0.9289     0.9432     0.7571     0.9494     0.9078     0.9383     0.9911     0.9269     0.9209     0.7500     0.9209     0.9209     0.9209     0.9209     0.9209     0.8906     0.8359     0.9209     0.9976     0.8776     0.9396     0.9396     0.9432     0.7571     0.9494     0.9078     0.9383     0.9911     0.9269     0.9209     0.7500     0.9209     0.9209     0.9209     0.9209     0.9209     0.8906     0.8359     0.9209     0.9976     0.8776     0.9325     0.9325     0.9432     0.7571     0.9494     0.9078     0.9383     0.9911     0.9269     0.9209     0.7500     0.9209     0.9209     0.9209     0.9209     0.9209     0.8906     0.8359     0.9209     0.9976     0.8776     0.9933     0.9933     0.9432     0.7571     0.9494     0.9078     0.9383     0.9911     0.9269     0.9209     0.7500     0.9209     0.9209     0.9209     0.9209     0.9209     0.8906     0.8359     0.9209     0.9976     0.8776     0.8752     0.8752     0.9432     0.7571     0.9494     0.9078     0.9383     0.9911     0.9269     0.9209     0.7500     0.9209     0.9209     0.9209     0.9209     0.9209     0.8906     0.8359     0.9209     0.9976     0.8776     0.8943     0.8943     0.9432     0.7571     0.9494     0.9078     0.9383     0.9911     0.9269     0.9209     0.7500     0.9209     0.9209     0.9209     0.9209     0.9209     0.8906     0.8359     0.9209     0.9976     0.8776     0.9336     0.9117     0.9432     0.7571     0.9494     0.9078     0.9383     0.9911     0.9269     0.9209     0.7500
09/30/1936_24:00     0.9209     0.9209     0.9209     0.9209     0.9209     0.8906     0.8359     0.9209     0.9976     0.8776     0.9289     0.9289     0.9432     0.7571     0.9494     0.9078     0.9383     0.9911     0.9269     0.9209     0.7500     0.9209     0.9209     0.9209     0.9209     0.9209     0.8906     0.8359     0.9209     0.9976     0.8776     0.9003     0.9003     0.9432     0.7571     0.9494     0.9078     0.9383     0.9911     0.9269     0.9209     0.7500     0.9209     0.9209     0.9209     0.9209     0.9209     0.8906     0.8359     0.9209     0.9976     0.8776     0.9432     0.9432     0.9432     0.7571     0.9494     0.9078     0.9383     0.9911     0.9269     0.9209     0.7500     0.9209     0.9209     0.9209     0.9209     0.9209     0.8906     0.8359     0.9209     0.9976     0.8776     0.9146     0.9146     0.9432     0.7571     0.9494     0.9078     0.9383     0.9911     0.9269     0.9209     0.7500     0.9209     0.9209     0.9209     0.9209     0.9209     0.8906     0.8359     0.9209     0.9976     0.8776     0.9504     0.9504     0.9432     0.7571     0.9494     0.9078     0.9383     0.9911     0.9269     0.9209     0.7500     0.9209     0.9209     0.9209     0.9209     0.9209     0.8906     0.8359     0.9209     0.9976     0.8776     0.9074     0.9074     0.9432     0.7571     0.9494     0.9078     0.9383     0.9911     0.9269     0.9209     0.7500     0.9209     0.9209     0.9209     0.9209     0.9209     0.8906     0.8359     0.9209     0.9976     0.8776     0.9432     0.9432     0.9432     0.7571     0.9494     0.9078     0.9383     0.9911     0.9269     0.9209     0.7500     0.9209     0.9209     0.9209     0.9209     0.9209     0.8906     0.8359     0.9209     0.9976     0.8776     0.9504     0.9504     0.9432     0.7571     0.9494     0.9078     0.9383     0.9911     0.9269     0.9209     0.7500     0.9209     0.9209     0.9209     0.9209     0.9209     0.8906     0.8359     0.9209     0.9976     0.8776     0.9504     0.9504     0.9432     0.7571     0.9494     0.9078     0.9383     0.9911     0.9269     0.9209     0.7500     0.9209     0.9209     0.9209     0.9209     0.9209     0.8906     0.8359     0.9209     0.9976     0.8776     0.9146     0.9146     0.9432     0.7571     0.9494     0.9078     0.9383     0.9911     0.9269     0.9209     0.7500     0.9209     0.9209     0.9209     0.9209     0.9209     0.8906     0.8359     0.9209     0.9976     0.8776     0.9146     0.9146     0.9432     0.7571     0.9494     0.9078     0.9383     0.9911     0.9269     0.9209     0.7500     0.9209     0.9209     0.9209     0.9209     0.9209     0.8906     0.8359     0.9209     0.9976     0.8776     0.9432     0.9432     0.9432     0.7571     0.9494     0.9078     0.9383     0.9911     0.9269     0.9209     0.7500     0.9209     0.9209     0.9209     0.9209     0.9209     0.8906     0.8359     0.9209     0.9976     0.8776     0.9253     0.9253     0.9432     0.7571     0.9494     0.9078     0.9383     0.9911     0.9269     0.9209     0.7500     0.9209     0.9209     0.9209     0.9209     0.9209     0.8906     0.8359     0.9209     0.9976     0.8776     0.9289     0.9289     0.9432     0.7571     0.9494     0.9078     0.9383     0.9911     0.9269     0.9209     0.7500     0.9209     0.9209     0.9209     0.9209     0.9209     0.8906     0.8359     0.9209     0.9976     0.8776     0.9289     0.9289     0.9432     0.7571     0.9494     0.9078     0.9383     0.9911     0.9269     0.9209     0.7500     0.9209     0.9209     0.9209     0.9209     0.9209     0.8906     0.8359     0.9209     0.9976     0.8776     0.9396     0.9396     0.9432     0.7571     0.9494     0.9078     0.9383     0.9911     0.9269     0.9209     0.7500     0.9209     0.9209     0.9209     0.9209     0.9209     0.8906     0.8359     0.9209     0.9976     0.8776     0.9325     0.9325     0.9432     0.7571     0.9494     0.9078     0.9383     0.9911     0.9269     0.9209     0.7500     0.9209     0.9209     0.9209     0.9209     0.9209     0.8906     0.8359     0.9209     0.9976     0.8776     0.9933     0.9933     0.9432     0.7571     0.9494     0.9078     0.9383     0.9911     0.9269     0.9209     0.7500     0.9209     0.9209     0.9209     0.9209     0.9209     0.8906     0.8359     0.9209     0.9976     0.8776     0.8752     0.8752     0.9432     0.7571     0.9494     0.9078     0.9383     0.9911     0.9269     0.9209     0.7500     0.9209     0.9209     0.9209     0.9209     0.9209     0.8906     0.8359     0.9209     0.9976     0.8776     0.8943     0.8943     0.9432     0.7571     0.9494     0.9078     0.9383     0.9911     0.9269     0.9209     0.7500     0.9209     0.9209     0.9209     0.9209     0.9209     0.8906     0.8359     0.9209     0.9976     0.8776     0.9336     0.9117     0.9432     0.7571     0.9494     0.9078     0.9383     0.9911     0.9269     0.9209     0.7500
09/30/1937_24:00     0.9209     0.9209     0.9209     0.9209     0.9209     0.8906     0.8359     0.9209     0.9976     0.8776     0.9289     0.9289     0.9432     0.7571     0.9494     0.9078     0.9383     0.9911     0.9269     0.9209     0.7500     0.9209     0.9209     0.9209     0.9209     0.9209     0.8906     0.8359     0.9209     0.9976     0.8776     0.9003     0.9003     0.9432     0.7571     0.9494     0.9078     0.9383     0.9911     0.9269     0.9209     0.7500     0.9209     0.9209     0.9209     0.9209     0.9209     0.8906     0.8359     0.9209     0.9976     0.8776     0.9432     0.9432     0.9432     0.7571     0.9494     0.9078     0.9383     0.9911     0.9269     0.9209     0.7500     0.9209     0.9209     0.9209     0.9209     0.9209     0.8906     0.8359     0.9209     0.9976     0.8776     0.9146     0.9146     0.9432     0.7571     0.9494     0.9078     0.9383     0.9911     0.9269     0.9209     0.7500     0.9209     0.9209     0.9209     0.9209     0.9209     0.8906     0.8359     0.9209     0.9976     0.8776     0.9504     0.9504     0.9432     0.7571     0.9494     0.9078     0.9383     0.9911     0.9269     0.9209     0.7500     0.9209     0.9209     0.9209     0.9209     0.9209     0.8906     0.8359     0.9209     0.9976     0.8776     0.9074     0.9074     0.9432     0.7571     0.9494     0.9078     0.9383     0.9911     0.9269     0.9209     0.7500     0.9209     0.9209     0.9209     0.9209     0.9209     0.8906     0.8359     0.9209     0.9976     0.8776     0.9432     0.9432     0.9432     0.7571     0.9494     0.9078     0.9383     0.9911     0.9269     0.9209     0.7500     0.9209     0.9209     0.9209     0.9209     0.9209     0.8906     0.8359     0.9209     0.9976     0.8776     0.9504     0.9504     0.9432     0.7571     0.9494     0.9078     0.9383     0.9911     0.9269     0.9209     0.7500     0.9209     0.9209     0.9209     0.9209     0.9209     0.8906     0.8359     0.9209     0.9976     0.8776     0.9504     0.9504     0.9432     0.7571     0.9494     0.9078     0.9383     0.9911     0.9269     0.9209     0.7500     0.9209     0.9209     0.9209     0.9209     0.9209     0.8906     0.8359     0.9209     0.9976     0.8776     0.9146     0.9146     0.9432     0.7571     0.9494     0.9078     0.9383     0.9911     0.9269     0.9209     0.7500     0.9209     0.9209     0.9209     0.9209     0.9209     0.8906     0.8359     0.9209     0.9976     0.8776     0.9146     0.9146     0.9432     0.7571     0.9494     0.9078     0.9383     0.9911     0.9269     0.9209     0.7500     0.9209     0.9209     0.9209     0.9209     0.9209     0.8906     0.8359     0.9209     0.9976     0.8776     0.9432     0.9432     0.9432     0.7571     0.9494     0.9078     0.9383     0.9911     0.9269     0.9209     0.7500     0.9209     0.9209     0.9209     0.9209     0.9209     0.8906     0.8359     0.9209     0.9976     0.8776     0.9253     0.9253     0.9432     0.7571     0.9494     0.9078     0.9383     0.9911     0.9269     0.9209     0.7500     0.9209     0.9209     0.9209     0.9209     0.9209     0.8906     0.8359     0.9209     0.9976     0.8776     0.9289     0.9289     0.9432     0.7571     0.9494     0.9078     0.9383     0.9911     0.9269     0.9209     0.7500     0.9209     0.9209     0.9209     0.9209     0.9209     0.8906     0.8359     0.9209     0.9976     0.8776     0.9289     0.9289     0.9432     0.7571     0.9494     0.9078     0.9383     0.9911     0.9269     0.9209     0.7500     0.9209     0.9209     0.9209     0.9209     0.9209     0.8906     0.8359     0.9209     0.9976     0.8776     0.9396     0.9396     0.9432     0.7571     0.9494     0.9078     0.9383     0.9911     0.9269     0.9209     0.7500     0.9209     0.9209     0.9209     0.9209     0.9209     0.8906     0.8359     0.9209     0.9976     0.8776     0.9325     0.9325     0.9432     0.7571     0.9494     0.9078     0.9383     0.9911     0.9269     0.9209     0.7500     0.9209     0.9209     0.9209     0.9209     0.9209     0.8906     0.8359     0.9209     0.9976     0.8776     0.9933     0.9933     0.9432     0.7571     0.9494     0.9078     0.9383     0.9911     0.9269     0.9209     0.7500     0.9209     0.9209     0.9209     0.9209     0.9209     0.8906     0.8359     0.9209     0.9976     0.8776     0.8752     0.8752     0.9432     0.7571     0.9494     0.9078     0.9383     0.9911     0.9269     0.9209     0.7500     0.9209     0.9209     0.9209     0.9209     0.9209     0.8906     0.8359     0.9209     0.9976     0.8776     0.8943     0.8943     0.9432     0.7571     0.9494     0.9078     0.9383     0.9911     0.9269     0.9209     0.7500     0.9209     0.9209     0.9209     0.9209     0.9209     0.8906     0.8359     0.9209     0.9976     0.8776     0.9336     0.9117     0.9432     0.7571     0.9494     0.9078     0.9383     0.9911     0.9269     0.9209     0.7500
09/30/1938_24:00     0.9209     0.9209     0.9209     0.9209     0.9209     0.8906     0.8359     0.9209     0.9976     0.8776     0.9289     0.9289     0.9432     0.7571     0.9494     0.9078     0.9383     0.9911     0.9269     0.9209     0.7500     0.9209     0.9209     0.9209     0.9209     0.9209     0.8906     0.8359     0.9209     0.9976     0.8776     0.9003     0.9003     0.9432     0.7571     0.9494     0.9078     0.9383     0.9911     0.9269     0.9209     0.7500     0.9209     0.9209     0.9209     0.9209     0.9209     0.8906     0.8359     0.9209     0.9976     0.8776     0.9432     0.9432     0.9432     0.7571     0.9494     0.9078     0.9383     0.9911     0.9269     0.9209     0.7500     0.9209     0.9209     0.9209     0.9209     0.9209     0.8906     0.8359     0.9209     0.9976     0.8776     0.9146     0.9146     0.9432     0.7571     0.9494     0.9078     0.9383     0.9911     0.9269     0.9209     0.7500     0.9209     0.9209     0.9209     0.9209     0.9209     0.8906     0.8359     0.9209     0.9976     0.8776     0.9504     0.9504     0.9432     0.7571     0.9494     0.9078     0.9383     0.9911     0.9269     0.9209     0.7500     0.9209     0.9209     0.9209     0.9209     0.9209     0.8906     0.8359     0.9209     0.9976     0.8776     0.9074     0.9074     0.9432     0.7571     0.9494     0.9078     0.9383     0.9911     0.9269     0.9209     0.7500     0.9209     0.9209     0.9209     0.9209     0.9209     0.8906     0.8359     0.9209     0.9976     0.8776     0.9432     0.9432     0.9432     0.7571     0.9494     0.9078     0.9383     0.9911     0.9269     0.9209     0.7500     0.9209     0.9209     0.9209     0.9209     0.9209     0.8906     0.8359     0.9209     0.9976     0.8776     0.9504     0.9504     0.9432     0.7571     0.9494     0.9078     0.9383     0.9911     0.9269     0.9209     0.7500     0.9209     0.9209     0.9209     0.9209     0.9209     0.8906     0.8359     0.9209     0.9976     0.8776     0.9504     0.9504     0.9432     0.7571     0.9494     0.9078     0.9383     0.9911     0.9269     0.9209     0.7500     0.9209     0.9209     0.9209     0.9209     0.9209     0.8906     0.8359     0.9209     0.9976     0.8776     0.9146     0.9146     0.9432     0.7571     0.9494     0.9078     0.9383     0.9911     0.9269     0.9209     0.7500     0.9209     0.9209     0.9209     0.9209     0.9209     0.8906     0.8359     0.9209     0.9976     0.8776     0.9146     0.9146     0.9432     0.7571     0.9494     0.9078     0.9383     0.9911     0.9269     0.9209     0.7500     0.9209     0.9209     0.9209     0.9209     0.9209     0.8906     0.8359     0.9209     0.9976     0.8776     0.9432     0.9432     0.9432     0.7571     0.9494     0.9078     0.9383     0.9911     0.9269     0.9209     0.7500     0.9209     0.9209     0.9209     0.9209     0.9209     0.8906     0.8359     0.9209     0.9976     0.8776     0.9253     0.9253     0.9432     0.7571     0.9494     0.9078     0.9383     0.9911     0.9269     0.9209     0.7500     0.9209     0.9209     0.9209     0.9209     0.9209     0.8906     0.8359     0.9209     0.9976     0.8776     0.9289     0.9289     0.9432     0.7571     0.9494     0.9078     0.9383     0.9911     0.9269     0.9209     0.7500     0.9209     0.9209     0.9209     0.9209     0.9209     0.8906     0.8359     0.9209     0.9976     0.8776     0.9289     0.9289     0.9432     0.7571     0.9494     0.9078     0.9383     0.9911     0.9269     0.9209     0.7500     0.9209     0.9209     0.9209     0.9209     0.9209     0.8906     0.8359     0.9209     0.9976     0.8776     0.9396     0.9396     0.9432     0.7571     0.9494     0.9078     0.9383     0.9911     0.9269     0.9209     0.7500     0.9209     0.9209     0.9209     0.9209     0.9209     0.8906     0.8359     0.9209     0.9976     0.8776     0.9325     0.9325     0.9432     0.7571     0.9494     0.9078     0.9383     0.9911     0.9269     0.9209     0.7500     0.9209     0.9209     0.9209     0.9209     0.9209     0.8906     0.8359     0.9209     0.9976     0.8776     0.9933     0.9933     0.9432     0.7571     0.9494     0.9078     0.9383     0.9911     0.9269     0.9209     0.7500     0.9209     0.9209     0.9209     0.9209     0.9209     0.8906     0.8359     0.9209     0.9976     0.8776     0.8752     0.8752     0.9432     0.7571     0.9494     0.9078     0.9383     0.9911     0.9269     0.9209     0.7500     0.9209     0.9209     0.9209     0.9209     0.9209     0.8906     0.8359     0.9209     0.9976     0.8776     0.8943     0.8943     0.9432     0.7571     0.9494     0.9078     0.9383     0.9911     0.9269     0.9209     0.7500     0.9209     0.9209     0.9209     0.9209     0.9209     0.8906     0.8359     0.9209     0.9976     0.8776     0.9336     0.9117     0.9432     0.7571     0.9494     0.9078     0.9383     0.9911     0.9269     0.9209     0.7500
09/30/1939_24:00     0.9209     0.9209     0.9209     0.9209     0.9209     0.8906     0.8359     0.9209     0.9976     0.8776     0.9289     0.9289     0.9432     0.7571     0.9494     0.9078     0.9383     0.9911     0.9269     0.9209     0.7500     0.9209     0.9209     0.9209     0.9209     0.9209     0.8906     0.8359     0.9209     0.9976     0.8776     0.9003     0.9003     0.9432     0.7571     0.9494     0.9078     0.9383     0.9911     0.9269     0.9209     0.7500     0.9209     0.9209     0.9209     0.9209     0.9209     0.8906     0.8359     0.9209     0.9976     0.8776     0.9432     0.9432     0.9432     0.7571     0.9494     0.9078     0.9383     0.9911     0.9269     0.9209     0.7500     0.9209     0.9209     0.9209     0.9209     0.9209     0.8906     0.8359     0.9209     0.9976     0.8776     0.9146     0.9146     0.9432     0.7571     0.9494     0.9078     0.9383     0.9911     0.9269     0.9209     0.7500     0.9209     0.9209     0.9209     0.9209     0.9209     0.8906     0.8359     0.9209     0.9976     0.8776     0.9504     0.9504     0.9432     0.7571     0.9494     0.9078     0.9383     0.9911     0.9269     0.9209     0.7500     0.9209     0.9209     0.9209     0.9209     0.9209     0.8906     0.8359     0.9209     0.9976     0.8776     0.9074     0.9074     0.9432     0.7571     0.9494     0.9078     0.9383     0.9911     0.9269     0.9209     0.7500     0.9209     0.9209     0.9209     0.9209     0.9209     0.8906     0.8359     0.9209     0.9976     0.8776     0.9432     0.9432     0.9432     0.7571     0.9494     0.9078     0.9383     0.9911     0.9269     0.9209     0.7500     0.9209     0.9209     0.9209     0.9209     0.9209     0.8906     0.8359     0.9209     0.9976     0.8776     0.9504     0.9504     0.9432     0.7571     0.9494     0.9078     0.9383     0.9911     0.9269     0.9209     0.7500     0.9209     0.9209     0.9209     0.9209     0.9209     0.8906     0.8359     0.9209     0.9976     0.8776     0.9504     0.9504     0.9432     0.7571     0.9494     0.9078     0.9383     0.9911     0.9269     0.9209     0.7500     0.9209     0.9209     0.9209     0.9209     0.9209     0.8906     0.8359     0.9209     0.9976     0.8776     0.9146     0.9146     0.9432     0.7571     0.9494     0.9078     0.9383     0.9911     0.9269     0.9209     0.7500     0.9209     0.9209     0.9209     0.9209     0.9209     0.8906     0.8359     0.9209     0.9976     0.8776     0.9146     0.9146     0.9432     0.7571     0.9494     0.9078     0.9383     0.9911     0.9269     0.9209     0.7500     0.9209     0.9209     0.9209     0.9209     0.9209     0.8906     0.8359     0.9209     0.9976     0.8776     0.9432     0.9432     0.9432     0.7571     0.9494     0.9078     0.9383     0.9911     0.9269     0.9209     0.7500     0.9209     0.9209     0.9209     0.9209     0.9209     0.8906     0.8359     0.9209     0.9976     0.8776     0.9253     0.9253     0.9432     0.7571     0.9494     0.9078     0.9383     0.9911     0.9269     0.9209     0.7500     0.9209     0.9209     0.9209     0.9209     0.9209     0.8906     0.8359     0.9209     0.9976     0.8776     0.9289     0.9289     0.9432     0.7571     0.9494     0.9078     0.9383     0.9911     0.9269     0.9209     0.7500     0.9209     0.9209     0.9209     0.9209     0.9209     0.8906     0.8359     0.9209     0.9976     0.8776     0.9289     0.9289     0.9432     0.7571     0.9494     0.9078     0.9383     0.9911     0.9269     0.9209     0.7500     0.9209     0.9209     0.9209     0.9209     0.9209     0.8906     0.8359     0.9209     0.9976     0.8776     0.9396     0.9396     0.9432     0.7571     0.9494     0.9078     0.9383     0.9911     0.9269     0.9209     0.7500     0.9209     0.9209     0.9209     0.9209     0.9209     0.8906     0.8359     0.9209     0.9976     0.8776     0.9325     0.9325     0.9432     0.7571     0.9494     0.9078     0.9383     0.9911     0.9269     0.9209     0.7500     0.9209     0.9209     0.9209     0.9209     0.9209     0.8906     0.8359     0.9209     0.9976     0.8776     0.9933     0.9933     0.9432     0.7571     0.9494     0.9078     0.9383     0.9911     0.9269     0.9209     0.7500     0.9209     0.9209     0.9209     0.9209     0.9209     0.8906     0.8359     0.9209     0.9976     0.8776     0.8752     0.8752     0.9432     0.7571     0.9494     0.9078     0.9383     0.9911     0.9269     0.9209     0.7500     0.9209     0.9209     0.9209     0.9209     0.9209     0.8906     0.8359     0.9209     0.9976     0.8776     0.8943     0.8943     0.9432     0.7571     0.9494     0.9078     0.9383     0.9911     0.9269     0.9209     0.7500     0.9209     0.9209     0.9209     0.9209     0.9209     0.8906     0.8359     0.9209     0.9976     0.8776     0.9336     0.9117     0.9432     0.7571     0.9494     0.9078     0.9383     0.9911     0.9269     0.9209     0.7500
09/30/1940_24:00     0.9209     0.9209     0.9209     0.9209     0.9209     0.8906     0.8359     0.9209     0.9976     0.8776     0.9289     0.9289     0.9432     0.7571     0.9494     0.9078     0.9383     0.9911     0.9269     0.9209     0.7500     0.9209     0.9209     0.9209     0.9209     0.9209     0.8906     0.8359     0.9209     0.9976     0.8776     0.9003     0.9003     0.9432     0.7571     0.9494     0.9078     0.9383     0.9911     0.9269     0.9209     0.7500     0.9209     0.9209     0.9209     0.9209     0.9209     0.8906     0.8359     0.9209     0.9976     0.8776     0.9432     0.9432     0.9432     0.7571     0.9494     0.9078     0.9383     0.9911     0.9269     0.9209     0.7500     0.9209     0.9209     0.9209     0.9209     0.9209     0.8906     0.8359     0.9209     0.9976     0.8776     0.9146     0.9146     0.9432     0.7571     0.9494     0.9078     0.9383     0.9911     0.9269     0.9209     0.7500     0.9209     0.9209     0.9209     0.9209     0.9209     0.8906     0.8359     0.9209     0.9976     0.8776     0.9504     0.9504     0.9432     0.7571     0.9494     0.9078     0.9383     0.9911     0.9269     0.9209     0.7500     0.9209     0.9209     0.9209     0.9209     0.9209     0.8906     0.8359     0.9209     0.9976     0.8776     0.9074     0.9074     0.9432     0.7571     0.9494     0.9078     0.9383     0.9911     0.9269     0.9209     0.7500     0.9209     0.9209     0.9209     0.9209     0.9209     0.8906     0.8359     0.9209     0.9976     0.8776     0.9432     0.9432     0.9432     0.7571     0.9494     0.9078     0.9383     0.9911     0.9269     0.9209     0.7500     0.9209     0.9209     0.9209     0.9209     0.9209     0.8906     0.8359     0.9209     0.9976     0.8776     0.9504     0.9504     0.9432     0.7571     0.9494     0.9078     0.9383     0.9911     0.9269     0.9209     0.7500     0.9209     0.9209     0.9209     0.9209     0.9209     0.8906     0.8359     0.9209     0.9976     0.8776     0.9504     0.9504     0.9432     0.7571     0.9494     0.9078     0.9383     0.9911     0.9269     0.9209     0.7500     0.9209     0.9209     0.9209     0.9209     0.9209     0.8906     0.8359     0.9209     0.9976     0.8776     0.9146     0.9146     0.9432     0.7571     0.9494     0.9078     0.9383     0.9911     0.9269     0.9209     0.7500     0.9209     0.9209     0.9209     0.9209     0.9209     0.8906     0.8359     0.9209     0.9976     0.8776     0.9146     0.9146     0.9432     0.7571     0.9494     0.9078     0.9383     0.9911     0.9269     0.9209     0.7500     0.9209     0.9209     0.9209     0.9209     0.9209     0.8906     0.8359     0.9209     0.9976     0.8776     0.9432     0.9432     0.9432     0.7571     0.9494     0.9078     0.9383     0.9911     0.9269     0.9209     0.7500     0.9209     0.9209     0.9209     0.9209     0.9209     0.8906     0.8359     0.9209     0.9976     0.8776     0.9253     0.9253     0.9432     0.7571     0.9494     0.9078     0.9383     0.9911     0.9269     0.9209     0.7500     0.9209     0.9209     0.9209     0.9209     0.9209     0.8906     0.8359     0.9209     0.9976     0.8776     0.9289     0.9289     0.9432     0.7571     0.9494     0.9078     0.9383     0.9911     0.9269     0.9209     0.7500     0.9209     0.9209     0.9209     0.9209     0.9209     0.8906     0.8359     0.9209     0.9976     0.8776     0.9289     0.9289     0.9432     0.7571     0.9494     0.9078     0.9383     0.9911     0.9269     0.9209     0.7500     0.9209     0.9209     0.9209     0.9209     0.9209     0.8906     0.8359     0.9209     0.9976     0.8776     0.9396     0.9396     0.9432     0.7571     0.9494     0.9078     0.9383     0.9911     0.9269     0.9209     0.7500     0.9209     0.9209     0.9209     0.9209     0.9209     0.8906     0.8359     0.9209     0.9976     0.8776     0.9325     0.9325     0.9432     0.7571     0.9494     0.9078     0.9383     0.9911     0.9269     0.9209     0.7500     0.9209     0.9209     0.9209     0.9209     0.9209     0.8906     0.8359     0.9209     0.9976     0.8776     0.9933     0.9933     0.9432     0.7571     0.9494     0.9078     0.9383     0.9911     0.9269     0.9209     0.7500     0.9209     0.9209     0.9209     0.9209     0.9209     0.8906     0.8359     0.9209     0.9976     0.8776     0.8752     0.8752     0.9432     0.7571     0.9494     0.9078     0.9383     0.9911     0.9269     0.9209     0.7500     0.9209     0.9209     0.9209     0.9209     0.9209     0.8906     0.8359     0.9209     0.9976     0.8776     0.8943     0.8943     0.9432     0.7571     0.9494     0.9078     0.9383     0.9911     0.9269     0.9209     0.7500     0.9209     0.9209     0.9209     0.9209     0.9209     0.8906     0.8359     0.9209     0.9976     0.8776     0.9336     0.9117     0.9432     0.7571     0.9494     0.9078     0.9383     0.9911     0.9269     0.9209     0.7500
09/30/1941_24:00     0.9209     0.9209     0.9209     0.9209     0.9209     0.8906     0.8359     0.9209     0.9976     0.8776     0.9289     0.9289     0.9432     0.7571     0.9494     0.9078     0.9383     0.9911     0.9269     0.9209     0.7500     0.9209     0.9209     0.9209     0.9209     0.9209     0.8906     0.8359     0.9209     0.9976     0.8776     0.9003     0.9003     0.9432     0.7571     0.9494     0.9078     0.9383     0.9911     0.9269     0.9209     0.7500     0.9209     0.9209     0.9209     0.9209     0.9209     0.8906     0.8359     0.9209     0.9976     0.8776     0.9432     0.9432     0.9432     0.7571     0.9494     0.9078     0.9383     0.9911     0.9269     0.9209     0.7500     0.9209     0.9209     0.9209     0.9209     0.9209     0.8906     0.8359     0.9209     0.9976     0.8776     0.9146     0.9146     0.9432     0.7571     0.9494     0.9078     0.9383     0.9911     0.9269     0.9209     0.7500     0.9209     0.9209     0.9209     0.9209     0.9209     0.8906     0.8359     0.9209     0.9976     0.8776     0.9504     0.9504     0.9432     0.7571     0.9494     0.9078     0.9383     0.9911     0.9269     0.9209     0.7500     0.9209     0.9209     0.9209     0.9209     0.9209     0.8906     0.8359     0.9209     0.9976     0.8776     0.9074     0.9074     0.9432     0.7571     0.9494     0.9078     0.9383     0.9911     0.9269     0.9209     0.7500     0.9209     0.9209     0.9209     0.9209     0.9209     0.8906     0.8359     0.9209     0.9976     0.8776     0.9432     0.9432     0.9432     0.7571     0.9494     0.9078     0.9383     0.9911     0.9269     0.9209     0.7500     0.9209     0.9209     0.9209     0.9209     0.9209     0.8906     0.8359     0.9209     0.9976     0.8776     0.9504     0.9504     0.9432     0.7571     0.9494     0.9078     0.9383     0.9911     0.9269     0.9209     0.7500     0.9209     0.9209     0.9209     0.9209     0.9209     0.8906     0.8359     0.9209     0.9976     0.8776     0.9504     0.9504     0.9432     0.7571     0.9494     0.9078     0.9383     0.9911     0.9269     0.9209     0.7500     0.9209     0.9209     0.9209     0.9209     0.9209     0.8906     0.8359     0.9209     0.9976     0.8776     0.9146     0.9146     0.9432     0.7571     0.9494     0.9078     0.9383     0.9911     0.9269     0.9209     0.7500     0.9209     0.9209     0.9209     0.9209     0.9209     0.8906     0.8359     0.9209     0.9976     0.8776     0.9146     0.9146     0.9432     0.7571     0.9494     0.9078     0.9383     0.9911     0.9269     0.9209     0.7500     0.9209     0.9209     0.9209     0.9209     0.9209     0.8906     0.8359     0.9209     0.9976     0.8776     0.9432     0.9432     0.9432     0.7571     0.9494     0.9078     0.9383     0.9911     0.9269     0.9209     0.7500     0.9209     0.9209     0.9209     0.9209     0.9209     0.8906     0.8359     0.9209     0.9976     0.8776     0.9253     0.9253     0.9432     0.7571     0.9494     0.9078     0.9383     0.9911     0.9269     0.9209     0.7500     0.9209     0.9209     0.9209     0.9209     0.9209     0.8906     0.8359     0.9209     0.9976     0.8776     0.9289     0.9289     0.9432     0.7571     0.9494     0.9078     0.9383     0.9911     0.9269     0.9209     0.7500     0.9209     0.9209     0.9209     0.9209     0.9209     0.8906     0.8359     0.9209     0.9976     0.8776     0.9289     0.9289     0.9432     0.7571     0.9494     0.9078     0.9383     0.9911     0.9269     0.9209     0.7500     0.9209     0.9209     0.9209     0.9209     0.9209     0.8906     0.8359     0.9209     0.9976     0.8776     0.9396     0.9396     0.9432     0.7571     0.9494     0.9078     0.9383     0.9911     0.9269     0.9209     0.7500     0.9209     0.9209     0.9209     0.9209     0.9209     0.8906     0.8359     0.9209     0.9976     0.8776     0.9325     0.9325     0.9432     0.7571     0.9494     0.9078     0.9383     0.9911     0.9269     0.9209     0.7500     0.9209     0.9209     0.9209     0.9209     0.9209     0.8906     0.8359     0.9209     0.9976     0.8776     0.9933     0.9933     0.9432     0.7571     0.9494     0.9078     0.9383     0.9911     0.9269     0.9209     0.7500     0.9209     0.9209     0.9209     0.9209     0.9209     0.8906     0.8359     0.9209     0.9976     0.8776     0.8752     0.8752     0.9432     0.7571     0.9494     0.9078     0.9383     0.9911     0.9269     0.9209     0.7500     0.9209     0.9209     0.9209     0.9209     0.9209     0.8906     0.8359     0.9209     0.9976     0.8776     0.8943     0.8943     0.9432     0.7571     0.9494     0.9078     0.9383     0.9911     0.9269     0.9209     0.7500     0.9209     0.9209     0.9209     0.9209     0.9209     0.8906     0.8359     0.9209     0.9976     0.8776     0.9336     0.9117     0.9432     0.7571     0.9494     0.9078     0.9383     0.9911     0.9269     0.9209     0.7500
09/30/1942_24:00     0.9209     0.9209     0.9209     0.9209     0.9209     0.8906     0.8359     0.9209     0.9976     0.8776     0.9289     0.9289     0.9432     0.7571     0.9494     0.9078     0.9383     0.9911     0.9269     0.9209     0.7500     0.9209     0.9209     0.9209     0.9209     0.9209     0.8906     0.8359     0.9209     0.9976     0.8776     0.9003     0.9003     0.9432     0.7571     0.9494     0.9078     0.9383     0.9911     0.9269     0.9209     0.7500     0.9209     0.9209     0.9209     0.9209     0.9209     0.8906     0.8359     0.9209     0.9976     0.8776     0.9432     0.9432     0.9432     0.7571     0.9494     0.9078     0.9383     0.9911     0.9269     0.9209     0.7500     0.9209     0.9209     0.9209     0.9209     0.9209     0.8906     0.8359     0.9209     0.9976     0.8776     0.9146     0.9146     0.9432     0.7571     0.9494     0.9078     0.9383     0.9911     0.9269     0.9209     0.7500     0.9209     0.9209     0.9209     0.9209     0.9209     0.8906     0.8359     0.9209     0.9976     0.8776     0.9504     0.9504     0.9432     0.7571     0.9494     0.9078     0.9383     0.9911     0.9269     0.9209     0.7500     0.9209     0.9209     0.9209     0.9209     0.9209     0.8906     0.8359     0.9209     0.9976     0.8776     0.9074     0.9074     0.9432     0.7571     0.9494     0.9078     0.9383     0.9911     0.9269     0.9209     0.7500     0.9209     0.9209     0.9209     0.9209     0.9209     0.8906     0.8359     0.9209     0.9976     0.8776     0.9432     0.9432     0.9432     0.7571     0.9494     0.9078     0.9383     0.9911     0.9269     0.9209     0.7500     0.9209     0.9209     0.9209     0.9209     0.9209     0.8906     0.8359     0.9209     0.9976     0.8776     0.9504     0.9504     0.9432     0.7571     0.9494     0.9078     0.9383     0.9911     0.9269     0.9209     0.7500     0.9209     0.9209     0.9209     0.9209     0.9209     0.8906     0.8359     0.9209     0.9976     0.8776     0.9504     0.9504     0.9432     0.7571     0.9494     0.9078     0.9383     0.9911     0.9269     0.9209     0.7500     0.9209     0.9209     0.9209     0.9209     0.9209     0.8906     0.8359     0.9209     0.9976     0.8776     0.9146     0.9146     0.9432     0.7571     0.9494     0.9078     0.9383     0.9911     0.9269     0.9209     0.7500     0.9209     0.9209     0.9209     0.9209     0.9209     0.8906     0.8359     0.9209     0.9976     0.8776     0.9146     0.9146     0.9432     0.7571     0.9494     0.9078     0.9383     0.9911     0.9269     0.9209     0.7500     0.9209     0.9209     0.9209     0.9209     0.9209     0.8906     0.8359     0.9209     0.9976     0.8776     0.9432     0.9432     0.9432     0.7571     0.9494     0.9078     0.9383     0.9911     0.9269     0.9209     0.7500     0.9209     0.9209     0.9209     0.9209     0.9209     0.8906     0.8359     0.9209     0.9976     0.8776     0.9253     0.9253     0.9432     0.7571     0.9494     0.9078     0.9383     0.9911     0.9269     0.9209     0.7500     0.9209     0.9209     0.9209     0.9209     0.9209     0.8906     0.8359     0.9209     0.9976     0.8776     0.9289     0.9289     0.9432     0.7571     0.9494     0.9078     0.9383     0.9911     0.9269     0.9209     0.7500     0.9209     0.9209     0.9209     0.9209     0.9209     0.8906     0.8359     0.9209     0.9976     0.8776     0.9289     0.9289     0.9432     0.7571     0.9494     0.9078     0.9383     0.9911     0.9269     0.9209     0.7500     0.9209     0.9209     0.9209     0.9209     0.9209     0.8906     0.8359     0.9209     0.9976     0.8776     0.9396     0.9396     0.9432     0.7571     0.9494     0.9078     0.9383     0.9911     0.9269     0.9209     0.7500     0.9209     0.9209     0.9209     0.9209     0.9209     0.8906     0.8359     0.9209     0.9976     0.8776     0.9325     0.9325     0.9432     0.7571     0.9494     0.9078     0.9383     0.9911     0.9269     0.9209     0.7500     0.9209     0.9209     0.9209     0.9209     0.9209     0.8906     0.8359     0.9209     0.9976     0.8776     0.9933     0.9933     0.9432     0.7571     0.9494     0.9078     0.9383     0.9911     0.9269     0.9209     0.7500     0.9209     0.9209     0.9209     0.9209     0.9209     0.8906     0.8359     0.9209     0.9976     0.8776     0.8752     0.8752     0.9432     0.7571     0.9494     0.9078     0.9383     0.9911     0.9269     0.9209     0.7500     0.9209     0.9209     0.9209     0.9209     0.9209     0.8906     0.8359     0.9209     0.9976     0.8776     0.8943     0.8943     0.9432     0.7571     0.9494     0.9078     0.9383     0.9911     0.9269     0.9209     0.7500     0.9209     0.9209     0.9209     0.9209     0.9209     0.8906     0.8359     0.9209     0.9976     0.8776     0.9336     0.9117     0.9432     0.7571     0.9494     0.9078     0.9383     0.9911     0.9269     0.9209     0.7500
09/30/1943_24:00     0.9209     0.9209     0.9209     0.9209     0.9209     0.8906     0.8359     0.9209     0.9976     0.8776     0.9289     0.9289     0.9432     0.7571     0.9494     0.9078     0.9383     0.9911     0.9269     0.9209     0.7500     0.9209     0.9209     0.9209     0.9209     0.9209     0.8906     0.8359     0.9209     0.9976     0.8776     0.9003     0.9003     0.9432     0.7571     0.9494     0.9078     0.9383     0.9911     0.9269     0.9209     0.7500     0.9209     0.9209     0.9209     0.9209     0.9209     0.8906     0.8359     0.9209     0.9976     0.8776     0.9432     0.9432     0.9432     0.7571     0.9494     0.9078     0.9383     0.9911     0.9269     0.9209     0.7500     0.9209     0.9209     0.9209     0.9209     0.9209     0.8906     0.8359     0.9209     0.9976     0.8776     0.9146     0.9146     0.9432     0.7571     0.9494     0.9078     0.9383     0.9911     0.9269     0.9209     0.7500     0.9209     0.9209     0.9209     0.9209     0.9209     0.8906     0.8359     0.9209     0.9976     0.8776     0.9504     0.9504     0.9432     0.7571     0.9494     0.9078     0.9383     0.9911     0.9269     0.9209     0.7500     0.9209     0.9209     0.9209     0.9209     0.9209     0.8906     0.8359     0.9209     0.9976     0.8776     0.9074     0.9074     0.9432     0.7571     0.9494     0.9078     0.9383     0.9911     0.9269     0.9209     0.7500     0.9209     0.9209     0.9209     0.9209     0.9209     0.8906     0.8359     0.9209     0.9976     0.8776     0.9432     0.9432     0.9432     0.7571     0.9494     0.9078     0.9383     0.9911     0.9269     0.9209     0.7500     0.9209     0.9209     0.9209     0.9209     0.9209     0.8906     0.8359     0.9209     0.9976     0.8776     0.9504     0.9504     0.9432     0.7571     0.9494     0.9078     0.9383     0.9911     0.9269     0.9209     0.7500     0.9209     0.9209     0.9209     0.9209     0.9209     0.8906     0.8359     0.9209     0.9976     0.8776     0.9504     0.9504     0.9432     0.7571     0.9494     0.9078     0.9383     0.9911     0.9269     0.9209     0.7500     0.9209     0.9209     0.9209     0.9209     0.9209     0.8906     0.8359     0.9209     0.9976     0.8776     0.9146     0.9146     0.9432     0.7571     0.9494     0.9078     0.9383     0.9911     0.9269     0.9209     0.7500     0.9209     0.9209     0.9209     0.9209     0.9209     0.8906     0.8359     0.9209     0.9976     0.8776     0.9146     0.9146     0.9432     0.7571     0.9494     0.9078     0.9383     0.9911     0.9269     0.9209     0.7500     0.9209     0.9209     0.9209     0.9209     0.9209     0.8906     0.8359     0.9209     0.9976     0.8776     0.9432     0.9432     0.9432     0.7571     0.9494     0.9078     0.9383     0.9911     0.9269     0.9209     0.7500     0.9209     0.9209     0.9209     0.9209     0.9209     0.8906     0.8359     0.9209     0.9976     0.8776     0.9253     0.9253     0.9432     0.7571     0.9494     0.9078     0.9383     0.9911     0.9269     0.9209     0.7500     0.9209     0.9209     0.9209     0.9209     0.9209     0.8906     0.8359     0.9209     0.9976     0.8776     0.9289     0.9289     0.9432     0.7571     0.9494     0.9078     0.9383     0.9911     0.9269     0.9209     0.7500     0.9209     0.9209     0.9209     0.9209     0.9209     0.8906     0.8359     0.9209     0.9976     0.8776     0.9289     0.9289     0.9432     0.7571     0.9494     0.9078     0.9383     0.9911     0.9269     0.9209     0.7500     0.9209     0.9209     0.9209     0.9209     0.9209     0.8906     0.8359     0.9209     0.9976     0.8776     0.9396     0.9396     0.9432     0.7571     0.9494     0.9078     0.9383     0.9911     0.9269     0.9209     0.7500     0.9209     0.9209     0.9209     0.9209     0.9209     0.8906     0.8359     0.9209     0.9976     0.8776     0.9325     0.9325     0.9432     0.7571     0.9494     0.9078     0.9383     0.9911     0.9269     0.9209     0.7500     0.9209     0.9209     0.9209     0.9209     0.9209     0.8906     0.8359     0.9209     0.9976     0.8776     0.9933     0.9933     0.9432     0.7571     0.9494     0.9078     0.9383     0.9911     0.9269     0.9209     0.7500     0.9209     0.9209     0.9209     0.9209     0.9209     0.8906     0.8359     0.9209     0.9976     0.8776     0.8752     0.8752     0.9432     0.7571     0.9494     0.9078     0.9383     0.9911     0.9269     0.9209     0.7500     0.9209     0.9209     0.9209     0.9209     0.9209     0.8906     0.8359     0.9209     0.9976     0.8776     0.8943     0.8943     0.9432     0.7571     0.9494     0.9078     0.9383     0.9911     0.9269     0.9209     0.7500     0.9209     0.9209     0.9209     0.9209     0.9209     0.8906     0.8359     0.9209     0.9976     0.8776     0.9336     0.9117     0.9432     0.7571     0.9494     0.9078     0.9383     0.9911     0.9269     0.9209     0.7500
09/30/1944_24:00     0.9209     0.9209     0.9209     0.9209     0.9209     0.8906     0.8359     0.9209     0.9976     0.8776     0.9289     0.9289     0.9432     0.7571     0.9494     0.9078     0.9383     0.9911     0.9269     0.9209     0.7500     0.9209     0.9209     0.9209     0.9209     0.9209     0.8906     0.8359     0.9209     0.9976     0.8776     0.9003     0.9003     0.9432     0.7571     0.9494     0.9078     0.9383     0.9911     0.9269     0.9209     0.7500     0.9209     0.9209     0.9209     0.9209     0.9209     0.8906     0.8359     0.9209     0.9976     0.8776     0.9432     0.9432     0.9432     0.7571     0.9494     0.9078     0.9383     0.9911     0.9269     0.9209     0.7500     0.9209     0.9209     0.9209     0.9209     0.9209     0.8906     0.8359     0.9209     0.9976     0.8776     0.9146     0.9146     0.9432     0.7571     0.9494     0.9078     0.9383     0.9911     0.9269     0.9209     0.7500     0.9209     0.9209     0.9209     0.9209     0.9209     0.8906     0.8359     0.9209     0.9976     0.8776     0.9504     0.9504     0.9432     0.7571     0.9494     0.9078     0.9383     0.9911     0.9269     0.9209     0.7500     0.9209     0.9209     0.9209     0.9209     0.9209     0.8906     0.8359     0.9209     0.9976     0.8776     0.9074     0.9074     0.9432     0.7571     0.9494     0.9078     0.9383     0.9911     0.9269     0.9209     0.7500     0.9209     0.9209     0.9209     0.9209     0.9209     0.8906     0.8359     0.9209     0.9976     0.8776     0.9432     0.9432     0.9432     0.7571     0.9494     0.9078     0.9383     0.9911     0.9269     0.9209     0.7500     0.9209     0.9209     0.9209     0.9209     0.9209     0.8906     0.8359     0.9209     0.9976     0.8776     0.9504     0.9504     0.9432     0.7571     0.9494     0.9078     0.9383     0.9911     0.9269     0.9209     0.7500     0.9209     0.9209     0.9209     0.9209     0.9209     0.8906     0.8359     0.9209     0.9976     0.8776     0.9504     0.9504     0.9432     0.7571     0.9494     0.9078     0.9383     0.9911     0.9269     0.9209     0.7500     0.9209     0.9209     0.9209     0.9209     0.9209     0.8906     0.8359     0.9209     0.9976     0.8776     0.9146     0.9146     0.9432     0.7571     0.9494     0.9078     0.9383     0.9911     0.9269     0.9209     0.7500     0.9209     0.9209     0.9209     0.9209     0.9209     0.8906     0.8359     0.9209     0.9976     0.8776     0.9146     0.9146     0.9432     0.7571     0.9494     0.9078     0.9383     0.9911     0.9269     0.9209     0.7500     0.9209     0.9209     0.9209     0.9209     0.9209     0.8906     0.8359     0.9209     0.9976     0.8776     0.9432     0.9432     0.9432     0.7571     0.9494     0.9078     0.9383     0.9911     0.9269     0.9209     0.7500     0.9209     0.9209     0.9209     0.9209     0.9209     0.8906     0.8359     0.9209     0.9976     0.8776     0.9253     0.9253     0.9432     0.7571     0.9494     0.9078     0.9383     0.9911     0.9269     0.9209     0.7500     0.9209     0.9209     0.9209     0.9209     0.9209     0.8906     0.8359     0.9209     0.9976     0.8776     0.9289     0.9289     0.9432     0.7571     0.9494     0.9078     0.9383     0.9911     0.9269     0.9209     0.7500     0.9209     0.9209     0.9209     0.9209     0.9209     0.8906     0.8359     0.9209     0.9976     0.8776     0.9289     0.9289     0.9432     0.7571     0.9494     0.9078     0.9383     0.9911     0.9269     0.9209     0.7500     0.9209     0.9209     0.9209     0.9209     0.9209     0.8906     0.8359     0.9209     0.9976     0.8776     0.9396     0.9396     0.9432     0.7571     0.9494     0.9078     0.9383     0.9911     0.9269     0.9209     0.7500     0.9209     0.9209     0.9209     0.9209     0.9209     0.8906     0.8359     0.9209     0.9976     0.8776     0.9325     0.9325     0.9432     0.7571     0.9494     0.9078     0.9383     0.9911     0.9269     0.9209     0.7500     0.9209     0.9209     0.9209     0.9209     0.9209     0.8906     0.8359     0.9209     0.9976     0.8776     0.9933     0.9933     0.9432     0.7571     0.9494     0.9078     0.9383     0.9911     0.9269     0.9209     0.7500     0.9209     0.9209     0.9209     0.9209     0.9209     0.8906     0.8359     0.9209     0.9976     0.8776     0.8752     0.8752     0.9432     0.7571     0.9494     0.9078     0.9383     0.9911     0.9269     0.9209     0.7500     0.9209     0.9209     0.9209     0.9209     0.9209     0.8906     0.8359     0.9209     0.9976     0.8776     0.8943     0.8943     0.9432     0.7571     0.9494     0.9078     0.9383     0.9911     0.9269     0.9209     0.7500     0.9209     0.9209     0.9209     0.9209     0.9209     0.8906     0.8359     0.9209     0.9976     0.8776     0.9336     0.9117     0.9432     0.7571     0.9494     0.9078     0.9383     0.9911     0.9269     0.9209     0.7500
09/30/1945_24:00     0.9209     0.9209     0.9209     0.9209     0.9209     0.8906     0.8359     0.9209     0.9976     0.8776     0.9289     0.9289     0.9432     0.7571     0.9494     0.9078     0.9383     0.9911     0.9269     0.9209     0.7500     0.9209     0.9209     0.9209     0.9209     0.9209     0.8906     0.8359     0.9209     0.9976     0.8776     0.9003     0.9003     0.9432     0.7571     0.9494     0.9078     0.9383     0.9911     0.9269     0.9209     0.7500     0.9209     0.9209     0.9209     0.9209     0.9209     0.8906     0.8359     0.9209     0.9976     0.8776     0.9432     0.9432     0.9432     0.7571     0.9494     0.9078     0.9383     0.9911     0.9269     0.9209     0.7500     0.9209     0.9209     0.9209     0.9209     0.9209     0.8906     0.8359     0.9209     0.9976     0.8776     0.9146     0.9146     0.9432     0.7571     0.9494     0.9078     0.9383     0.9911     0.9269     0.9209     0.7500     0.9209     0.9209     0.9209     0.9209     0.9209     0.8906     0.8359     0.9209     0.9976     0.8776     0.9504     0.9504     0.9432     0.7571     0.9494     0.9078     0.9383     0.9911     0.9269     0.9209     0.7500     0.9209     0.9209     0.9209     0.9209     0.9209     0.8906     0.8359     0.9209     0.9976     0.8776     0.9074     0.9074     0.9432     0.7571     0.9494     0.9078     0.9383     0.9911     0.9269     0.9209     0.7500     0.9209     0.9209     0.9209     0.9209     0.9209     0.8906     0.8359     0.9209     0.9976     0.8776     0.9432     0.9432     0.9432     0.7571     0.9494     0.9078     0.9383     0.9911     0.9269     0.9209     0.7500     0.9209     0.9209     0.9209     0.9209     0.9209     0.8906     0.8359     0.9209     0.9976     0.8776     0.9504     0.9504     0.9432     0.7571     0.9494     0.9078     0.9383     0.9911     0.9269     0.9209     0.7500     0.9209     0.9209     0.9209     0.9209     0.9209     0.8906     0.8359     0.9209     0.9976     0.8776     0.9504     0.9504     0.9432     0.7571     0.9494     0.9078     0.9383     0.9911     0.9269     0.9209     0.7500     0.9209     0.9209     0.9209     0.9209     0.9209     0.8906     0.8359     0.9209     0.9976     0.8776     0.9146     0.9146     0.9432     0.7571     0.9494     0.9078     0.9383     0.9911     0.9269     0.9209     0.7500     0.9209     0.9209     0.9209     0.9209     0.9209     0.8906     0.8359     0.9209     0.9976     0.8776     0.9146     0.9146     0.9432     0.7571     0.9494     0.9078     0.9383     0.9911     0.9269     0.9209     0.7500     0.9209     0.9209     0.9209     0.9209     0.9209     0.8906     0.8359     0.9209     0.9976     0.8776     0.9432     0.9432     0.9432     0.7571     0.9494     0.9078     0.9383     0.9911     0.9269     0.9209     0.7500     0.9209     0.9209     0.9209     0.9209     0.9209     0.8906     0.8359     0.9209     0.9976     0.8776     0.9253     0.9253     0.9432     0.7571     0.9494     0.9078     0.9383     0.9911     0.9269     0.9209     0.7500     0.9209     0.9209     0.9209     0.9209     0.9209     0.8906     0.8359     0.9209     0.9976     0.8776     0.9289     0.9289     0.9432     0.7571     0.9494     0.9078     0.9383     0.9911     0.9269     0.9209     0.7500     0.9209     0.9209     0.9209     0.9209     0.9209     0.8906     0.8359     0.9209     0.9976     0.8776     0.9289     0.9289     0.9432     0.7571     0.9494     0.9078     0.9383     0.9911     0.9269     0.9209     0.7500     0.9209     0.9209     0.9209     0.9209     0.9209     0.8906     0.8359     0.9209     0.9976     0.8776     0.9396     0.9396     0.9432     0.7571     0.9494     0.9078     0.9383     0.9911     0.9269     0.9209     0.7500     0.9209     0.9209     0.9209     0.9209     0.9209     0.8906     0.8359     0.9209     0.9976     0.8776     0.9325     0.9325     0.9432     0.7571     0.9494     0.9078     0.9383     0.9911     0.9269     0.9209     0.7500     0.9209     0.9209     0.9209     0.9209     0.9209     0.8906     0.8359     0.9209     0.9976     0.8776     0.9933     0.9933     0.9432     0.7571     0.9494     0.9078     0.9383     0.9911     0.9269     0.9209     0.7500     0.9209     0.9209     0.9209     0.9209     0.9209     0.8906     0.8359     0.9209     0.9976     0.8776     0.8752     0.8752     0.9432     0.7571     0.9494     0.9078     0.9383     0.9911     0.9269     0.9209     0.7500     0.9209     0.9209     0.9209     0.9209     0.9209     0.8906     0.8359     0.9209     0.9976     0.8776     0.8943     0.8943     0.9432     0.7571     0.9494     0.9078     0.9383     0.9911     0.9269     0.9209     0.7500     0.9209     0.9209     0.9209     0.9209     0.9209     0.8906     0.8359     0.9209     0.9976     0.8776     0.9336     0.9117     0.9432     0.7571     0.9494     0.9078     0.9383     0.9911     0.9269     0.9209     0.7500
09/30/1946_24:00     0.9209     0.9209     0.9209     0.9209     0.9209     0.8906     0.8359     0.9209     0.9976     0.8776     0.9289     0.9289     0.9432     0.7571     0.9494     0.9078     0.9383     0.9911     0.9269     0.9209     0.7500     0.9209     0.9209     0.9209     0.9209     0.9209     0.8906     0.8359     0.9209     0.9976     0.8776     0.9003     0.9003     0.9432     0.7571     0.9494     0.9078     0.9383     0.9911     0.9269     0.9209     0.7500     0.9209     0.9209     0.9209     0.9209     0.9209     0.8906     0.8359     0.9209     0.9976     0.8776     0.9432     0.9432     0.9432     0.7571     0.9494     0.9078     0.9383     0.9911     0.9269     0.9209     0.7500     0.9209     0.9209     0.9209     0.9209     0.9209     0.8906     0.8359     0.9209     0.9976     0.8776     0.9146     0.9146     0.9432     0.7571     0.9494     0.9078     0.9383     0.9911     0.9269     0.9209     0.7500     0.9209     0.9209     0.9209     0.9209     0.9209     0.8906     0.8359     0.9209     0.9976     0.8776     0.9504     0.9504     0.9432     0.7571     0.9494     0.9078     0.9383     0.9911     0.9269     0.9209     0.7500     0.9209     0.9209     0.9209     0.9209     0.9209     0.8906     0.8359     0.9209     0.9976     0.8776     0.9074     0.9074     0.9432     0.7571     0.9494     0.9078     0.9383     0.9911     0.9269     0.9209     0.7500     0.9209     0.9209     0.9209     0.9209     0.9209     0.8906     0.8359     0.9209     0.9976     0.8776     0.9432     0.9432     0.9432     0.7571     0.9494     0.9078     0.9383     0.9911     0.9269     0.9209     0.7500     0.9209     0.9209     0.9209     0.9209     0.9209     0.8906     0.8359     0.9209     0.9976     0.8776     0.9504     0.9504     0.9432     0.7571     0.9494     0.9078     0.9383     0.9911     0.9269     0.9209     0.7500     0.9209     0.9209     0.9209     0.9209     0.9209     0.8906     0.8359     0.9209     0.9976     0.8776     0.9504     0.9504     0.9432     0.7571     0.9494     0.9078     0.9383     0.9911     0.9269     0.9209     0.7500     0.9209     0.9209     0.9209     0.9209     0.9209     0.8906     0.8359     0.9209     0.9976     0.8776     0.9146     0.9146     0.9432     0.7571     0.9494     0.9078     0.9383     0.9911     0.9269     0.9209     0.7500     0.9209     0.9209     0.9209     0.9209     0.9209     0.8906     0.8359     0.9209     0.9976     0.8776     0.9146     0.9146     0.9432     0.7571     0.9494     0.9078     0.9383     0.9911     0.9269     0.9209     0.7500     0.9209     0.9209     0.9209     0.9209     0.9209     0.8906     0.8359     0.9209     0.9976     0.8776     0.9432     0.9432     0.9432     0.7571     0.9494     0.9078     0.9383     0.9911     0.9269     0.9209     0.7500     0.9209     0.9209     0.9209     0.9209     0.9209     0.8906     0.8359     0.9209     0.9976     0.8776     0.9253     0.9253     0.9432     0.7571     0.9494     0.9078     0.9383     0.9911     0.9269     0.9209     0.7500     0.9209     0.9209     0.9209     0.9209     0.9209     0.8906     0.8359     0.9209     0.9976     0.8776     0.9289     0.9289     0.9432     0.7571     0.9494     0.9078     0.9383     0.9911     0.9269     0.9209     0.7500     0.9209     0.9209     0.9209     0.9209     0.9209     0.8906     0.8359     0.9209     0.9976     0.8776     0.9289     0.9289     0.9432     0.7571     0.9494     0.9078     0.9383     0.9911     0.9269     0.9209     0.7500     0.9209     0.9209     0.9209     0.9209     0.9209     0.8906     0.8359     0.9209     0.9976     0.8776     0.9396     0.9396     0.9432     0.7571     0.9494     0.9078     0.9383     0.9911     0.9269     0.9209     0.7500     0.9209     0.9209     0.9209     0.9209     0.9209     0.8906     0.8359     0.9209     0.9976     0.8776     0.9325     0.9325     0.9432     0.7571     0.9494     0.9078     0.9383     0.9911     0.9269     0.9209     0.7500     0.9209     0.9209     0.9209     0.9209     0.9209     0.8906     0.8359     0.9209     0.9976     0.8776     0.9933     0.9933     0.9432     0.7571     0.9494     0.9078     0.9383     0.9911     0.9269     0.9209     0.7500     0.9209     0.9209     0.9209     0.9209     0.9209     0.8906     0.8359     0.9209     0.9976     0.8776     0.8752     0.8752     0.9432     0.7571     0.9494     0.9078     0.9383     0.9911     0.9269     0.9209     0.7500     0.9209     0.9209     0.9209     0.9209     0.9209     0.8906     0.8359     0.9209     0.9976     0.8776     0.8943     0.8943     0.9432     0.7571     0.9494     0.9078     0.9383     0.9911     0.9269     0.9209     0.7500     0.9209     0.9209     0.9209     0.9209     0.9209     0.8906     0.8359     0.9209     0.9976     0.8776     0.9336     0.9117     0.9432     0.7571     0.9494     0.9078     0.9383     0.9911     0.9269     0.9209     0.7500
09/30/1947_24:00     0.9209     0.9209     0.9209     0.9209     0.9209     0.8906     0.8359     0.9209     0.9976     0.8776     0.9289     0.9289     0.9432     0.7571     0.9494     0.9078     0.9383     0.9911     0.9269     0.9209     0.7500     0.9209     0.9209     0.9209     0.9209     0.9209     0.8906     0.8359     0.9209     0.9976     0.8776     0.9003     0.9003     0.9432     0.7571     0.9494     0.9078     0.9383     0.9911     0.9269     0.9209     0.7500     0.9209     0.9209     0.9209     0.9209     0.9209     0.8906     0.8359     0.9209     0.9976     0.8776     0.9432     0.9432     0.9432     0.7571     0.9494     0.9078     0.9383     0.9911     0.9269     0.9209     0.7500     0.9209     0.9209     0.9209     0.9209     0.9209     0.8906     0.8359     0.9209     0.9976     0.8776     0.9146     0.9146     0.9432     0.7571     0.9494     0.9078     0.9383     0.9911     0.9269     0.9209     0.7500     0.9209     0.9209     0.9209     0.9209     0.9209     0.8906     0.8359     0.9209     0.9976     0.8776     0.9504     0.9504     0.9432     0.7571     0.9494     0.9078     0.9383     0.9911     0.9269     0.9209     0.7500     0.9209     0.9209     0.9209     0.9209     0.9209     0.8906     0.8359     0.9209     0.9976     0.8776     0.9074     0.9074     0.9432     0.7571     0.9494     0.9078     0.9383     0.9911     0.9269     0.9209     0.7500     0.9209     0.9209     0.9209     0.9209     0.9209     0.8906     0.8359     0.9209     0.9976     0.8776     0.9432     0.9432     0.9432     0.7571     0.9494     0.9078     0.9383     0.9911     0.9269     0.9209     0.7500     0.9209     0.9209     0.9209     0.9209     0.9209     0.8906     0.8359     0.9209     0.9976     0.8776     0.9504     0.9504     0.9432     0.7571     0.9494     0.9078     0.9383     0.9911     0.9269     0.9209     0.7500     0.9209     0.9209     0.9209     0.9209     0.9209     0.8906     0.8359     0.9209     0.9976     0.8776     0.9504     0.9504     0.9432     0.7571     0.9494     0.9078     0.9383     0.9911     0.9269     0.9209     0.7500     0.9209     0.9209     0.9209     0.9209     0.9209     0.8906     0.8359     0.9209     0.9976     0.8776     0.9146     0.9146     0.9432     0.7571     0.9494     0.9078     0.9383     0.9911     0.9269     0.9209     0.7500     0.9209     0.9209     0.9209     0.9209     0.9209     0.8906     0.8359     0.9209     0.9976     0.8776     0.9146     0.9146     0.9432     0.7571     0.9494     0.9078     0.9383     0.9911     0.9269     0.9209     0.7500     0.9209     0.9209     0.9209     0.9209     0.9209     0.8906     0.8359     0.9209     0.9976     0.8776     0.9432     0.9432     0.9432     0.7571     0.9494     0.9078     0.9383     0.9911     0.9269     0.9209     0.7500     0.9209     0.9209     0.9209     0.9209     0.9209     0.8906     0.8359     0.9209     0.9976     0.8776     0.9253     0.9253     0.9432     0.7571     0.9494     0.9078     0.9383     0.9911     0.9269     0.9209     0.7500     0.9209     0.9209     0.9209     0.9209     0.9209     0.8906     0.8359     0.9209     0.9976     0.8776     0.9289     0.9289     0.9432     0.7571     0.9494     0.9078     0.9383     0.9911     0.9269     0.9209     0.7500     0.9209     0.9209     0.9209     0.9209     0.9209     0.8906     0.8359     0.9209     0.9976     0.8776     0.9289     0.9289     0.9432     0.7571     0.9494     0.9078     0.9383     0.9911     0.9269     0.9209     0.7500     0.9209     0.9209     0.9209     0.9209     0.9209     0.8906     0.8359     0.9209     0.9976     0.8776     0.9396     0.9396     0.9432     0.7571     0.9494     0.9078     0.9383     0.9911     0.9269     0.9209     0.7500     0.9209     0.9209     0.9209     0.9209     0.9209     0.8906     0.8359     0.9209     0.9976     0.8776     0.9325     0.9325     0.9432     0.7571     0.9494     0.9078     0.9383     0.9911     0.9269     0.9209     0.7500     0.9209     0.9209     0.9209     0.9209     0.9209     0.8906     0.8359     0.9209     0.9976     0.8776     0.9933     0.9933     0.9432     0.7571     0.9494     0.9078     0.9383     0.9911     0.9269     0.9209     0.7500     0.9209     0.9209     0.9209     0.9209     0.9209     0.8906     0.8359     0.9209     0.9976     0.8776     0.8752     0.8752     0.9432     0.7571     0.9494     0.9078     0.9383     0.9911     0.9269     0.9209     0.7500     0.9209     0.9209     0.9209     0.9209     0.9209     0.8906     0.8359     0.9209     0.9976     0.8776     0.8943     0.8943     0.9432     0.7571     0.9494     0.9078     0.9383     0.9911     0.9269     0.9209     0.7500     0.9209     0.9209     0.9209     0.9209     0.9209     0.8906     0.8359     0.9209     0.9976     0.8776     0.9336     0.9117     0.9432     0.7571     0.9494     0.9078     0.9383     0.9911     0.9269     0.9209     0.7500
09/30/1948_24:00     0.9209     0.9209     0.9209     0.9209     0.9209     0.8906     0.8359     0.9209     0.9976     0.8776     0.9289     0.9289     0.9432     0.7571     0.9494     0.9078     0.9383     0.9911     0.9269     0.9209     0.7500     0.9209     0.9209     0.9209     0.9209     0.9209     0.8906     0.8359     0.9209     0.9976     0.8776     0.9003     0.9003     0.9432     0.7571     0.9494     0.9078     0.9383     0.9911     0.9269     0.9209     0.7500     0.9209     0.9209     0.9209     0.9209     0.9209     0.8906     0.8359     0.9209     0.9976     0.8776     0.9432     0.9432     0.9432     0.7571     0.9494     0.9078     0.9383     0.9911     0.9269     0.9209     0.7500     0.9209     0.9209     0.9209     0.9209     0.9209     0.8906     0.8359     0.9209     0.9976     0.8776     0.9146     0.9146     0.9432     0.7571     0.9494     0.9078     0.9383     0.9911     0.9269     0.9209     0.7500     0.9209     0.9209     0.9209     0.9209     0.9209     0.8906     0.8359     0.9209     0.9976     0.8776     0.9504     0.9504     0.9432     0.7571     0.9494     0.9078     0.9383     0.9911     0.9269     0.9209     0.7500     0.9209     0.9209     0.9209     0.9209     0.9209     0.8906     0.8359     0.9209     0.9976     0.8776     0.9074     0.9074     0.9432     0.7571     0.9494     0.9078     0.9383     0.9911     0.9269     0.9209     0.7500     0.9209     0.9209     0.9209     0.9209     0.9209     0.8906     0.8359     0.9209     0.9976     0.8776     0.9432     0.9432     0.9432     0.7571     0.9494     0.9078     0.9383     0.9911     0.9269     0.9209     0.7500     0.9209     0.9209     0.9209     0.9209     0.9209     0.8906     0.8359     0.9209     0.9976     0.8776     0.9504     0.9504     0.9432     0.7571     0.9494     0.9078     0.9383     0.9911     0.9269     0.9209     0.7500     0.9209     0.9209     0.9209     0.9209     0.9209     0.8906     0.8359     0.9209     0.9976     0.8776     0.9504     0.9504     0.9432     0.7571     0.9494     0.9078     0.9383     0.9911     0.9269     0.9209     0.7500     0.9209     0.9209     0.9209     0.9209     0.9209     0.8906     0.8359     0.9209     0.9976     0.8776     0.9146     0.9146     0.9432     0.7571     0.9494     0.9078     0.9383     0.9911     0.9269     0.9209     0.7500     0.9209     0.9209     0.9209     0.9209     0.9209     0.8906     0.8359     0.9209     0.9976     0.8776     0.9146     0.9146     0.9432     0.7571     0.9494     0.9078     0.9383     0.9911     0.9269     0.9209     0.7500     0.9209     0.9209     0.9209     0.9209     0.9209     0.8906     0.8359     0.9209     0.9976     0.8776     0.9432     0.9432     0.9432     0.7571     0.9494     0.9078     0.9383     0.9911     0.9269     0.9209     0.7500     0.9209     0.9209     0.9209     0.9209     0.9209     0.8906     0.8359     0.9209     0.9976     0.8776     0.9253     0.9253     0.9432     0.7571     0.9494     0.9078     0.9383     0.9911     0.9269     0.9209     0.7500     0.9209     0.9209     0.9209     0.9209     0.9209     0.8906     0.8359     0.9209     0.9976     0.8776     0.9289     0.9289     0.9432     0.7571     0.9494     0.9078     0.9383     0.9911     0.9269     0.9209     0.7500     0.9209     0.9209     0.9209     0.9209     0.9209     0.8906     0.8359     0.9209     0.9976     0.8776     0.9289     0.9289     0.9432     0.7571     0.9494     0.9078     0.9383     0.9911     0.9269     0.9209     0.7500     0.9209     0.9209     0.9209     0.9209     0.9209     0.8906     0.8359     0.9209     0.9976     0.8776     0.9396     0.9396     0.9432     0.7571     0.9494     0.9078     0.9383     0.9911     0.9269     0.9209     0.7500     0.9209     0.9209     0.9209     0.9209     0.9209     0.8906     0.8359     0.9209     0.9976     0.8776     0.9325     0.9325     0.9432     0.7571     0.9494     0.9078     0.9383     0.9911     0.9269     0.9209     0.7500     0.9209     0.9209     0.9209     0.9209     0.9209     0.8906     0.8359     0.9209     0.9976     0.8776     0.9933     0.9933     0.9432     0.7571     0.9494     0.9078     0.9383     0.9911     0.9269     0.9209     0.7500     0.9209     0.9209     0.9209     0.9209     0.9209     0.8906     0.8359     0.9209     0.9976     0.8776     0.8752     0.8752     0.9432     0.7571     0.9494     0.9078     0.9383     0.9911     0.9269     0.9209     0.7500     0.9209     0.9209     0.9209     0.9209     0.9209     0.8906     0.8359     0.9209     0.9976     0.8776     0.8943     0.8943     0.9432     0.7571     0.9494     0.9078     0.9383     0.9911     0.9269     0.9209     0.7500     0.9209     0.9209     0.9209     0.9209     0.9209     0.8906     0.8359     0.9209     0.9976     0.8776     0.9336     0.9117     0.9432     0.7571     0.9494     0.9078     0.9383     0.9911     0.9269     0.9209     0.7500
09/30/1949_24:00     0.9209     0.9209     0.9209     0.9209     0.9209     0.8906     0.8359     0.9209     0.9976     0.8776     0.9289     0.9289     0.9432     0.7571     0.9494     0.9078     0.9383     0.9911     0.9269     0.9209     0.7500     0.9209     0.9209     0.9209     0.9209     0.9209     0.8906     0.8359     0.9209     0.9976     0.8776     0.9003     0.9003     0.9432     0.7571     0.9494     0.9078     0.9383     0.9911     0.9269     0.9209     0.7500     0.9209     0.9209     0.9209     0.9209     0.9209     0.8906     0.8359     0.9209     0.9976     0.8776     0.9432     0.9432     0.9432     0.7571     0.9494     0.9078     0.9383     0.9911     0.9269     0.9209     0.7500     0.9209     0.9209     0.9209     0.9209     0.9209     0.8906     0.8359     0.9209     0.9976     0.8776     0.9146     0.9146     0.9432     0.7571     0.9494     0.9078     0.9383     0.9911     0.9269     0.9209     0.7500     0.9209     0.9209     0.9209     0.9209     0.9209     0.8906     0.8359     0.9209     0.9976     0.8776     0.9504     0.9504     0.9432     0.7571     0.9494     0.9078     0.9383     0.9911     0.9269     0.9209     0.7500     0.9209     0.9209     0.9209     0.9209     0.9209     0.8906     0.8359     0.9209     0.9976     0.8776     0.9074     0.9074     0.9432     0.7571     0.9494     0.9078     0.9383     0.9911     0.9269     0.9209     0.7500     0.9209     0.9209     0.9209     0.9209     0.9209     0.8906     0.8359     0.9209     0.9976     0.8776     0.9432     0.9432     0.9432     0.7571     0.9494     0.9078     0.9383     0.9911     0.9269     0.9209     0.7500     0.9209     0.9209     0.9209     0.9209     0.9209     0.8906     0.8359     0.9209     0.9976     0.8776     0.9504     0.9504     0.9432     0.7571     0.9494     0.9078     0.9383     0.9911     0.9269     0.9209     0.7500     0.9209     0.9209     0.9209     0.9209     0.9209     0.8906     0.8359     0.9209     0.9976     0.8776     0.9504     0.9504     0.9432     0.7571     0.9494     0.9078     0.9383     0.9911     0.9269     0.9209     0.7500     0.9209     0.9209     0.9209     0.9209     0.9209     0.8906     0.8359     0.9209     0.9976     0.8776     0.9146     0.9146     0.9432     0.7571     0.9494     0.9078     0.9383     0.9911     0.9269     0.9209     0.7500     0.9209     0.9209     0.9209     0.9209     0.9209     0.8906     0.8359     0.9209     0.9976     0.8776     0.9146     0.9146     0.9432     0.7571     0.9494     0.9078     0.9383     0.9911     0.9269     0.9209     0.7500     0.9209     0.9209     0.9209     0.9209     0.9209     0.8906     0.8359     0.9209     0.9976     0.8776     0.9432     0.9432     0.9432     0.7571     0.9494     0.9078     0.9383     0.9911     0.9269     0.9209     0.7500     0.9209     0.9209     0.9209     0.9209     0.9209     0.8906     0.8359     0.9209     0.9976     0.8776     0.9253     0.9253     0.9432     0.7571     0.9494     0.9078     0.9383     0.9911     0.9269     0.9209     0.7500     0.9209     0.9209     0.9209     0.9209     0.9209     0.8906     0.8359     0.9209     0.9976     0.8776     0.9289     0.9289     0.9432     0.7571     0.9494     0.9078     0.9383     0.9911     0.9269     0.9209     0.7500     0.9209     0.9209     0.9209     0.9209     0.9209     0.8906     0.8359     0.9209     0.9976     0.8776     0.9289     0.9289     0.9432     0.7571     0.9494     0.9078     0.9383     0.9911     0.9269     0.9209     0.7500     0.9209     0.9209     0.9209     0.9209     0.9209     0.8906     0.8359     0.9209     0.9976     0.8776     0.9396     0.9396     0.9432     0.7571     0.9494     0.9078     0.9383     0.9911     0.9269     0.9209     0.7500     0.9209     0.9209     0.9209     0.9209     0.9209     0.8906     0.8359     0.9209     0.9976     0.8776     0.9325     0.9325     0.9432     0.7571     0.9494     0.9078     0.9383     0.9911     0.9269     0.9209     0.7500     0.9209     0.9209     0.9209     0.9209     0.9209     0.8906     0.8359     0.9209     0.9976     0.8776     0.9933     0.9933     0.9432     0.7571     0.9494     0.9078     0.9383     0.9911     0.9269     0.9209     0.7500     0.9209     0.9209     0.9209     0.9209     0.9209     0.8906     0.8359     0.9209     0.9976     0.8776     0.8752     0.8752     0.9432     0.7571     0.9494     0.9078     0.9383     0.9911     0.9269     0.9209     0.7500     0.9209     0.9209     0.9209     0.9209     0.9209     0.8906     0.8359     0.9209     0.9976     0.8776     0.8943     0.8943     0.9432     0.7571     0.9494     0.9078     0.9383     0.9911     0.9269     0.9209     0.7500     0.9209     0.9209     0.9209     0.9209     0.9209     0.8906     0.8359     0.9209     0.9976     0.8776     0.9336     0.9117     0.9432     0.7571     0.9494     0.9078     0.9383     0.9911     0.9269     0.9209     0.7500
09/30/1950_24:00     0.9209     0.9209     0.9209     0.9209     0.9209     0.8906     0.8359     0.9209     0.9976     0.8776     0.9289     0.9289     0.9432     0.7571     0.9494     0.9078     0.9383     0.9911     0.9269     0.9209     0.7500     0.9209     0.9209     0.9209     0.9209     0.9209     0.8906     0.8359     0.9209     0.9976     0.8776     0.9003     0.9003     0.9432     0.7571     0.9494     0.9078     0.9383     0.9911     0.9269     0.9209     0.7500     0.9209     0.9209     0.9209     0.9209     0.9209     0.8906     0.8359     0.9209     0.9976     0.8776     0.9432     0.9432     0.9432     0.7571     0.9494     0.9078     0.9383     0.9911     0.9269     0.9209     0.7500     0.9209     0.9209     0.9209     0.9209     0.9209     0.8906     0.8359     0.9209     0.9976     0.8776     0.9146     0.9146     0.9432     0.7571     0.9494     0.9078     0.9383     0.9911     0.9269     0.9209     0.7500     0.9209     0.9209     0.9209     0.9209     0.9209     0.8906     0.8359     0.9209     0.9976     0.8776     0.9504     0.9504     0.9432     0.7571     0.9494     0.9078     0.9383     0.9911     0.9269     0.9209     0.7500     0.9209     0.9209     0.9209     0.9209     0.9209     0.8906     0.8359     0.9209     0.9976     0.8776     0.9074     0.9074     0.9432     0.7571     0.9494     0.9078     0.9383     0.9911     0.9269     0.9209     0.7500     0.9209     0.9209     0.9209     0.9209     0.9209     0.8906     0.8359     0.9209     0.9976     0.8776     0.9432     0.9432     0.9432     0.7571     0.9494     0.9078     0.9383     0.9911     0.9269     0.9209     0.7500     0.9209     0.9209     0.9209     0.9209     0.9209     0.8906     0.8359     0.9209     0.9976     0.8776     0.9504     0.9504     0.9432     0.7571     0.9494     0.9078     0.9383     0.9911     0.9269     0.9209     0.7500     0.9209     0.9209     0.9209     0.9209     0.9209     0.8906     0.8359     0.9209     0.9976     0.8776     0.9504     0.9504     0.9432     0.7571     0.9494     0.9078     0.9383     0.9911     0.9269     0.9209     0.7500     0.9209     0.9209     0.9209     0.9209     0.9209     0.8906     0.8359     0.9209     0.9976     0.8776     0.9146     0.9146     0.9432     0.7571     0.9494     0.9078     0.9383     0.9911     0.9269     0.9209     0.7500     0.9209     0.9209     0.9209     0.9209     0.9209     0.8906     0.8359     0.9209     0.9976     0.8776     0.9146     0.9146     0.9432     0.7571     0.9494     0.9078     0.9383     0.9911     0.9269     0.9209     0.7500     0.9209     0.9209     0.9209     0.9209     0.9209     0.8906     0.8359     0.9209     0.9976     0.8776     0.9432     0.9432     0.9432     0.7571     0.9494     0.9078     0.9383     0.9911     0.9269     0.9209     0.7500     0.9209     0.9209     0.9209     0.9209     0.9209     0.8906     0.8359     0.9209     0.9976     0.8776     0.9253     0.9253     0.9432     0.7571     0.9494     0.9078     0.9383     0.9911     0.9269     0.9209     0.7500     0.9209     0.9209     0.9209     0.9209     0.9209     0.8906     0.8359     0.9209     0.9976     0.8776     0.9289     0.9289     0.9432     0.7571     0.9494     0.9078     0.9383     0.9911     0.9269     0.9209     0.7500     0.9209     0.9209     0.9209     0.9209     0.9209     0.8906     0.8359     0.9209     0.9976     0.8776     0.9289     0.9289     0.9432     0.7571     0.9494     0.9078     0.9383     0.9911     0.9269     0.9209     0.7500     0.9209     0.9209     0.9209     0.9209     0.9209     0.8906     0.8359     0.9209     0.9976     0.8776     0.9396     0.9396     0.9432     0.7571     0.9494     0.9078     0.9383     0.9911     0.9269     0.9209     0.7500     0.9209     0.9209     0.9209     0.9209     0.9209     0.8906     0.8359     0.9209     0.9976     0.8776     0.9325     0.9325     0.9432     0.7571     0.9494     0.9078     0.9383     0.9911     0.9269     0.9209     0.7500     0.9209     0.9209     0.9209     0.9209     0.9209     0.8906     0.8359     0.9209     0.9976     0.8776     0.9933     0.9933     0.9432     0.7571     0.9494     0.9078     0.9383     0.9911     0.9269     0.9209     0.7500     0.9209     0.9209     0.9209     0.9209     0.9209     0.8906     0.8359     0.9209     0.9976     0.8776     0.8752     0.8752     0.9432     0.7571     0.9494     0.9078     0.9383     0.9911     0.9269     0.9209     0.7500     0.9209     0.9209     0.9209     0.9209     0.9209     0.8906     0.8359     0.9209     0.9976     0.8776     0.8943     0.8943     0.9432     0.7571     0.9494     0.9078     0.9383     0.9911     0.9269     0.9209     0.7500     0.9209     0.9209     0.9209     0.9209     0.9209     0.8906     0.8359     0.9209     0.9976     0.8776     0.9336     0.9117     0.9432     0.7571     0.9494     0.9078     0.9383     0.9911     0.9269     0.9209     0.7500
09/30/1951_24:00     0.9209     0.9209     0.9209     0.9209     0.9209     0.8906     0.8359     0.9209     0.9976     0.8776     0.9289     0.9289     0.9432     0.7571     0.9494     0.9078     0.9383     0.9911     0.9269     0.9209     0.7500     0.9209     0.9209     0.9209     0.9209     0.9209     0.8906     0.8359     0.9209     0.9976     0.8776     0.9003     0.9003     0.9432     0.7571     0.9494     0.9078     0.9383     0.9911     0.9269     0.9209     0.7500     0.9209     0.9209     0.9209     0.9209     0.9209     0.8906     0.8359     0.9209     0.9976     0.8776     0.9432     0.9432     0.9432     0.7571     0.9494     0.9078     0.9383     0.9911     0.9269     0.9209     0.7500     0.9209     0.9209     0.9209     0.9209     0.9209     0.8906     0.8359     0.9209     0.9976     0.8776     0.9146     0.9146     0.9432     0.7571     0.9494     0.9078     0.9383     0.9911     0.9269     0.9209     0.7500     0.9209     0.9209     0.9209     0.9209     0.9209     0.8906     0.8359     0.9209     0.9976     0.8776     0.9504     0.9504     0.9432     0.7571     0.9494     0.9078     0.9383     0.9911     0.9269     0.9209     0.7500     0.9209     0.9209     0.9209     0.9209     0.9209     0.8906     0.8359     0.9209     0.9976     0.8776     0.9074     0.9074     0.9432     0.7571     0.9494     0.9078     0.9383     0.9911     0.9269     0.9209     0.7500     0.9209     0.9209     0.9209     0.9209     0.9209     0.8906     0.8359     0.9209     0.9976     0.8776     0.9432     0.9432     0.9432     0.7571     0.9494     0.9078     0.9383     0.9911     0.9269     0.9209     0.7500     0.9209     0.9209     0.9209     0.9209     0.9209     0.8906     0.8359     0.9209     0.9976     0.8776     0.9504     0.9504     0.9432     0.7571     0.9494     0.9078     0.9383     0.9911     0.9269     0.9209     0.7500     0.9209     0.9209     0.9209     0.9209     0.9209     0.8906     0.8359     0.9209     0.9976     0.8776     0.9504     0.9504     0.9432     0.7571     0.9494     0.9078     0.9383     0.9911     0.9269     0.9209     0.7500     0.9209     0.9209     0.9209     0.9209     0.9209     0.8906     0.8359     0.9209     0.9976     0.8776     0.9146     0.9146     0.9432     0.7571     0.9494     0.9078     0.9383     0.9911     0.9269     0.9209     0.7500     0.9209     0.9209     0.9209     0.9209     0.9209     0.8906     0.8359     0.9209     0.9976     0.8776     0.9146     0.9146     0.9432     0.7571     0.9494     0.9078     0.9383     0.9911     0.9269     0.9209     0.7500     0.9209     0.9209     0.9209     0.9209     0.9209     0.8906     0.8359     0.9209     0.9976     0.8776     0.9432     0.9432     0.9432     0.7571     0.9494     0.9078     0.9383     0.9911     0.9269     0.9209     0.7500     0.9209     0.9209     0.9209     0.9209     0.9209     0.8906     0.8359     0.9209     0.9976     0.8776     0.9253     0.9253     0.9432     0.7571     0.9494     0.9078     0.9383     0.9911     0.9269     0.9209     0.7500     0.9209     0.9209     0.9209     0.9209     0.9209     0.8906     0.8359     0.9209     0.9976     0.8776     0.9289     0.9289     0.9432     0.7571     0.9494     0.9078     0.9383     0.9911     0.9269     0.9209     0.7500     0.9209     0.9209     0.9209     0.9209     0.9209     0.8906     0.8359     0.9209     0.9976     0.8776     0.9289     0.9289     0.9432     0.7571     0.9494     0.9078     0.9383     0.9911     0.9269     0.9209     0.7500     0.9209     0.9209     0.9209     0.9209     0.9209     0.8906     0.8359     0.9209     0.9976     0.8776     0.9396     0.9396     0.9432     0.7571     0.9494     0.9078     0.9383     0.9911     0.9269     0.9209     0.7500     0.9209     0.9209     0.9209     0.9209     0.9209     0.8906     0.8359     0.9209     0.9976     0.8776     0.9325     0.9325     0.9432     0.7571     0.9494     0.9078     0.9383     0.9911     0.9269     0.9209     0.7500     0.9209     0.9209     0.9209     0.9209     0.9209     0.8906     0.8359     0.9209     0.9976     0.8776     0.9933     0.9933     0.9432     0.7571     0.9494     0.9078     0.9383     0.9911     0.9269     0.9209     0.7500     0.9209     0.9209     0.9209     0.9209     0.9209     0.8906     0.8359     0.9209     0.9976     0.8776     0.8752     0.8752     0.9432     0.7571     0.9494     0.9078     0.9383     0.9911     0.9269     0.9209     0.7500     0.9209     0.9209     0.9209     0.9209     0.9209     0.8906     0.8359     0.9209     0.9976     0.8776     0.8943     0.8943     0.9432     0.7571     0.9494     0.9078     0.9383     0.9911     0.9269     0.9209     0.7500     0.9209     0.9209     0.9209     0.9209     0.9209     0.8906     0.8359     0.9209     0.9976     0.8776     0.9336     0.9117     0.9432     0.7571     0.9494     0.9078     0.9383     0.9911     0.9269     0.9209     0.7500
09/30/1952_24:00     0.9209     0.9209     0.9209     0.9209     0.9209     0.8906     0.8359     0.9209     0.9976     0.8776     0.9289     0.9289     0.9432     0.7571     0.9494     0.9078     0.9383     0.9911     0.9269     0.9209     0.7500     0.9209     0.9209     0.9209     0.9209     0.9209     0.8906     0.8359     0.9209     0.9976     0.8776     0.9003     0.9003     0.9432     0.7571     0.9494     0.9078     0.9383     0.9911     0.9269     0.9209     0.7500     0.9209     0.9209     0.9209     0.9209     0.9209     0.8906     0.8359     0.9209     0.9976     0.8776     0.9432     0.9432     0.9432     0.7571     0.9494     0.9078     0.9383     0.9911     0.9269     0.9209     0.7500     0.9209     0.9209     0.9209     0.9209     0.9209     0.8906     0.8359     0.9209     0.9976     0.8776     0.9146     0.9146     0.9432     0.7571     0.9494     0.9078     0.9383     0.9911     0.9269     0.9209     0.7500     0.9209     0.9209     0.9209     0.9209     0.9209     0.8906     0.8359     0.9209     0.9976     0.8776     0.9504     0.9504     0.9432     0.7571     0.9494     0.9078     0.9383     0.9911     0.9269     0.9209     0.7500     0.9209     0.9209     0.9209     0.9209     0.9209     0.8906     0.8359     0.9209     0.9976     0.8776     0.9074     0.9074     0.9432     0.7571     0.9494     0.9078     0.9383     0.9911     0.9269     0.9209     0.7500     0.9209     0.9209     0.9209     0.9209     0.9209     0.8906     0.8359     0.9209     0.9976     0.8776     0.9432     0.9432     0.9432     0.7571     0.9494     0.9078     0.9383     0.9911     0.9269     0.9209     0.7500     0.9209     0.9209     0.9209     0.9209     0.9209     0.8906     0.8359     0.9209     0.9976     0.8776     0.9504     0.9504     0.9432     0.7571     0.9494     0.9078     0.9383     0.9911     0.9269     0.9209     0.7500     0.9209     0.9209     0.9209     0.9209     0.9209     0.8906     0.8359     0.9209     0.9976     0.8776     0.9504     0.9504     0.9432     0.7571     0.9494     0.9078     0.9383     0.9911     0.9269     0.9209     0.7500     0.9209     0.9209     0.9209     0.9209     0.9209     0.8906     0.8359     0.9209     0.9976     0.8776     0.9146     0.9146     0.9432     0.7571     0.9494     0.9078     0.9383     0.9911     0.9269     0.9209     0.7500     0.9209     0.9209     0.9209     0.9209     0.9209     0.8906     0.8359     0.9209     0.9976     0.8776     0.9146     0.9146     0.9432     0.7571     0.9494     0.9078     0.9383     0.9911     0.9269     0.9209     0.7500     0.9209     0.9209     0.9209     0.9209     0.9209     0.8906     0.8359     0.9209     0.9976     0.8776     0.9432     0.9432     0.9432     0.7571     0.9494     0.9078     0.9383     0.9911     0.9269     0.9209     0.7500     0.9209     0.9209     0.9209     0.9209     0.9209     0.8906     0.8359     0.9209     0.9976     0.8776     0.9253     0.9253     0.9432     0.7571     0.9494     0.9078     0.9383     0.9911     0.9269     0.9209     0.7500     0.9209     0.9209     0.9209     0.9209     0.9209     0.8906     0.8359     0.9209     0.9976     0.8776     0.9289     0.9289     0.9432     0.7571     0.9494     0.9078     0.9383     0.9911     0.9269     0.9209     0.7500     0.9209     0.9209     0.9209     0.9209     0.9209     0.8906     0.8359     0.9209     0.9976     0.8776     0.9289     0.9289     0.9432     0.7571     0.9494     0.9078     0.9383     0.9911     0.9269     0.9209     0.7500     0.9209     0.9209     0.9209     0.9209     0.9209     0.8906     0.8359     0.9209     0.9976     0.8776     0.9396     0.9396     0.9432     0.7571     0.9494     0.9078     0.9383     0.9911     0.9269     0.9209     0.7500     0.9209     0.9209     0.9209     0.9209     0.9209     0.8906     0.8359     0.9209     0.9976     0.8776     0.9325     0.9325     0.9432     0.7571     0.9494     0.9078     0.9383     0.9911     0.9269     0.9209     0.7500     0.9209     0.9209     0.9209     0.9209     0.9209     0.8906     0.8359     0.9209     0.9976     0.8776     0.9933     0.9933     0.9432     0.7571     0.9494     0.9078     0.9383     0.9911     0.9269     0.9209     0.7500     0.9209     0.9209     0.9209     0.9209     0.9209     0.8906     0.8359     0.9209     0.9976     0.8776     0.8752     0.8752     0.9432     0.7571     0.9494     0.9078     0.9383     0.9911     0.9269     0.9209     0.7500     0.9209     0.9209     0.9209     0.9209     0.9209     0.8906     0.8359     0.9209     0.9976     0.8776     0.8943     0.8943     0.9432     0.7571     0.9494     0.9078     0.9383     0.9911     0.9269     0.9209     0.7500     0.9209     0.9209     0.9209     0.9209     0.9209     0.8906     0.8359     0.9209     0.9976     0.8776     0.9336     0.9117     0.9432     0.7571     0.9494     0.9078     0.9383     0.9911     0.9269     0.9209     0.7500
09/30/1953_24:00     0.9209     0.9209     0.9209     0.9209     0.9209     0.8906     0.8359     0.9209     0.9976     0.8776     0.9289     0.9289     0.9432     0.7571     0.9494     0.9078     0.9383     0.9911     0.9269     0.9209     0.7500     0.9209     0.9209     0.9209     0.9209     0.9209     0.8906     0.8359     0.9209     0.9976     0.8776     0.9003     0.9003     0.9432     0.7571     0.9494     0.9078     0.9383     0.9911     0.9269     0.9209     0.7500     0.9209     0.9209     0.9209     0.9209     0.9209     0.8906     0.8359     0.9209     0.9976     0.8776     0.9432     0.9432     0.9432     0.7571     0.9494     0.9078     0.9383     0.9911     0.9269     0.9209     0.7500     0.9209     0.9209     0.9209     0.9209     0.9209     0.8906     0.8359     0.9209     0.9976     0.8776     0.9146     0.9146     0.9432     0.7571     0.9494     0.9078     0.9383     0.9911     0.9269     0.9209     0.7500     0.9209     0.9209     0.9209     0.9209     0.9209     0.8906     0.8359     0.9209     0.9976     0.8776     0.9504     0.9504     0.9432     0.7571     0.9494     0.9078     0.9383     0.9911     0.9269     0.9209     0.7500     0.9209     0.9209     0.9209     0.9209     0.9209     0.8906     0.8359     0.9209     0.9976     0.8776     0.9074     0.9074     0.9432     0.7571     0.9494     0.9078     0.9383     0.9911     0.9269     0.9209     0.7500     0.9209     0.9209     0.9209     0.9209     0.9209     0.8906     0.8359     0.9209     0.9976     0.8776     0.9432     0.9432     0.9432     0.7571     0.9494     0.9078     0.9383     0.9911     0.9269     0.9209     0.7500     0.9209     0.9209     0.9209     0.9209     0.9209     0.8906     0.8359     0.9209     0.9976     0.8776     0.9504     0.9504     0.9432     0.7571     0.9494     0.9078     0.9383     0.9911     0.9269     0.9209     0.7500     0.9209     0.9209     0.9209     0.9209     0.9209     0.8906     0.8359     0.9209     0.9976     0.8776     0.9504     0.9504     0.9432     0.7571     0.9494     0.9078     0.9383     0.9911     0.9269     0.9209     0.7500     0.9209     0.9209     0.9209     0.9209     0.9209     0.8906     0.8359     0.9209     0.9976     0.8776     0.9146     0.9146     0.9432     0.7571     0.9494     0.9078     0.9383     0.9911     0.9269     0.9209     0.7500     0.9209     0.9209     0.9209     0.9209     0.9209     0.8906     0.8359     0.9209     0.9976     0.8776     0.9146     0.9146     0.9432     0.7571     0.9494     0.9078     0.9383     0.9911     0.9269     0.9209     0.7500     0.9209     0.9209     0.9209     0.9209     0.9209     0.8906     0.8359     0.9209     0.9976     0.8776     0.9432     0.9432     0.9432     0.7571     0.9494     0.9078     0.9383     0.9911     0.9269     0.9209     0.7500     0.9209     0.9209     0.9209     0.9209     0.9209     0.8906     0.8359     0.9209     0.9976     0.8776     0.9253     0.9253     0.9432     0.7571     0.9494     0.9078     0.9383     0.9911     0.9269     0.9209     0.7500     0.9209     0.9209     0.9209     0.9209     0.9209     0.8906     0.8359     0.9209     0.9976     0.8776     0.9289     0.9289     0.9432     0.7571     0.9494     0.9078     0.9383     0.9911     0.9269     0.9209     0.7500     0.9209     0.9209     0.9209     0.9209     0.9209     0.8906     0.8359     0.9209     0.9976     0.8776     0.9289     0.9289     0.9432     0.7571     0.9494     0.9078     0.9383     0.9911     0.9269     0.9209     0.7500     0.9209     0.9209     0.9209     0.9209     0.9209     0.8906     0.8359     0.9209     0.9976     0.8776     0.9396     0.9396     0.9432     0.7571     0.9494     0.9078     0.9383     0.9911     0.9269     0.9209     0.7500     0.9209     0.9209     0.9209     0.9209     0.9209     0.8906     0.8359     0.9209     0.9976     0.8776     0.9325     0.9325     0.9432     0.7571     0.9494     0.9078     0.9383     0.9911     0.9269     0.9209     0.7500     0.9209     0.9209     0.9209     0.9209     0.9209     0.8906     0.8359     0.9209     0.9976     0.8776     0.9933     0.9933     0.9432     0.7571     0.9494     0.9078     0.9383     0.9911     0.9269     0.9209     0.7500     0.9209     0.9209     0.9209     0.9209     0.9209     0.8906     0.8359     0.9209     0.9976     0.8776     0.8752     0.8752     0.9432     0.7571     0.9494     0.9078     0.9383     0.9911     0.9269     0.9209     0.7500     0.9209     0.9209     0.9209     0.9209     0.9209     0.8906     0.8359     0.9209     0.9976     0.8776     0.8943     0.8943     0.9432     0.7571     0.9494     0.9078     0.9383     0.9911     0.9269     0.9209     0.7500     0.9209     0.9209     0.9209     0.9209     0.9209     0.8906     0.8359     0.9209     0.9976     0.8776     0.9336     0.9117     0.9432     0.7571     0.9494     0.9078     0.9383     0.9911     0.9269     0.9209     0.7500
09/30/1954_24:00     0.9209     0.9209     0.9209     0.9209     0.9209     0.8906     0.8359     0.9209     0.9976     0.8776     0.9289     0.9289     0.9432     0.7571     0.9494     0.9078     0.9383     0.9911     0.9269     0.9209     0.7500     0.9209     0.9209     0.9209     0.9209     0.9209     0.8906     0.8359     0.9209     0.9976     0.8776     0.9003     0.9003     0.9432     0.7571     0.9494     0.9078     0.9383     0.9911     0.9269     0.9209     0.7500     0.9209     0.9209     0.9209     0.9209     0.9209     0.8906     0.8359     0.9209     0.9976     0.8776     0.9432     0.9432     0.9432     0.7571     0.9494     0.9078     0.9383     0.9911     0.9269     0.9209     0.7500     0.9209     0.9209     0.9209     0.9209     0.9209     0.8906     0.8359     0.9209     0.9976     0.8776     0.9146     0.9146     0.9432     0.7571     0.9494     0.9078     0.9383     0.9911     0.9269     0.9209     0.7500     0.9209     0.9209     0.9209     0.9209     0.9209     0.8906     0.8359     0.9209     0.9976     0.8776     0.9504     0.9504     0.9432     0.7571     0.9494     0.9078     0.9383     0.9911     0.9269     0.9209     0.7500     0.9209     0.9209     0.9209     0.9209     0.9209     0.8906     0.8359     0.9209     0.9976     0.8776     0.9074     0.9074     0.9432     0.7571     0.9494     0.9078     0.9383     0.9911     0.9269     0.9209     0.7500     0.9209     0.9209     0.9209     0.9209     0.9209     0.8906     0.8359     0.9209     0.9976     0.8776     0.9432     0.9432     0.9432     0.7571     0.9494     0.9078     0.9383     0.9911     0.9269     0.9209     0.7500     0.9209     0.9209     0.9209     0.9209     0.9209     0.8906     0.8359     0.9209     0.9976     0.8776     0.9504     0.9504     0.9432     0.7571     0.9494     0.9078     0.9383     0.9911     0.9269     0.9209     0.7500     0.9209     0.9209     0.9209     0.9209     0.9209     0.8906     0.8359     0.9209     0.9976     0.8776     0.9504     0.9504     0.9432     0.7571     0.9494     0.9078     0.9383     0.9911     0.9269     0.9209     0.7500     0.9209     0.9209     0.9209     0.9209     0.9209     0.8906     0.8359     0.9209     0.9976     0.8776     0.9146     0.9146     0.9432     0.7571     0.9494     0.9078     0.9383     0.9911     0.9269     0.9209     0.7500     0.9209     0.9209     0.9209     0.9209     0.9209     0.8906     0.8359     0.9209     0.9976     0.8776     0.9146     0.9146     0.9432     0.7571     0.9494     0.9078     0.9383     0.9911     0.9269     0.9209     0.7500     0.9209     0.9209     0.9209     0.9209     0.9209     0.8906     0.8359     0.9209     0.9976     0.8776     0.9432     0.9432     0.9432     0.7571     0.9494     0.9078     0.9383     0.9911     0.9269     0.9209     0.7500     0.9209     0.9209     0.9209     0.9209     0.9209     0.8906     0.8359     0.9209     0.9976     0.8776     0.9253     0.9253     0.9432     0.7571     0.9494     0.9078     0.9383     0.9911     0.9269     0.9209     0.7500     0.9209     0.9209     0.9209     0.9209     0.9209     0.8906     0.8359     0.9209     0.9976     0.8776     0.9289     0.9289     0.9432     0.7571     0.9494     0.9078     0.9383     0.9911     0.9269     0.9209     0.7500     0.9209     0.9209     0.9209     0.9209     0.9209     0.8906     0.8359     0.9209     0.9976     0.8776     0.9289     0.9289     0.9432     0.7571     0.9494     0.9078     0.9383     0.9911     0.9269     0.9209     0.7500     0.9209     0.9209     0.9209     0.9209     0.9209     0.8906     0.8359     0.9209     0.9976     0.8776     0.9396     0.9396     0.9432     0.7571     0.9494     0.9078     0.9383     0.9911     0.9269     0.9209     0.7500     0.9209     0.9209     0.9209     0.9209     0.9209     0.8906     0.8359     0.9209     0.9976     0.8776     0.9325     0.9325     0.9432     0.7571     0.9494     0.9078     0.9383     0.9911     0.9269     0.9209     0.7500     0.9209     0.9209     0.9209     0.9209     0.9209     0.8906     0.8359     0.9209     0.9976     0.8776     0.9933     0.9933     0.9432     0.7571     0.9494     0.9078     0.9383     0.9911     0.9269     0.9209     0.7500     0.9209     0.9209     0.9209     0.9209     0.9209     0.8906     0.8359     0.9209     0.9976     0.8776     0.8752     0.8752     0.9432     0.7571     0.9494     0.9078     0.9383     0.9911     0.9269     0.9209     0.7500     0.9209     0.9209     0.9209     0.9209     0.9209     0.8906     0.8359     0.9209     0.9976     0.8776     0.8943     0.8943     0.9432     0.7571     0.9494     0.9078     0.9383     0.9911     0.9269     0.9209     0.7500     0.9209     0.9209     0.9209     0.9209     0.9209     0.8906     0.8359     0.9209     0.9976     0.8776     0.9336     0.9117     0.9432     0.7571     0.9494     0.9078     0.9383     0.9911     0.9269     0.9209     0.7500
09/30/1955_24:00     0.9209     0.9209     0.9209     0.9209     0.9209     0.8906     0.8359     0.9209     0.9976     0.8776     0.9289     0.9289     0.9432     0.7571     0.9494     0.9078     0.9383     0.9911     0.9269     0.9209     0.7500     0.9209     0.9209     0.9209     0.9209     0.9209     0.8906     0.8359     0.9209     0.9976     0.8776     0.9003     0.9003     0.9432     0.7571     0.9494     0.9078     0.9383     0.9911     0.9269     0.9209     0.7500     0.9209     0.9209     0.9209     0.9209     0.9209     0.8906     0.8359     0.9209     0.9976     0.8776     0.9432     0.9432     0.9432     0.7571     0.9494     0.9078     0.9383     0.9911     0.9269     0.9209     0.7500     0.9209     0.9209     0.9209     0.9209     0.9209     0.8906     0.8359     0.9209     0.9976     0.8776     0.9146     0.9146     0.9432     0.7571     0.9494     0.9078     0.9383     0.9911     0.9269     0.9209     0.7500     0.9209     0.9209     0.9209     0.9209     0.9209     0.8906     0.8359     0.9209     0.9976     0.8776     0.9504     0.9504     0.9432     0.7571     0.9494     0.9078     0.9383     0.9911     0.9269     0.9209     0.7500     0.9209     0.9209     0.9209     0.9209     0.9209     0.8906     0.8359     0.9209     0.9976     0.8776     0.9074     0.9074     0.9432     0.7571     0.9494     0.9078     0.9383     0.9911     0.9269     0.9209     0.7500     0.9209     0.9209     0.9209     0.9209     0.9209     0.8906     0.8359     0.9209     0.9976     0.8776     0.9432     0.9432     0.9432     0.7571     0.9494     0.9078     0.9383     0.9911     0.9269     0.9209     0.7500     0.9209     0.9209     0.9209     0.9209     0.9209     0.8906     0.8359     0.9209     0.9976     0.8776     0.9504     0.9504     0.9432     0.7571     0.9494     0.9078     0.9383     0.9911     0.9269     0.9209     0.7500     0.9209     0.9209     0.9209     0.9209     0.9209     0.8906     0.8359     0.9209     0.9976     0.8776     0.9504     0.9504     0.9432     0.7571     0.9494     0.9078     0.9383     0.9911     0.9269     0.9209     0.7500     0.9209     0.9209     0.9209     0.9209     0.9209     0.8906     0.8359     0.9209     0.9976     0.8776     0.9146     0.9146     0.9432     0.7571     0.9494     0.9078     0.9383     0.9911     0.9269     0.9209     0.7500     0.9209     0.9209     0.9209     0.9209     0.9209     0.8906     0.8359     0.9209     0.9976     0.8776     0.9146     0.9146     0.9432     0.7571     0.9494     0.9078     0.9383     0.9911     0.9269     0.9209     0.7500     0.9209     0.9209     0.9209     0.9209     0.9209     0.8906     0.8359     0.9209     0.9976     0.8776     0.9432     0.9432     0.9432     0.7571     0.9494     0.9078     0.9383     0.9911     0.9269     0.9209     0.7500     0.9209     0.9209     0.9209     0.9209     0.9209     0.8906     0.8359     0.9209     0.9976     0.8776     0.9253     0.9253     0.9432     0.7571     0.9494     0.9078     0.9383     0.9911     0.9269     0.9209     0.7500     0.9209     0.9209     0.9209     0.9209     0.9209     0.8906     0.8359     0.9209     0.9976     0.8776     0.9289     0.9289     0.9432     0.7571     0.9494     0.9078     0.9383     0.9911     0.9269     0.9209     0.7500     0.9209     0.9209     0.9209     0.9209     0.9209     0.8906     0.8359     0.9209     0.9976     0.8776     0.9289     0.9289     0.9432     0.7571     0.9494     0.9078     0.9383     0.9911     0.9269     0.9209     0.7500     0.9209     0.9209     0.9209     0.9209     0.9209     0.8906     0.8359     0.9209     0.9976     0.8776     0.9396     0.9396     0.9432     0.7571     0.9494     0.9078     0.9383     0.9911     0.9269     0.9209     0.7500     0.9209     0.9209     0.9209     0.9209     0.9209     0.8906     0.8359     0.9209     0.9976     0.8776     0.9325     0.9325     0.9432     0.7571     0.9494     0.9078     0.9383     0.9911     0.9269     0.9209     0.7500     0.9209     0.9209     0.9209     0.9209     0.9209     0.8906     0.8359     0.9209     0.9976     0.8776     0.9933     0.9933     0.9432     0.7571     0.9494     0.9078     0.9383     0.9911     0.9269     0.9209     0.7500     0.9209     0.9209     0.9209     0.9209     0.9209     0.8906     0.8359     0.9209     0.9976     0.8776     0.8752     0.8752     0.9432     0.7571     0.9494     0.9078     0.9383     0.9911     0.9269     0.9209     0.7500     0.9209     0.9209     0.9209     0.9209     0.9209     0.8906     0.8359     0.9209     0.9976     0.8776     0.8943     0.8943     0.9432     0.7571     0.9494     0.9078     0.9383     0.9911     0.9269     0.9209     0.7500     0.9209     0.9209     0.9209     0.9209     0.9209     0.8906     0.8359     0.9209     0.9976     0.8776     0.9336     0.9117     0.9432     0.7571     0.9494     0.9078     0.9383     0.9911     0.9269     0.9209     0.7500
09/30/1956_24:00     0.9209     0.9209     0.9209     0.9209     0.9209     0.8906     0.8359     0.9209     0.9976     0.8776     0.9289     0.9289     0.9432     0.7571     0.9494     0.9078     0.9383     0.9911     0.9269     0.9209     0.7500     0.9209     0.9209     0.9209     0.9209     0.9209     0.8906     0.8359     0.9209     0.9976     0.8776     0.9003     0.9003     0.9432     0.7571     0.9494     0.9078     0.9383     0.9911     0.9269     0.9209     0.7500     0.9209     0.9209     0.9209     0.9209     0.9209     0.8906     0.8359     0.9209     0.9976     0.8776     0.9432     0.9432     0.9432     0.7571     0.9494     0.9078     0.9383     0.9911     0.9269     0.9209     0.7500     0.9209     0.9209     0.9209     0.9209     0.9209     0.8906     0.8359     0.9209     0.9976     0.8776     0.9146     0.9146     0.9432     0.7571     0.9494     0.9078     0.9383     0.9911     0.9269     0.9209     0.7500     0.9209     0.9209     0.9209     0.9209     0.9209     0.8906     0.8359     0.9209     0.9976     0.8776     0.9504     0.9504     0.9432     0.7571     0.9494     0.9078     0.9383     0.9911     0.9269     0.9209     0.7500     0.9209     0.9209     0.9209     0.9209     0.9209     0.8906     0.8359     0.9209     0.9976     0.8776     0.9074     0.9074     0.9432     0.7571     0.9494     0.9078     0.9383     0.9911     0.9269     0.9209     0.7500     0.9209     0.9209     0.9209     0.9209     0.9209     0.8906     0.8359     0.9209     0.9976     0.8776     0.9432     0.9432     0.9432     0.7571     0.9494     0.9078     0.9383     0.9911     0.9269     0.9209     0.7500     0.9209     0.9209     0.9209     0.9209     0.9209     0.8906     0.8359     0.9209     0.9976     0.8776     0.9504     0.9504     0.9432     0.7571     0.9494     0.9078     0.9383     0.9911     0.9269     0.9209     0.7500     0.9209     0.9209     0.9209     0.9209     0.9209     0.8906     0.8359     0.9209     0.9976     0.8776     0.9504     0.9504     0.9432     0.7571     0.9494     0.9078     0.9383     0.9911     0.9269     0.9209     0.7500     0.9209     0.9209     0.9209     0.9209     0.9209     0.8906     0.8359     0.9209     0.9976     0.8776     0.9146     0.9146     0.9432     0.7571     0.9494     0.9078     0.9383     0.9911     0.9269     0.9209     0.7500     0.9209     0.9209     0.9209     0.9209     0.9209     0.8906     0.8359     0.9209     0.9976     0.8776     0.9146     0.9146     0.9432     0.7571     0.9494     0.9078     0.9383     0.9911     0.9269     0.9209     0.7500     0.9209     0.9209     0.9209     0.9209     0.9209     0.8906     0.8359     0.9209     0.9976     0.8776     0.9432     0.9432     0.9432     0.7571     0.9494     0.9078     0.9383     0.9911     0.9269     0.9209     0.7500     0.9209     0.9209     0.9209     0.9209     0.9209     0.8906     0.8359     0.9209     0.9976     0.8776     0.9253     0.9253     0.9432     0.7571     0.9494     0.9078     0.9383     0.9911     0.9269     0.9209     0.7500     0.9209     0.9209     0.9209     0.9209     0.9209     0.8906     0.8359     0.9209     0.9976     0.8776     0.9289     0.9289     0.9432     0.7571     0.9494     0.9078     0.9383     0.9911     0.9269     0.9209     0.7500     0.9209     0.9209     0.9209     0.9209     0.9209     0.8906     0.8359     0.9209     0.9976     0.8776     0.9289     0.9289     0.9432     0.7571     0.9494     0.9078     0.9383     0.9911     0.9269     0.9209     0.7500     0.9209     0.9209     0.9209     0.9209     0.9209     0.8906     0.8359     0.9209     0.9976     0.8776     0.9396     0.9396     0.9432     0.7571     0.9494     0.9078     0.9383     0.9911     0.9269     0.9209     0.7500     0.9209     0.9209     0.9209     0.9209     0.9209     0.8906     0.8359     0.9209     0.9976     0.8776     0.9325     0.9325     0.9432     0.7571     0.9494     0.9078     0.9383     0.9911     0.9269     0.9209     0.7500     0.9209     0.9209     0.9209     0.9209     0.9209     0.8906     0.8359     0.9209     0.9976     0.8776     0.9933     0.9933     0.9432     0.7571     0.9494     0.9078     0.9383     0.9911     0.9269     0.9209     0.7500     0.9209     0.9209     0.9209     0.9209     0.9209     0.8906     0.8359     0.9209     0.9976     0.8776     0.8752     0.8752     0.9432     0.7571     0.9494     0.9078     0.9383     0.9911     0.9269     0.9209     0.7500     0.9209     0.9209     0.9209     0.9209     0.9209     0.8906     0.8359     0.9209     0.9976     0.8776     0.8943     0.8943     0.9432     0.7571     0.9494     0.9078     0.9383     0.9911     0.9269     0.9209     0.7500     0.9209     0.9209     0.9209     0.9209     0.9209     0.8906     0.8359     0.9209     0.9976     0.8776     0.9336     0.9117     0.9432     0.7571     0.9494     0.9078     0.9383     0.9911     0.9269     0.9209     0.7500
09/30/1957_24:00     0.9209     0.9209     0.9209     0.9209     0.9209     0.8906     0.8359     0.9209     0.9976     0.8776     0.9289     0.9289     0.9432     0.7571     0.9494     0.9078     0.9383     0.9911     0.9269     0.9209     0.7500     0.9209     0.9209     0.9209     0.9209     0.9209     0.8906     0.8359     0.9209     0.9976     0.8776     0.9003     0.9003     0.9432     0.7571     0.9494     0.9078     0.9383     0.9911     0.9269     0.9209     0.7500     0.9209     0.9209     0.9209     0.9209     0.9209     0.8906     0.8359     0.9209     0.9976     0.8776     0.9432     0.9432     0.9432     0.7571     0.9494     0.9078     0.9383     0.9911     0.9269     0.9209     0.7500     0.9209     0.9209     0.9209     0.9209     0.9209     0.8906     0.8359     0.9209     0.9976     0.8776     0.9146     0.9146     0.9432     0.7571     0.9494     0.9078     0.9383     0.9911     0.9269     0.9209     0.7500     0.9209     0.9209     0.9209     0.9209     0.9209     0.8906     0.8359     0.9209     0.9976     0.8776     0.9504     0.9504     0.9432     0.7571     0.9494     0.9078     0.9383     0.9911     0.9269     0.9209     0.7500     0.9209     0.9209     0.9209     0.9209     0.9209     0.8906     0.8359     0.9209     0.9976     0.8776     0.9074     0.9074     0.9432     0.7571     0.9494     0.9078     0.9383     0.9911     0.9269     0.9209     0.7500     0.9209     0.9209     0.9209     0.9209     0.9209     0.8906     0.8359     0.9209     0.9976     0.8776     0.9432     0.9432     0.9432     0.7571     0.9494     0.9078     0.9383     0.9911     0.9269     0.9209     0.7500     0.9209     0.9209     0.9209     0.9209     0.9209     0.8906     0.8359     0.9209     0.9976     0.8776     0.9504     0.9504     0.9432     0.7571     0.9494     0.9078     0.9383     0.9911     0.9269     0.9209     0.7500     0.9209     0.9209     0.9209     0.9209     0.9209     0.8906     0.8359     0.9209     0.9976     0.8776     0.9504     0.9504     0.9432     0.7571     0.9494     0.9078     0.9383     0.9911     0.9269     0.9209     0.7500     0.9209     0.9209     0.9209     0.9209     0.9209     0.8906     0.8359     0.9209     0.9976     0.8776     0.9146     0.9146     0.9432     0.7571     0.9494     0.9078     0.9383     0.9911     0.9269     0.9209     0.7500     0.9209     0.9209     0.9209     0.9209     0.9209     0.8906     0.8359     0.9209     0.9976     0.8776     0.9146     0.9146     0.9432     0.7571     0.9494     0.9078     0.9383     0.9911     0.9269     0.9209     0.7500     0.9209     0.9209     0.9209     0.9209     0.9209     0.8906     0.8359     0.9209     0.9976     0.8776     0.9432     0.9432     0.9432     0.7571     0.9494     0.9078     0.9383     0.9911     0.9269     0.9209     0.7500     0.9209     0.9209     0.9209     0.9209     0.9209     0.8906     0.8359     0.9209     0.9976     0.8776     0.9253     0.9253     0.9432     0.7571     0.9494     0.9078     0.9383     0.9911     0.9269     0.9209     0.7500     0.9209     0.9209     0.9209     0.9209     0.9209     0.8906     0.8359     0.9209     0.9976     0.8776     0.9289     0.9289     0.9432     0.7571     0.9494     0.9078     0.9383     0.9911     0.9269     0.9209     0.7500     0.9209     0.9209     0.9209     0.9209     0.9209     0.8906     0.8359     0.9209     0.9976     0.8776     0.9289     0.9289     0.9432     0.7571     0.9494     0.9078     0.9383     0.9911     0.9269     0.9209     0.7500     0.9209     0.9209     0.9209     0.9209     0.9209     0.8906     0.8359     0.9209     0.9976     0.8776     0.9396     0.9396     0.9432     0.7571     0.9494     0.9078     0.9383     0.9911     0.9269     0.9209     0.7500     0.9209     0.9209     0.9209     0.9209     0.9209     0.8906     0.8359     0.9209     0.9976     0.8776     0.9325     0.9325     0.9432     0.7571     0.9494     0.9078     0.9383     0.9911     0.9269     0.9209     0.7500     0.9209     0.9209     0.9209     0.9209     0.9209     0.8906     0.8359     0.9209     0.9976     0.8776     0.9933     0.9933     0.9432     0.7571     0.9494     0.9078     0.9383     0.9911     0.9269     0.9209     0.7500     0.9209     0.9209     0.9209     0.9209     0.9209     0.8906     0.8359     0.9209     0.9976     0.8776     0.8752     0.8752     0.9432     0.7571     0.9494     0.9078     0.9383     0.9911     0.9269     0.9209     0.7500     0.9209     0.9209     0.9209     0.9209     0.9209     0.8906     0.8359     0.9209     0.9976     0.8776     0.8943     0.8943     0.9432     0.7571     0.9494     0.9078     0.9383     0.9911     0.9269     0.9209     0.7500     0.9209     0.9209     0.9209     0.9209     0.9209     0.8906     0.8359     0.9209     0.9976     0.8776     0.9336     0.9117     0.9432     0.7571     0.9494     0.9078     0.9383     0.9911     0.9269     0.9209     0.7500
09/30/1958_24:00     0.9209     0.9209     0.9209     0.9209     0.9209     0.8906     0.8359     0.9209     0.9976     0.8776     0.9289     0.9289     0.9432     0.7571     0.9494     0.9078     0.9383     0.9911     0.9269     0.9209     0.7500     0.9209     0.9209     0.9209     0.9209     0.9209     0.8906     0.8359     0.9209     0.9976     0.8776     0.9003     0.9003     0.9432     0.7571     0.9494     0.9078     0.9383     0.9911     0.9269     0.9209     0.7500     0.9209     0.9209     0.9209     0.9209     0.9209     0.8906     0.8359     0.9209     0.9976     0.8776     0.9432     0.9432     0.9432     0.7571     0.9494     0.9078     0.9383     0.9911     0.9269     0.9209     0.7500     0.9209     0.9209     0.9209     0.9209     0.9209     0.8906     0.8359     0.9209     0.9976     0.8776     0.9146     0.9146     0.9432     0.7571     0.9494     0.9078     0.9383     0.9911     0.9269     0.9209     0.7500     0.9209     0.9209     0.9209     0.9209     0.9209     0.8906     0.8359     0.9209     0.9976     0.8776     0.9504     0.9504     0.9432     0.7571     0.9494     0.9078     0.9383     0.9911     0.9269     0.9209     0.7500     0.9209     0.9209     0.9209     0.9209     0.9209     0.8906     0.8359     0.9209     0.9976     0.8776     0.9074     0.9074     0.9432     0.7571     0.9494     0.9078     0.9383     0.9911     0.9269     0.9209     0.7500     0.9209     0.9209     0.9209     0.9209     0.9209     0.8906     0.8359     0.9209     0.9976     0.8776     0.9432     0.9432     0.9432     0.7571     0.9494     0.9078     0.9383     0.9911     0.9269     0.9209     0.7500     0.9209     0.9209     0.9209     0.9209     0.9209     0.8906     0.8359     0.9209     0.9976     0.8776     0.9504     0.9504     0.9432     0.7571     0.9494     0.9078     0.9383     0.9911     0.9269     0.9209     0.7500     0.9209     0.9209     0.9209     0.9209     0.9209     0.8906     0.8359     0.9209     0.9976     0.8776     0.9504     0.9504     0.9432     0.7571     0.9494     0.9078     0.9383     0.9911     0.9269     0.9209     0.7500     0.9209     0.9209     0.9209     0.9209     0.9209     0.8906     0.8359     0.9209     0.9976     0.8776     0.9146     0.9146     0.9432     0.7571     0.9494     0.9078     0.9383     0.9911     0.9269     0.9209     0.7500     0.9209     0.9209     0.9209     0.9209     0.9209     0.8906     0.8359     0.9209     0.9976     0.8776     0.9146     0.9146     0.9432     0.7571     0.9494     0.9078     0.9383     0.9911     0.9269     0.9209     0.7500     0.9209     0.9209     0.9209     0.9209     0.9209     0.8906     0.8359     0.9209     0.9976     0.8776     0.9432     0.9432     0.9432     0.7571     0.9494     0.9078     0.9383     0.9911     0.9269     0.9209     0.7500     0.9209     0.9209     0.9209     0.9209     0.9209     0.8906     0.8359     0.9209     0.9976     0.8776     0.9253     0.9253     0.9432     0.7571     0.9494     0.9078     0.9383     0.9911     0.9269     0.9209     0.7500     0.9209     0.9209     0.9209     0.9209     0.9209     0.8906     0.8359     0.9209     0.9976     0.8776     0.9289     0.9289     0.9432     0.7571     0.9494     0.9078     0.9383     0.9911     0.9269     0.9209     0.7500     0.9209     0.9209     0.9209     0.9209     0.9209     0.8906     0.8359     0.9209     0.9976     0.8776     0.9289     0.9289     0.9432     0.7571     0.9494     0.9078     0.9383     0.9911     0.9269     0.9209     0.7500     0.9209     0.9209     0.9209     0.9209     0.9209     0.8906     0.8359     0.9209     0.9976     0.8776     0.9396     0.9396     0.9432     0.7571     0.9494     0.9078     0.9383     0.9911     0.9269     0.9209     0.7500     0.9209     0.9209     0.9209     0.9209     0.9209     0.8906     0.8359     0.9209     0.9976     0.8776     0.9325     0.9325     0.9432     0.7571     0.9494     0.9078     0.9383     0.9911     0.9269     0.9209     0.7500     0.9209     0.9209     0.9209     0.9209     0.9209     0.8906     0.8359     0.9209     0.9976     0.8776     0.9933     0.9933     0.9432     0.7571     0.9494     0.9078     0.9383     0.9911     0.9269     0.9209     0.7500     0.9209     0.9209     0.9209     0.9209     0.9209     0.8906     0.8359     0.9209     0.9976     0.8776     0.8752     0.8752     0.9432     0.7571     0.9494     0.9078     0.9383     0.9911     0.9269     0.9209     0.7500     0.9209     0.9209     0.9209     0.9209     0.9209     0.8906     0.8359     0.9209     0.9976     0.8776     0.8943     0.8943     0.9432     0.7571     0.9494     0.9078     0.9383     0.9911     0.9269     0.9209     0.7500     0.9209     0.9209     0.9209     0.9209     0.9209     0.8906     0.8359     0.9209     0.9976     0.8776     0.9336     0.9117     0.9432     0.7571     0.9494     0.9078     0.9383     0.9911     0.9269     0.9209     0.7500
09/30/1959_24:00     0.9209     0.9209     0.9209     0.9209     0.9209     0.8906     0.8359     0.9209     0.9976     0.8776     0.9289     0.9289     0.9432     0.7571     0.9494     0.9078     0.9383     0.9911     0.9269     0.9209     0.7500     0.9209     0.9209     0.9209     0.9209     0.9209     0.8906     0.8359     0.9209     0.9976     0.8776     0.9003     0.9003     0.9432     0.7571     0.9494     0.9078     0.9383     0.9911     0.9269     0.9209     0.7500     0.9209     0.9209     0.9209     0.9209     0.9209     0.8906     0.8359     0.9209     0.9976     0.8776     0.9432     0.9432     0.9432     0.7571     0.9494     0.9078     0.9383     0.9911     0.9269     0.9209     0.7500     0.9209     0.9209     0.9209     0.9209     0.9209     0.8906     0.8359     0.9209     0.9976     0.8776     0.9146     0.9146     0.9432     0.7571     0.9494     0.9078     0.9383     0.9911     0.9269     0.9209     0.7500     0.9209     0.9209     0.9209     0.9209     0.9209     0.8906     0.8359     0.9209     0.9976     0.8776     0.9504     0.9504     0.9432     0.7571     0.9494     0.9078     0.9383     0.9911     0.9269     0.9209     0.7500     0.9209     0.9209     0.9209     0.9209     0.9209     0.8906     0.8359     0.9209     0.9976     0.8776     0.9074     0.9074     0.9432     0.7571     0.9494     0.9078     0.9383     0.9911     0.9269     0.9209     0.7500     0.9209     0.9209     0.9209     0.9209     0.9209     0.8906     0.8359     0.9209     0.9976     0.8776     0.9432     0.9432     0.9432     0.7571     0.9494     0.9078     0.9383     0.9911     0.9269     0.9209     0.7500     0.9209     0.9209     0.9209     0.9209     0.9209     0.8906     0.8359     0.9209     0.9976     0.8776     0.9504     0.9504     0.9432     0.7571     0.9494     0.9078     0.9383     0.9911     0.9269     0.9209     0.7500     0.9209     0.9209     0.9209     0.9209     0.9209     0.8906     0.8359     0.9209     0.9976     0.8776     0.9504     0.9504     0.9432     0.7571     0.9494     0.9078     0.9383     0.9911     0.9269     0.9209     0.7500     0.9209     0.9209     0.9209     0.9209     0.9209     0.8906     0.8359     0.9209     0.9976     0.8776     0.9146     0.9146     0.9432     0.7571     0.9494     0.9078     0.9383     0.9911     0.9269     0.9209     0.7500     0.9209     0.9209     0.9209     0.9209     0.9209     0.8906     0.8359     0.9209     0.9976     0.8776     0.9146     0.9146     0.9432     0.7571     0.9494     0.9078     0.9383     0.9911     0.9269     0.9209     0.7500     0.9209     0.9209     0.9209     0.9209     0.9209     0.8906     0.8359     0.9209     0.9976     0.8776     0.9432     0.9432     0.9432     0.7571     0.9494     0.9078     0.9383     0.9911     0.9269     0.9209     0.7500     0.9209     0.9209     0.9209     0.9209     0.9209     0.8906     0.8359     0.9209     0.9976     0.8776     0.9253     0.9253     0.9432     0.7571     0.9494     0.9078     0.9383     0.9911     0.9269     0.9209     0.7500     0.9209     0.9209     0.9209     0.9209     0.9209     0.8906     0.8359     0.9209     0.9976     0.8776     0.9289     0.9289     0.9432     0.7571     0.9494     0.9078     0.9383     0.9911     0.9269     0.9209     0.7500     0.9209     0.9209     0.9209     0.9209     0.9209     0.8906     0.8359     0.9209     0.9976     0.8776     0.9289     0.9289     0.9432     0.7571     0.9494     0.9078     0.9383     0.9911     0.9269     0.9209     0.7500     0.9209     0.9209     0.9209     0.9209     0.9209     0.8906     0.8359     0.9209     0.9976     0.8776     0.9396     0.9396     0.9432     0.7571     0.9494     0.9078     0.9383     0.9911     0.9269     0.9209     0.7500     0.9209     0.9209     0.9209     0.9209     0.9209     0.8906     0.8359     0.9209     0.9976     0.8776     0.9325     0.9325     0.9432     0.7571     0.9494     0.9078     0.9383     0.9911     0.9269     0.9209     0.7500     0.9209     0.9209     0.9209     0.9209     0.9209     0.8906     0.8359     0.9209     0.9976     0.8776     0.9933     0.9933     0.9432     0.7571     0.9494     0.9078     0.9383     0.9911     0.9269     0.9209     0.7500     0.9209     0.9209     0.9209     0.9209     0.9209     0.8906     0.8359     0.9209     0.9976     0.8776     0.8752     0.8752     0.9432     0.7571     0.9494     0.9078     0.9383     0.9911     0.9269     0.9209     0.7500     0.9209     0.9209     0.9209     0.9209     0.9209     0.8906     0.8359     0.9209     0.9976     0.8776     0.8943     0.8943     0.9432     0.7571     0.9494     0.9078     0.9383     0.9911     0.9269     0.9209     0.7500     0.9209     0.9209     0.9209     0.9209     0.9209     0.8906     0.8359     0.9209     0.9976     0.8776     0.9336     0.9117     0.9432     0.7571     0.9494     0.9078     0.9383     0.9911     0.9269     0.9209     0.7500
09/30/1960_24:00     0.9209     0.9209     0.9209     0.9209     0.9209     0.8906     0.8359     0.9209     0.9976     0.8776     0.9289     0.9289     0.9432     0.7571     0.9494     0.9078     0.9383     0.9911     0.9269     0.9209     0.7500     0.9209     0.9209     0.9209     0.9209     0.9209     0.8906     0.8359     0.9209     0.9976     0.8776     0.9003     0.9003     0.9432     0.7571     0.9494     0.9078     0.9383     0.9911     0.9269     0.9209     0.7500     0.9209     0.9209     0.9209     0.9209     0.9209     0.8906     0.8359     0.9209     0.9976     0.8776     0.9432     0.9432     0.9432     0.7571     0.9494     0.9078     0.9383     0.9911     0.9269     0.9209     0.7500     0.9209     0.9209     0.9209     0.9209     0.9209     0.8906     0.8359     0.9209     0.9976     0.8776     0.9146     0.9146     0.9432     0.7571     0.9494     0.9078     0.9383     0.9911     0.9269     0.9209     0.7500     0.9209     0.9209     0.9209     0.9209     0.9209     0.8906     0.8359     0.9209     0.9976     0.8776     0.9504     0.9504     0.9432     0.7571     0.9494     0.9078     0.9383     0.9911     0.9269     0.9209     0.7500     0.9209     0.9209     0.9209     0.9209     0.9209     0.8906     0.8359     0.9209     0.9976     0.8776     0.9074     0.9074     0.9432     0.7571     0.9494     0.9078     0.9383     0.9911     0.9269     0.9209     0.7500     0.9209     0.9209     0.9209     0.9209     0.9209     0.8906     0.8359     0.9209     0.9976     0.8776     0.9432     0.9432     0.9432     0.7571     0.9494     0.9078     0.9383     0.9911     0.9269     0.9209     0.7500     0.9209     0.9209     0.9209     0.9209     0.9209     0.8906     0.8359     0.9209     0.9976     0.8776     0.9504     0.9504     0.9432     0.7571     0.9494     0.9078     0.9383     0.9911     0.9269     0.9209     0.7500     0.9209     0.9209     0.9209     0.9209     0.9209     0.8906     0.8359     0.9209     0.9976     0.8776     0.9504     0.9504     0.9432     0.7571     0.9494     0.9078     0.9383     0.9911     0.9269     0.9209     0.7500     0.9209     0.9209     0.9209     0.9209     0.9209     0.8906     0.8359     0.9209     0.9976     0.8776     0.9146     0.9146     0.9432     0.7571     0.9494     0.9078     0.9383     0.9911     0.9269     0.9209     0.7500     0.9209     0.9209     0.9209     0.9209     0.9209     0.8906     0.8359     0.9209     0.9976     0.8776     0.9146     0.9146     0.9432     0.7571     0.9494     0.9078     0.9383     0.9911     0.9269     0.9209     0.7500     0.9209     0.9209     0.9209     0.9209     0.9209     0.8906     0.8359     0.9209     0.9976     0.8776     0.9432     0.9432     0.9432     0.7571     0.9494     0.9078     0.9383     0.9911     0.9269     0.9209     0.7500     0.9209     0.9209     0.9209     0.9209     0.9209     0.8906     0.8359     0.9209     0.9976     0.8776     0.9253     0.9253     0.9432     0.7571     0.9494     0.9078     0.9383     0.9911     0.9269     0.9209     0.7500     0.9209     0.9209     0.9209     0.9209     0.9209     0.8906     0.8359     0.9209     0.9976     0.8776     0.9289     0.9289     0.9432     0.7571     0.9494     0.9078     0.9383     0.9911     0.9269     0.9209     0.7500     0.9209     0.9209     0.9209     0.9209     0.9209     0.8906     0.8359     0.9209     0.9976     0.8776     0.9289     0.9289     0.9432     0.7571     0.9494     0.9078     0.9383     0.9911     0.9269     0.9209     0.7500     0.9209     0.9209     0.9209     0.9209     0.9209     0.8906     0.8359     0.9209     0.9976     0.8776     0.9396     0.9396     0.9432     0.7571     0.9494     0.9078     0.9383     0.9911     0.9269     0.9209     0.7500     0.9209     0.9209     0.9209     0.9209     0.9209     0.8906     0.8359     0.9209     0.9976     0.8776     0.9325     0.9325     0.9432     0.7571     0.9494     0.9078     0.9383     0.9911     0.9269     0.9209     0.7500     0.9209     0.9209     0.9209     0.9209     0.9209     0.8906     0.8359     0.9209     0.9976     0.8776     0.9933     0.9933     0.9432     0.7571     0.9494     0.9078     0.9383     0.9911     0.9269     0.9209     0.7500     0.9209     0.9209     0.9209     0.9209     0.9209     0.8906     0.8359     0.9209     0.9976     0.8776     0.8752     0.8752     0.9432     0.7571     0.9494     0.9078     0.9383     0.9911     0.9269     0.9209     0.7500     0.9209     0.9209     0.9209     0.9209     0.9209     0.8906     0.8359     0.9209     0.9976     0.8776     0.8943     0.8943     0.9432     0.7571     0.9494     0.9078     0.9383     0.9911     0.9269     0.9209     0.7500     0.9209     0.9209     0.9209     0.9209     0.9209     0.8906     0.8359     0.9209     0.9976     0.8776     0.9336     0.9117     0.9432     0.7571     0.9494     0.9078     0.9383     0.9911     0.9269     0.9209     0.7500
09/30/1961_24:00     0.9209     0.9209     0.9209     0.9209     0.9209     0.8906     0.8359     0.9209     0.9976     0.8776     0.9289     0.9289     0.9432     0.7571     0.9494     0.9078     0.9383     0.9911     0.9269     0.9209     0.7500     0.9209     0.9209     0.9209     0.9209     0.9209     0.8906     0.8359     0.9209     0.9976     0.8776     0.9003     0.9003     0.9432     0.7571     0.9494     0.9078     0.9383     0.9911     0.9269     0.9209     0.7500     0.9209     0.9209     0.9209     0.9209     0.9209     0.8906     0.8359     0.9209     0.9976     0.8776     0.9432     0.9432     0.9432     0.7571     0.9494     0.9078     0.9383     0.9911     0.9269     0.9209     0.7500     0.9209     0.9209     0.9209     0.9209     0.9209     0.8906     0.8359     0.9209     0.9976     0.8776     0.9146     0.9146     0.9432     0.7571     0.9494     0.9078     0.9383     0.9911     0.9269     0.9209     0.7500     0.9209     0.9209     0.9209     0.9209     0.9209     0.8906     0.8359     0.9209     0.9976     0.8776     0.9504     0.9504     0.9432     0.7571     0.9494     0.9078     0.9383     0.9911     0.9269     0.9209     0.7500     0.9209     0.9209     0.9209     0.9209     0.9209     0.8906     0.8359     0.9209     0.9976     0.8776     0.9074     0.9074     0.9432     0.7571     0.9494     0.9078     0.9383     0.9911     0.9269     0.9209     0.7500     0.9209     0.9209     0.9209     0.9209     0.9209     0.8906     0.8359     0.9209     0.9976     0.8776     0.9432     0.9432     0.9432     0.7571     0.9494     0.9078     0.9383     0.9911     0.9269     0.9209     0.7500     0.9209     0.9209     0.9209     0.9209     0.9209     0.8906     0.8359     0.9209     0.9976     0.8776     0.9504     0.9504     0.9432     0.7571     0.9494     0.9078     0.9383     0.9911     0.9269     0.9209     0.7500     0.9209     0.9209     0.9209     0.9209     0.9209     0.8906     0.8359     0.9209     0.9976     0.8776     0.9504     0.9504     0.9432     0.7571     0.9494     0.9078     0.9383     0.9911     0.9269     0.9209     0.7500     0.9209     0.9209     0.9209     0.9209     0.9209     0.8906     0.8359     0.9209     0.9976     0.8776     0.9146     0.9146     0.9432     0.7571     0.9494     0.9078     0.9383     0.9911     0.9269     0.9209     0.7500     0.9209     0.9209     0.9209     0.9209     0.9209     0.8906     0.8359     0.9209     0.9976     0.8776     0.9146     0.9146     0.9432     0.7571     0.9494     0.9078     0.9383     0.9911     0.9269     0.9209     0.7500     0.9209     0.9209     0.9209     0.9209     0.9209     0.8906     0.8359     0.9209     0.9976     0.8776     0.9432     0.9432     0.9432     0.7571     0.9494     0.9078     0.9383     0.9911     0.9269     0.9209     0.7500     0.9209     0.9209     0.9209     0.9209     0.9209     0.8906     0.8359     0.9209     0.9976     0.8776     0.9253     0.9253     0.9432     0.7571     0.9494     0.9078     0.9383     0.9911     0.9269     0.9209     0.7500     0.9209     0.9209     0.9209     0.9209     0.9209     0.8906     0.8359     0.9209     0.9976     0.8776     0.9289     0.9289     0.9432     0.7571     0.9494     0.9078     0.9383     0.9911     0.9269     0.9209     0.7500     0.9209     0.9209     0.9209     0.9209     0.9209     0.8906     0.8359     0.9209     0.9976     0.8776     0.9289     0.9289     0.9432     0.7571     0.9494     0.9078     0.9383     0.9911     0.9269     0.9209     0.7500     0.9209     0.9209     0.9209     0.9209     0.9209     0.8906     0.8359     0.9209     0.9976     0.8776     0.9396     0.9396     0.9432     0.7571     0.9494     0.9078     0.9383     0.9911     0.9269     0.9209     0.7500     0.9209     0.9209     0.9209     0.9209     0.9209     0.8906     0.8359     0.9209     0.9976     0.8776     0.9325     0.9325     0.9432     0.7571     0.9494     0.9078     0.9383     0.9911     0.9269     0.9209     0.7500     0.9209     0.9209     0.9209     0.9209     0.9209     0.8906     0.8359     0.9209     0.9976     0.8776     0.9933     0.9933     0.9432     0.7571     0.9494     0.9078     0.9383     0.9911     0.9269     0.9209     0.7500     0.9209     0.9209     0.9209     0.9209     0.9209     0.8906     0.8359     0.9209     0.9976     0.8776     0.8752     0.8752     0.9432     0.7571     0.9494     0.9078     0.9383     0.9911     0.9269     0.9209     0.7500     0.9209     0.9209     0.9209     0.9209     0.9209     0.8906     0.8359     0.9209     0.9976     0.8776     0.8943     0.8943     0.9432     0.7571     0.9494     0.9078     0.9383     0.9911     0.9269     0.9209     0.7500     0.9209     0.9209     0.9209     0.9209     0.9209     0.8906     0.8359     0.9209     0.9976     0.8776     0.9336     0.9117     0.9432     0.7571     0.9494     0.9078     0.9383     0.9911     0.9269     0.9209     0.7500
09/30/1962_24:00     0.9209     0.9209     0.9209     0.9209     0.9209     0.8906     0.8359     0.9209     0.9976     0.8776     0.9289     0.9289     0.9432     0.7571     0.9494     0.9078     0.9383     0.9911     0.9269     0.9209     0.7500     0.9209     0.9209     0.9209     0.9209     0.9209     0.8906     0.8359     0.9209     0.9976     0.8776     0.9003     0.9003     0.9432     0.7571     0.9494     0.9078     0.9383     0.9911     0.9269     0.9209     0.7500     0.9209     0.9209     0.9209     0.9209     0.9209     0.8906     0.8359     0.9209     0.9976     0.8776     0.9432     0.9432     0.9432     0.7571     0.9494     0.9078     0.9383     0.9911     0.9269     0.9209     0.7500     0.9209     0.9209     0.9209     0.9209     0.9209     0.8906     0.8359     0.9209     0.9976     0.8776     0.9146     0.9146     0.9432     0.7571     0.9494     0.9078     0.9383     0.9911     0.9269     0.9209     0.7500     0.9209     0.9209     0.9209     0.9209     0.9209     0.8906     0.8359     0.9209     0.9976     0.8776     0.9504     0.9504     0.9432     0.7571     0.9494     0.9078     0.9383     0.9911     0.9269     0.9209     0.7500     0.9209     0.9209     0.9209     0.9209     0.9209     0.8906     0.8359     0.9209     0.9976     0.8776     0.9074     0.9074     0.9432     0.7571     0.9494     0.9078     0.9383     0.9911     0.9269     0.9209     0.7500     0.9209     0.9209     0.9209     0.9209     0.9209     0.8906     0.8359     0.9209     0.9976     0.8776     0.9432     0.9432     0.9432     0.7571     0.9494     0.9078     0.9383     0.9911     0.9269     0.9209     0.7500     0.9209     0.9209     0.9209     0.9209     0.9209     0.8906     0.8359     0.9209     0.9976     0.8776     0.9504     0.9504     0.9432     0.7571     0.9494     0.9078     0.9383     0.9911     0.9269     0.9209     0.7500     0.9209     0.9209     0.9209     0.9209     0.9209     0.8906     0.8359     0.9209     0.9976     0.8776     0.9504     0.9504     0.9432     0.7571     0.9494     0.9078     0.9383     0.9911     0.9269     0.9209     0.7500     0.9209     0.9209     0.9209     0.9209     0.9209     0.8906     0.8359     0.9209     0.9976     0.8776     0.9146     0.9146     0.9432     0.7571     0.9494     0.9078     0.9383     0.9911     0.9269     0.9209     0.7500     0.9209     0.9209     0.9209     0.9209     0.9209     0.8906     0.8359     0.9209     0.9976     0.8776     0.9146     0.9146     0.9432     0.7571     0.9494     0.9078     0.9383     0.9911     0.9269     0.9209     0.7500     0.9209     0.9209     0.9209     0.9209     0.9209     0.8906     0.8359     0.9209     0.9976     0.8776     0.9432     0.9432     0.9432     0.7571     0.9494     0.9078     0.9383     0.9911     0.9269     0.9209     0.7500     0.9209     0.9209     0.9209     0.9209     0.9209     0.8906     0.8359     0.9209     0.9976     0.8776     0.9253     0.9253     0.9432     0.7571     0.9494     0.9078     0.9383     0.9911     0.9269     0.9209     0.7500     0.9209     0.9209     0.9209     0.9209     0.9209     0.8906     0.8359     0.9209     0.9976     0.8776     0.9289     0.9289     0.9432     0.7571     0.9494     0.9078     0.9383     0.9911     0.9269     0.9209     0.7500     0.9209     0.9209     0.9209     0.9209     0.9209     0.8906     0.8359     0.9209     0.9976     0.8776     0.9289     0.9289     0.9432     0.7571     0.9494     0.9078     0.9383     0.9911     0.9269     0.9209     0.7500     0.9209     0.9209     0.9209     0.9209     0.9209     0.8906     0.8359     0.9209     0.9976     0.8776     0.9396     0.9396     0.9432     0.7571     0.9494     0.9078     0.9383     0.9911     0.9269     0.9209     0.7500     0.9209     0.9209     0.9209     0.9209     0.9209     0.8906     0.8359     0.9209     0.9976     0.8776     0.9325     0.9325     0.9432     0.7571     0.9494     0.9078     0.9383     0.9911     0.9269     0.9209     0.7500     0.9209     0.9209     0.9209     0.9209     0.9209     0.8906     0.8359     0.9209     0.9976     0.8776     0.9933     0.9933     0.9432     0.7571     0.9494     0.9078     0.9383     0.9911     0.9269     0.9209     0.7500     0.9209     0.9209     0.9209     0.9209     0.9209     0.8906     0.8359     0.9209     0.9976     0.8776     0.8752     0.8752     0.9432     0.7571     0.9494     0.9078     0.9383     0.9911     0.9269     0.9209     0.7500     0.9209     0.9209     0.9209     0.9209     0.9209     0.8906     0.8359     0.9209     0.9976     0.8776     0.8943     0.8943     0.9432     0.7571     0.9494     0.9078     0.9383     0.9911     0.9269     0.9209     0.7500     0.9209     0.9209     0.9209     0.9209     0.9209     0.8906     0.8359     0.9209     0.9976     0.8776     0.9336     0.9117     0.9432     0.7571     0.9494     0.9078     0.9383     0.9911     0.9269     0.9209     0.7500
09/30/1963_24:00     0.9209     0.9209     0.9209     0.9209     0.9209     0.8906     0.8359     0.9209     0.9976     0.8776     0.9289     0.9289     0.9432     0.7571     0.9494     0.9078     0.9383     0.9911     0.9269     0.9209     0.7500     0.9209     0.9209     0.9209     0.9209     0.9209     0.8906     0.8359     0.9209     0.9976     0.8776     0.9003     0.9003     0.9432     0.7571     0.9494     0.9078     0.9383     0.9911     0.9269     0.9209     0.7500     0.9209     0.9209     0.9209     0.9209     0.9209     0.8906     0.8359     0.9209     0.9976     0.8776     0.9432     0.9432     0.9432     0.7571     0.9494     0.9078     0.9383     0.9911     0.9269     0.9209     0.7500     0.9209     0.9209     0.9209     0.9209     0.9209     0.8906     0.8359     0.9209     0.9976     0.8776     0.9146     0.9146     0.9432     0.7571     0.9494     0.9078     0.9383     0.9911     0.9269     0.9209     0.7500     0.9209     0.9209     0.9209     0.9209     0.9209     0.8906     0.8359     0.9209     0.9976     0.8776     0.9504     0.9504     0.9432     0.7571     0.9494     0.9078     0.9383     0.9911     0.9269     0.9209     0.7500     0.9209     0.9209     0.9209     0.9209     0.9209     0.8906     0.8359     0.9209     0.9976     0.8776     0.9074     0.9074     0.9432     0.7571     0.9494     0.9078     0.9383     0.9911     0.9269     0.9209     0.7500     0.9209     0.9209     0.9209     0.9209     0.9209     0.8906     0.8359     0.9209     0.9976     0.8776     0.9432     0.9432     0.9432     0.7571     0.9494     0.9078     0.9383     0.9911     0.9269     0.9209     0.7500     0.9209     0.9209     0.9209     0.9209     0.9209     0.8906     0.8359     0.9209     0.9976     0.8776     0.9504     0.9504     0.9432     0.7571     0.9494     0.9078     0.9383     0.9911     0.9269     0.9209     0.7500     0.9209     0.9209     0.9209     0.9209     0.9209     0.8906     0.8359     0.9209     0.9976     0.8776     0.9504     0.9504     0.9432     0.7571     0.9494     0.9078     0.9383     0.9911     0.9269     0.9209     0.7500     0.9209     0.9209     0.9209     0.9209     0.9209     0.8906     0.8359     0.9209     0.9976     0.8776     0.9146     0.9146     0.9432     0.7571     0.9494     0.9078     0.9383     0.9911     0.9269     0.9209     0.7500     0.9209     0.9209     0.9209     0.9209     0.9209     0.8906     0.8359     0.9209     0.9976     0.8776     0.9146     0.9146     0.9432     0.7571     0.9494     0.9078     0.9383     0.9911     0.9269     0.9209     0.7500     0.9209     0.9209     0.9209     0.9209     0.9209     0.8906     0.8359     0.9209     0.9976     0.8776     0.9432     0.9432     0.9432     0.7571     0.9494     0.9078     0.9383     0.9911     0.9269     0.9209     0.7500     0.9209     0.9209     0.9209     0.9209     0.9209     0.8906     0.8359     0.9209     0.9976     0.8776     0.9253     0.9253     0.9432     0.7571     0.9494     0.9078     0.9383     0.9911     0.9269     0.9209     0.7500     0.9209     0.9209     0.9209     0.9209     0.9209     0.8906     0.8359     0.9209     0.9976     0.8776     0.9289     0.9289     0.9432     0.7571     0.9494     0.9078     0.9383     0.9911     0.9269     0.9209     0.7500     0.9209     0.9209     0.9209     0.9209     0.9209     0.8906     0.8359     0.9209     0.9976     0.8776     0.9289     0.9289     0.9432     0.7571     0.9494     0.9078     0.9383     0.9911     0.9269     0.9209     0.7500     0.9209     0.9209     0.9209     0.9209     0.9209     0.8906     0.8359     0.9209     0.9976     0.8776     0.9396     0.9396     0.9432     0.7571     0.9494     0.9078     0.9383     0.9911     0.9269     0.9209     0.7500     0.9209     0.9209     0.9209     0.9209     0.9209     0.8906     0.8359     0.9209     0.9976     0.8776     0.9325     0.9325     0.9432     0.7571     0.9494     0.9078     0.9383     0.9911     0.9269     0.9209     0.7500     0.9209     0.9209     0.9209     0.9209     0.9209     0.8906     0.8359     0.9209     0.9976     0.8776     0.9933     0.9933     0.9432     0.7571     0.9494     0.9078     0.9383     0.9911     0.9269     0.9209     0.7500     0.9209     0.9209     0.9209     0.9209     0.9209     0.8906     0.8359     0.9209     0.9976     0.8776     0.8752     0.8752     0.9432     0.7571     0.9494     0.9078     0.9383     0.9911     0.9269     0.9209     0.7500     0.9209     0.9209     0.9209     0.9209     0.9209     0.8906     0.8359     0.9209     0.9976     0.8776     0.8943     0.8943     0.9432     0.7571     0.9494     0.9078     0.9383     0.9911     0.9269     0.9209     0.7500     0.9209     0.9209     0.9209     0.9209     0.9209     0.8906     0.8359     0.9209     0.9976     0.8776     0.9336     0.9117     0.9432     0.7571     0.9494     0.9078     0.9383     0.9911     0.9269     0.9209     0.7500
09/30/1964_24:00     0.9209     0.9209     0.9209     0.9209     0.9209     0.8906     0.8359     0.9209     0.9976     0.8776     0.9289     0.9289     0.9432     0.7571     0.9494     0.9078     0.9383     0.9911     0.9269     0.9209     0.7500     0.9209     0.9209     0.9209     0.9209     0.9209     0.8906     0.8359     0.9209     0.9976     0.8776     0.9003     0.9003     0.9432     0.7571     0.9494     0.9078     0.9383     0.9911     0.9269     0.9209     0.7500     0.9209     0.9209     0.9209     0.9209     0.9209     0.8906     0.8359     0.9209     0.9976     0.8776     0.9432     0.9432     0.9432     0.7571     0.9494     0.9078     0.9383     0.9911     0.9269     0.9209     0.7500     0.9209     0.9209     0.9209     0.9209     0.9209     0.8906     0.8359     0.9209     0.9976     0.8776     0.9146     0.9146     0.9432     0.7571     0.9494     0.9078     0.9383     0.9911     0.9269     0.9209     0.7500     0.9209     0.9209     0.9209     0.9209     0.9209     0.8906     0.8359     0.9209     0.9976     0.8776     0.9504     0.9504     0.9432     0.7571     0.9494     0.9078     0.9383     0.9911     0.9269     0.9209     0.7500     0.9209     0.9209     0.9209     0.9209     0.9209     0.8906     0.8359     0.9209     0.9976     0.8776     0.9074     0.9074     0.9432     0.7571     0.9494     0.9078     0.9383     0.9911     0.9269     0.9209     0.7500     0.9209     0.9209     0.9209     0.9209     0.9209     0.8906     0.8359     0.9209     0.9976     0.8776     0.9432     0.9432     0.9432     0.7571     0.9494     0.9078     0.9383     0.9911     0.9269     0.9209     0.7500     0.9209     0.9209     0.9209     0.9209     0.9209     0.8906     0.8359     0.9209     0.9976     0.8776     0.9504     0.9504     0.9432     0.7571     0.9494     0.9078     0.9383     0.9911     0.9269     0.9209     0.7500     0.9209     0.9209     0.9209     0.9209     0.9209     0.8906     0.8359     0.9209     0.9976     0.8776     0.9504     0.9504     0.9432     0.7571     0.9494     0.9078     0.9383     0.9911     0.9269     0.9209     0.7500     0.9209     0.9209     0.9209     0.9209     0.9209     0.8906     0.8359     0.9209     0.9976     0.8776     0.9146     0.9146     0.9432     0.7571     0.9494     0.9078     0.9383     0.9911     0.9269     0.9209     0.7500     0.9209     0.9209     0.9209     0.9209     0.9209     0.8906     0.8359     0.9209     0.9976     0.8776     0.9146     0.9146     0.9432     0.7571     0.9494     0.9078     0.9383     0.9911     0.9269     0.9209     0.7500     0.9209     0.9209     0.9209     0.9209     0.9209     0.8906     0.8359     0.9209     0.9976     0.8776     0.9432     0.9432     0.9432     0.7571     0.9494     0.9078     0.9383     0.9911     0.9269     0.9209     0.7500     0.9209     0.9209     0.9209     0.9209     0.9209     0.8906     0.8359     0.9209     0.9976     0.8776     0.9253     0.9253     0.9432     0.7571     0.9494     0.9078     0.9383     0.9911     0.9269     0.9209     0.7500     0.9209     0.9209     0.9209     0.9209     0.9209     0.8906     0.8359     0.9209     0.9976     0.8776     0.9289     0.9289     0.9432     0.7571     0.9494     0.9078     0.9383     0.9911     0.9269     0.9209     0.7500     0.9209     0.9209     0.9209     0.9209     0.9209     0.8906     0.8359     0.9209     0.9976     0.8776     0.9289     0.9289     0.9432     0.7571     0.9494     0.9078     0.9383     0.9911     0.9269     0.9209     0.7500     0.9209     0.9209     0.9209     0.9209     0.9209     0.8906     0.8359     0.9209     0.9976     0.8776     0.9396     0.9396     0.9432     0.7571     0.9494     0.9078     0.9383     0.9911     0.9269     0.9209     0.7500     0.9209     0.9209     0.9209     0.9209     0.9209     0.8906     0.8359     0.9209     0.9976     0.8776     0.9325     0.9325     0.9432     0.7571     0.9494     0.9078     0.9383     0.9911     0.9269     0.9209     0.7500     0.9209     0.9209     0.9209     0.9209     0.9209     0.8906     0.8359     0.9209     0.9976     0.8776     0.9933     0.9933     0.9432     0.7571     0.9494     0.9078     0.9383     0.9911     0.9269     0.9209     0.7500     0.9209     0.9209     0.9209     0.9209     0.9209     0.8906     0.8359     0.9209     0.9976     0.8776     0.8752     0.8752     0.9432     0.7571     0.9494     0.9078     0.9383     0.9911     0.9269     0.9209     0.7500     0.9209     0.9209     0.9209     0.9209     0.9209     0.8906     0.8359     0.9209     0.9976     0.8776     0.8943     0.8943     0.9432     0.7571     0.9494     0.9078     0.9383     0.9911     0.9269     0.9209     0.7500     0.9209     0.9209     0.9209     0.9209     0.9209     0.8906     0.8359     0.9209     0.9976     0.8776     0.9336     0.9117     0.9432     0.7571     0.9494     0.9078     0.9383     0.9911     0.9269     0.9209     0.7500
09/30/1965_24:00     0.9209     0.9209     0.9209     0.9209     0.9209     0.8906     0.8359     0.9209     0.9976     0.8776     0.9289     0.9289     0.9432     0.7571     0.9494     0.9078     0.9383     0.9911     0.9269     0.9209     0.7500     0.9209     0.9209     0.9209     0.9209     0.9209     0.8906     0.8359     0.9209     0.9976     0.8776     0.9003     0.9003     0.9432     0.7571     0.9494     0.9078     0.9383     0.9911     0.9269     0.9209     0.7500     0.9209     0.9209     0.9209     0.9209     0.9209     0.8906     0.8359     0.9209     0.9976     0.8776     0.9432     0.9432     0.9432     0.7571     0.9494     0.9078     0.9383     0.9911     0.9269     0.9209     0.7500     0.9209     0.9209     0.9209     0.9209     0.9209     0.8906     0.8359     0.9209     0.9976     0.8776     0.9146     0.9146     0.9432     0.7571     0.9494     0.9078     0.9383     0.9911     0.9269     0.9209     0.7500     0.9209     0.9209     0.9209     0.9209     0.9209     0.8906     0.8359     0.9209     0.9976     0.8776     0.9504     0.9504     0.9432     0.7571     0.9494     0.9078     0.9383     0.9911     0.9269     0.9209     0.7500     0.9209     0.9209     0.9209     0.9209     0.9209     0.8906     0.8359     0.9209     0.9976     0.8776     0.9074     0.9074     0.9432     0.7571     0.9494     0.9078     0.9383     0.9911     0.9269     0.9209     0.7500     0.9209     0.9209     0.9209     0.9209     0.9209     0.8906     0.8359     0.9209     0.9976     0.8776     0.9432     0.9432     0.9432     0.7571     0.9494     0.9078     0.9383     0.9911     0.9269     0.9209     0.7500     0.9209     0.9209     0.9209     0.9209     0.9209     0.8906     0.8359     0.9209     0.9976     0.8776     0.9504     0.9504     0.9432     0.7571     0.9494     0.9078     0.9383     0.9911     0.9269     0.9209     0.7500     0.9209     0.9209     0.9209     0.9209     0.9209     0.8906     0.8359     0.9209     0.9976     0.8776     0.9504     0.9504     0.9432     0.7571     0.9494     0.9078     0.9383     0.9911     0.9269     0.9209     0.7500     0.9209     0.9209     0.9209     0.9209     0.9209     0.8906     0.8359     0.9209     0.9976     0.8776     0.9146     0.9146     0.9432     0.7571     0.9494     0.9078     0.9383     0.9911     0.9269     0.9209     0.7500     0.9209     0.9209     0.9209     0.9209     0.9209     0.8906     0.8359     0.9209     0.9976     0.8776     0.9146     0.9146     0.9432     0.7571     0.9494     0.9078     0.9383     0.9911     0.9269     0.9209     0.7500     0.9209     0.9209     0.9209     0.9209     0.9209     0.8906     0.8359     0.9209     0.9976     0.8776     0.9432     0.9432     0.9432     0.7571     0.9494     0.9078     0.9383     0.9911     0.9269     0.9209     0.7500     0.9209     0.9209     0.9209     0.9209     0.9209     0.8906     0.8359     0.9209     0.9976     0.8776     0.9253     0.9253     0.9432     0.7571     0.9494     0.9078     0.9383     0.9911     0.9269     0.9209     0.7500     0.9209     0.9209     0.9209     0.9209     0.9209     0.8906     0.8359     0.9209     0.9976     0.8776     0.9289     0.9289     0.9432     0.7571     0.9494     0.9078     0.9383     0.9911     0.9269     0.9209     0.7500     0.9209     0.9209     0.9209     0.9209     0.9209     0.8906     0.8359     0.9209     0.9976     0.8776     0.9289     0.9289     0.9432     0.7571     0.9494     0.9078     0.9383     0.9911     0.9269     0.9209     0.7500     0.9209     0.9209     0.9209     0.9209     0.9209     0.8906     0.8359     0.9209     0.9976     0.8776     0.9396     0.9396     0.9432     0.7571     0.9494     0.9078     0.9383     0.9911     0.9269     0.9209     0.7500     0.9209     0.9209     0.9209     0.9209     0.9209     0.8906     0.8359     0.9209     0.9976     0.8776     0.9325     0.9325     0.9432     0.7571     0.9494     0.9078     0.9383     0.9911     0.9269     0.9209     0.7500     0.9209     0.9209     0.9209     0.9209     0.9209     0.8906     0.8359     0.9209     0.9976     0.8776     0.9933     0.9933     0.9432     0.7571     0.9494     0.9078     0.9383     0.9911     0.9269     0.9209     0.7500     0.9209     0.9209     0.9209     0.9209     0.9209     0.8906     0.8359     0.9209     0.9976     0.8776     0.8752     0.8752     0.9432     0.7571     0.9494     0.9078     0.9383     0.9911     0.9269     0.9209     0.7500     0.9209     0.9209     0.9209     0.9209     0.9209     0.8906     0.8359     0.9209     0.9976     0.8776     0.8943     0.8943     0.9432     0.7571     0.9494     0.9078     0.9383     0.9911     0.9269     0.9209     0.7500     0.9209     0.9209     0.9209     0.9209     0.9209     0.8906     0.8359     0.9209     0.9976     0.8776     0.9336     0.9117     0.9432     0.7571     0.9494     0.9078     0.9383     0.9911     0.9269     0.9209     0.7500
09/30/1966_24:00     0.9209     0.9209     0.9209     0.9209     0.9209     0.8906     0.8359     0.9209     0.9976     0.8776     0.9289     0.9289     0.9432     0.7571     0.9494     0.9078     0.9383     0.9911     0.9269     0.9209     0.7500     0.9209     0.9209     0.9209     0.9209     0.9209     0.8906     0.8359     0.9209     0.9976     0.8776     0.9003     0.9003     0.9432     0.7571     0.9494     0.9078     0.9383     0.9911     0.9269     0.9209     0.7500     0.9209     0.9209     0.9209     0.9209     0.9209     0.8906     0.8359     0.9209     0.9976     0.8776     0.9432     0.9432     0.9432     0.7571     0.9494     0.9078     0.9383     0.9911     0.9269     0.9209     0.7500     0.9209     0.9209     0.9209     0.9209     0.9209     0.8906     0.8359     0.9209     0.9976     0.8776     0.9146     0.9146     0.9432     0.7571     0.9494     0.9078     0.9383     0.9911     0.9269     0.9209     0.7500     0.9209     0.9209     0.9209     0.9209     0.9209     0.8906     0.8359     0.9209     0.9976     0.8776     0.9504     0.9504     0.9432     0.7571     0.9494     0.9078     0.9383     0.9911     0.9269     0.9209     0.7500     0.9209     0.9209     0.9209     0.9209     0.9209     0.8906     0.8359     0.9209     0.9976     0.8776     0.9074     0.9074     0.9432     0.7571     0.9494     0.9078     0.9383     0.9911     0.9269     0.9209     0.7500     0.9209     0.9209     0.9209     0.9209     0.9209     0.8906     0.8359     0.9209     0.9976     0.8776     0.9432     0.9432     0.9432     0.7571     0.9494     0.9078     0.9383     0.9911     0.9269     0.9209     0.7500     0.9209     0.9209     0.9209     0.9209     0.9209     0.8906     0.8359     0.9209     0.9976     0.8776     0.9504     0.9504     0.9432     0.7571     0.9494     0.9078     0.9383     0.9911     0.9269     0.9209     0.7500     0.9209     0.9209     0.9209     0.9209     0.9209     0.8906     0.8359     0.9209     0.9976     0.8776     0.9504     0.9504     0.9432     0.7571     0.9494     0.9078     0.9383     0.9911     0.9269     0.9209     0.7500     0.9209     0.9209     0.9209     0.9209     0.9209     0.8906     0.8359     0.9209     0.9976     0.8776     0.9146     0.9146     0.9432     0.7571     0.9494     0.9078     0.9383     0.9911     0.9269     0.9209     0.7500     0.9209     0.9209     0.9209     0.9209     0.9209     0.8906     0.8359     0.9209     0.9976     0.8776     0.9146     0.9146     0.9432     0.7571     0.9494     0.9078     0.9383     0.9911     0.9269     0.9209     0.7500     0.9209     0.9209     0.9209     0.9209     0.9209     0.8906     0.8359     0.9209     0.9976     0.8776     0.9432     0.9432     0.9432     0.7571     0.9494     0.9078     0.9383     0.9911     0.9269     0.9209     0.7500     0.9209     0.9209     0.9209     0.9209     0.9209     0.8906     0.8359     0.9209     0.9976     0.8776     0.9253     0.9253     0.9432     0.7571     0.9494     0.9078     0.9383     0.9911     0.9269     0.9209     0.7500     0.9209     0.9209     0.9209     0.9209     0.9209     0.8906     0.8359     0.9209     0.9976     0.8776     0.9289     0.9289     0.9432     0.7571     0.9494     0.9078     0.9383     0.9911     0.9269     0.9209     0.7500     0.9209     0.9209     0.9209     0.9209     0.9209     0.8906     0.8359     0.9209     0.9976     0.8776     0.9289     0.9289     0.9432     0.7571     0.9494     0.9078     0.9383     0.9911     0.9269     0.9209     0.7500     0.9209     0.9209     0.9209     0.9209     0.9209     0.8906     0.8359     0.9209     0.9976     0.8776     0.9396     0.9396     0.9432     0.7571     0.9494     0.9078     0.9383     0.9911     0.9269     0.9209     0.7500     0.9209     0.9209     0.9209     0.9209     0.9209     0.8906     0.8359     0.9209     0.9976     0.8776     0.9325     0.9325     0.9432     0.7571     0.9494     0.9078     0.9383     0.9911     0.9269     0.9209     0.7500     0.9209     0.9209     0.9209     0.9209     0.9209     0.8906     0.8359     0.9209     0.9976     0.8776     0.9933     0.9933     0.9432     0.7571     0.9494     0.9078     0.9383     0.9911     0.9269     0.9209     0.7500     0.9209     0.9209     0.9209     0.9209     0.9209     0.8906     0.8359     0.9209     0.9976     0.8776     0.8752     0.8752     0.9432     0.7571     0.9494     0.9078     0.9383     0.9911     0.9269     0.9209     0.7500     0.9209     0.9209     0.9209     0.9209     0.9209     0.8906     0.8359     0.9209     0.9976     0.8776     0.8943     0.8943     0.9432     0.7571     0.9494     0.9078     0.9383     0.9911     0.9269     0.9209     0.7500     0.9209     0.9209     0.9209     0.9209     0.9209     0.8906     0.8359     0.9209     0.9976     0.8776     0.9336     0.9117     0.9432     0.7571     0.9494     0.9078     0.9383     0.9911     0.9269     0.9209     0.7500
09/30/1967_24:00     0.9209     0.9209     0.9209     0.9209     0.9209     0.8906     0.8359     0.9209     0.9976     0.8776     0.9289     0.9289     0.9432     0.7571     0.9494     0.9078     0.9383     0.9911     0.9269     0.9209     0.7500     0.9209     0.9209     0.9209     0.9209     0.9209     0.8906     0.8359     0.9209     0.9976     0.8776     0.9003     0.9003     0.9432     0.7571     0.9494     0.9078     0.9383     0.9911     0.9269     0.9209     0.7500     0.9209     0.9209     0.9209     0.9209     0.9209     0.8906     0.8359     0.9209     0.9976     0.8776     0.9432     0.9432     0.9432     0.7571     0.9494     0.9078     0.9383     0.9911     0.9269     0.9209     0.7500     0.9209     0.9209     0.9209     0.9209     0.9209     0.8906     0.8359     0.9209     0.9976     0.8776     0.9146     0.9146     0.9432     0.7571     0.9494     0.9078     0.9383     0.9911     0.9269     0.9209     0.7500     0.9209     0.9209     0.9209     0.9209     0.9209     0.8906     0.8359     0.9209     0.9976     0.8776     0.9504     0.9504     0.9432     0.7571     0.9494     0.9078     0.9383     0.9911     0.9269     0.9209     0.7500     0.9209     0.9209     0.9209     0.9209     0.9209     0.8906     0.8359     0.9209     0.9976     0.8776     0.9074     0.9074     0.9432     0.7571     0.9494     0.9078     0.9383     0.9911     0.9269     0.9209     0.7500     0.9209     0.9209     0.9209     0.9209     0.9209     0.8906     0.8359     0.9209     0.9976     0.8776     0.9432     0.9432     0.9432     0.7571     0.9494     0.9078     0.9383     0.9911     0.9269     0.9209     0.7500     0.9209     0.9209     0.9209     0.9209     0.9209     0.8906     0.8359     0.9209     0.9976     0.8776     0.9504     0.9504     0.9432     0.7571     0.9494     0.9078     0.9383     0.9911     0.9269     0.9209     0.7500     0.9209     0.9209     0.9209     0.9209     0.9209     0.8906     0.8359     0.9209     0.9976     0.8776     0.9504     0.9504     0.9432     0.7571     0.9494     0.9078     0.9383     0.9911     0.9269     0.9209     0.7500     0.9209     0.9209     0.9209     0.9209     0.9209     0.8906     0.8359     0.9209     0.9976     0.8776     0.9146     0.9146     0.9432     0.7571     0.9494     0.9078     0.9383     0.9911     0.9269     0.9209     0.7500     0.9209     0.9209     0.9209     0.9209     0.9209     0.8906     0.8359     0.9209     0.9976     0.8776     0.9146     0.9146     0.9432     0.7571     0.9494     0.9078     0.9383     0.9911     0.9269     0.9209     0.7500     0.9209     0.9209     0.9209     0.9209     0.9209     0.8906     0.8359     0.9209     0.9976     0.8776     0.9432     0.9432     0.9432     0.7571     0.9494     0.9078     0.9383     0.9911     0.9269     0.9209     0.7500     0.9209     0.9209     0.9209     0.9209     0.9209     0.8906     0.8359     0.9209     0.9976     0.8776     0.9253     0.9253     0.9432     0.7571     0.9494     0.9078     0.9383     0.9911     0.9269     0.9209     0.7500     0.9209     0.9209     0.9209     0.9209     0.9209     0.8906     0.8359     0.9209     0.9976     0.8776     0.9289     0.9289     0.9432     0.7571     0.9494     0.9078     0.9383     0.9911     0.9269     0.9209     0.7500     0.9209     0.9209     0.9209     0.9209     0.9209     0.8906     0.8359     0.9209     0.9976     0.8776     0.9289     0.9289     0.9432     0.7571     0.9494     0.9078     0.9383     0.9911     0.9269     0.9209     0.7500     0.9209     0.9209     0.9209     0.9209     0.9209     0.8906     0.8359     0.9209     0.9976     0.8776     0.9396     0.9396     0.9432     0.7571     0.9494     0.9078     0.9383     0.9911     0.9269     0.9209     0.7500     0.9209     0.9209     0.9209     0.9209     0.9209     0.8906     0.8359     0.9209     0.9976     0.8776     0.9325     0.9325     0.9432     0.7571     0.9494     0.9078     0.9383     0.9911     0.9269     0.9209     0.7500     0.9209     0.9209     0.9209     0.9209     0.9209     0.8906     0.8359     0.9209     0.9976     0.8776     0.9933     0.9933     0.9432     0.7571     0.9494     0.9078     0.9383     0.9911     0.9269     0.9209     0.7500     0.9209     0.9209     0.9209     0.9209     0.9209     0.8906     0.8359     0.9209     0.9976     0.8776     0.8752     0.8752     0.9432     0.7571     0.9494     0.9078     0.9383     0.9911     0.9269     0.9209     0.7500     0.9209     0.9209     0.9209     0.9209     0.9209     0.8906     0.8359     0.9209     0.9976     0.8776     0.8943     0.8943     0.9432     0.7571     0.9494     0.9078     0.9383     0.9911     0.9269     0.9209     0.7500     0.9209     0.9209     0.9209     0.9209     0.9209     0.8906     0.8359     0.9209     0.9976     0.8776     0.9336     0.9117     0.9432     0.7571     0.9494     0.9078     0.9383     0.9911     0.9269     0.9209     0.7500
09/30/1968_24:00     0.9209     0.9209     0.9209     0.9209     0.9209     0.8906     0.8359     0.9209     0.9976     0.8776     0.9289     0.9289     0.9432     0.7571     0.9494     0.9078     0.9383     0.9911     0.9269     0.9209     0.7500     0.9209     0.9209     0.9209     0.9209     0.9209     0.8906     0.8359     0.9209     0.9976     0.8776     0.9003     0.9003     0.9432     0.7571     0.9494     0.9078     0.9383     0.9911     0.9269     0.9209     0.7500     0.9209     0.9209     0.9209     0.9209     0.9209     0.8906     0.8359     0.9209     0.9976     0.8776     0.9432     0.9432     0.9432     0.7571     0.9494     0.9078     0.9383     0.9911     0.9269     0.9209     0.7500     0.9209     0.9209     0.9209     0.9209     0.9209     0.8906     0.8359     0.9209     0.9976     0.8776     0.9146     0.9146     0.9432     0.7571     0.9494     0.9078     0.9383     0.9911     0.9269     0.9209     0.7500     0.9209     0.9209     0.9209     0.9209     0.9209     0.8906     0.8359     0.9209     0.9976     0.8776     0.9504     0.9504     0.9432     0.7571     0.9494     0.9078     0.9383     0.9911     0.9269     0.9209     0.7500     0.9209     0.9209     0.9209     0.9209     0.9209     0.8906     0.8359     0.9209     0.9976     0.8776     0.9074     0.9074     0.9432     0.7571     0.9494     0.9078     0.9383     0.9911     0.9269     0.9209     0.7500     0.9209     0.9209     0.9209     0.9209     0.9209     0.8906     0.8359     0.9209     0.9976     0.8776     0.9432     0.9432     0.9432     0.7571     0.9494     0.9078     0.9383     0.9911     0.9269     0.9209     0.7500     0.9209     0.9209     0.9209     0.9209     0.9209     0.8906     0.8359     0.9209     0.9976     0.8776     0.9504     0.9504     0.9432     0.7571     0.9494     0.9078     0.9383     0.9911     0.9269     0.9209     0.7500     0.9209     0.9209     0.9209     0.9209     0.9209     0.8906     0.8359     0.9209     0.9976     0.8776     0.9504     0.9504     0.9432     0.7571     0.9494     0.9078     0.9383     0.9911     0.9269     0.9209     0.7500     0.9209     0.9209     0.9209     0.9209     0.9209     0.8906     0.8359     0.9209     0.9976     0.8776     0.9146     0.9146     0.9432     0.7571     0.9494     0.9078     0.9383     0.9911     0.9269     0.9209     0.7500     0.9209     0.9209     0.9209     0.9209     0.9209     0.8906     0.8359     0.9209     0.9976     0.8776     0.9146     0.9146     0.9432     0.7571     0.9494     0.9078     0.9383     0.9911     0.9269     0.9209     0.7500     0.9209     0.9209     0.9209     0.9209     0.9209     0.8906     0.8359     0.9209     0.9976     0.8776     0.9432     0.9432     0.9432     0.7571     0.9494     0.9078     0.9383     0.9911     0.9269     0.9209     0.7500     0.9209     0.9209     0.9209     0.9209     0.9209     0.8906     0.8359     0.9209     0.9976     0.8776     0.9253     0.9253     0.9432     0.7571     0.9494     0.9078     0.9383     0.9911     0.9269     0.9209     0.7500     0.9209     0.9209     0.9209     0.9209     0.9209     0.8906     0.8359     0.9209     0.9976     0.8776     0.9289     0.9289     0.9432     0.7571     0.9494     0.9078     0.9383     0.9911     0.9269     0.9209     0.7500     0.9209     0.9209     0.9209     0.9209     0.9209     0.8906     0.8359     0.9209     0.9976     0.8776     0.9289     0.9289     0.9432     0.7571     0.9494     0.9078     0.9383     0.9911     0.9269     0.9209     0.7500     0.9209     0.9209     0.9209     0.9209     0.9209     0.8906     0.8359     0.9209     0.9976     0.8776     0.9396     0.9396     0.9432     0.7571     0.9494     0.9078     0.9383     0.9911     0.9269     0.9209     0.7500     0.9209     0.9209     0.9209     0.9209     0.9209     0.8906     0.8359     0.9209     0.9976     0.8776     0.9325     0.9325     0.9432     0.7571     0.9494     0.9078     0.9383     0.9911     0.9269     0.9209     0.7500     0.9209     0.9209     0.9209     0.9209     0.9209     0.8906     0.8359     0.9209     0.9976     0.8776     0.9933     0.9933     0.9432     0.7571     0.9494     0.9078     0.9383     0.9911     0.9269     0.9209     0.7500     0.9209     0.9209     0.9209     0.9209     0.9209     0.8906     0.8359     0.9209     0.9976     0.8776     0.8752     0.8752     0.9432     0.7571     0.9494     0.9078     0.9383     0.9911     0.9269     0.9209     0.7500     0.9209     0.9209     0.9209     0.9209     0.9209     0.8906     0.8359     0.9209     0.9976     0.8776     0.8943     0.8943     0.9432     0.7571     0.9494     0.9078     0.9383     0.9911     0.9269     0.9209     0.7500     0.9209     0.9209     0.9209     0.9209     0.9209     0.8906     0.8359     0.9209     0.9976     0.8776     0.9336     0.9117     0.9432     0.7571     0.9494     0.9078     0.9383     0.9911     0.9269     0.9209     0.7500
09/30/1969_24:00     0.9209     0.9209     0.9209     0.9209     0.9209     0.8906     0.8359     0.9209     0.9976     0.8776     0.9289     0.9289     0.9432     0.7571     0.9494     0.9078     0.9383     0.9911     0.9269     0.9209     0.7500     0.9209     0.9209     0.9209     0.9209     0.9209     0.8906     0.8359     0.9209     0.9976     0.8776     0.9003     0.9003     0.9432     0.7571     0.9494     0.9078     0.9383     0.9911     0.9269     0.9209     0.7500     0.9209     0.9209     0.9209     0.9209     0.9209     0.8906     0.8359     0.9209     0.9976     0.8776     0.9432     0.9432     0.9432     0.7571     0.9494     0.9078     0.9383     0.9911     0.9269     0.9209     0.7500     0.9209     0.9209     0.9209     0.9209     0.9209     0.8906     0.8359     0.9209     0.9976     0.8776     0.9146     0.9146     0.9432     0.7571     0.9494     0.9078     0.9383     0.9911     0.9269     0.9209     0.7500     0.9209     0.9209     0.9209     0.9209     0.9209     0.8906     0.8359     0.9209     0.9976     0.8776     0.9504     0.9504     0.9432     0.7571     0.9494     0.9078     0.9383     0.9911     0.9269     0.9209     0.7500     0.9209     0.9209     0.9209     0.9209     0.9209     0.8906     0.8359     0.9209     0.9976     0.8776     0.9074     0.9074     0.9432     0.7571     0.9494     0.9078     0.9383     0.9911     0.9269     0.9209     0.7500     0.9209     0.9209     0.9209     0.9209     0.9209     0.8906     0.8359     0.9209     0.9976     0.8776     0.9432     0.9432     0.9432     0.7571     0.9494     0.9078     0.9383     0.9911     0.9269     0.9209     0.7500     0.9209     0.9209     0.9209     0.9209     0.9209     0.8906     0.8359     0.9209     0.9976     0.8776     0.9504     0.9504     0.9432     0.7571     0.9494     0.9078     0.9383     0.9911     0.9269     0.9209     0.7500     0.9209     0.9209     0.9209     0.9209     0.9209     0.8906     0.8359     0.9209     0.9976     0.8776     0.9504     0.9504     0.9432     0.7571     0.9494     0.9078     0.9383     0.9911     0.9269     0.9209     0.7500     0.9209     0.9209     0.9209     0.9209     0.9209     0.8906     0.8359     0.9209     0.9976     0.8776     0.9146     0.9146     0.9432     0.7571     0.9494     0.9078     0.9383     0.9911     0.9269     0.9209     0.7500     0.9209     0.9209     0.9209     0.9209     0.9209     0.8906     0.8359     0.9209     0.9976     0.8776     0.9146     0.9146     0.9432     0.7571     0.9494     0.9078     0.9383     0.9911     0.9269     0.9209     0.7500     0.9209     0.9209     0.9209     0.9209     0.9209     0.8906     0.8359     0.9209     0.9976     0.8776     0.9432     0.9432     0.9432     0.7571     0.9494     0.9078     0.9383     0.9911     0.9269     0.9209     0.7500     0.9209     0.9209     0.9209     0.9209     0.9209     0.8906     0.8359     0.9209     0.9976     0.8776     0.9253     0.9253     0.9432     0.7571     0.9494     0.9078     0.9383     0.9911     0.9269     0.9209     0.7500     0.9209     0.9209     0.9209     0.9209     0.9209     0.8906     0.8359     0.9209     0.9976     0.8776     0.9289     0.9289     0.9432     0.7571     0.9494     0.9078     0.9383     0.9911     0.9269     0.9209     0.7500     0.9209     0.9209     0.9209     0.9209     0.9209     0.8906     0.8359     0.9209     0.9976     0.8776     0.9289     0.9289     0.9432     0.7571     0.9494     0.9078     0.9383     0.9911     0.9269     0.9209     0.7500     0.9209     0.9209     0.9209     0.9209     0.9209     0.8906     0.8359     0.9209     0.9976     0.8776     0.9396     0.9396     0.9432     0.7571     0.9494     0.9078     0.9383     0.9911     0.9269     0.9209     0.7500     0.9209     0.9209     0.9209     0.9209     0.9209     0.8906     0.8359     0.9209     0.9976     0.8776     0.9325     0.9325     0.9432     0.7571     0.9494     0.9078     0.9383     0.9911     0.9269     0.9209     0.7500     0.9209     0.9209     0.9209     0.9209     0.9209     0.8906     0.8359     0.9209     0.9976     0.8776     0.9933     0.9933     0.9432     0.7571     0.9494     0.9078     0.9383     0.9911     0.9269     0.9209     0.7500     0.9209     0.9209     0.9209     0.9209     0.9209     0.8906     0.8359     0.9209     0.9976     0.8776     0.8752     0.8752     0.9432     0.7571     0.9494     0.9078     0.9383     0.9911     0.9269     0.9209     0.7500     0.9209     0.9209     0.9209     0.9209     0.9209     0.8906     0.8359     0.9209     0.9976     0.8776     0.8943     0.8943     0.9432     0.7571     0.9494     0.9078     0.9383     0.9911     0.9269     0.9209     0.7500     0.9209     0.9209     0.9209     0.9209     0.9209     0.8906     0.8359     0.9209     0.9976     0.8776     0.9336     0.9117     0.9432     0.7571     0.9494     0.9078     0.9383     0.9911     0.9269     0.9209     0.7500
09/30/1970_24:00     0.9209     0.9209     0.9209     0.9209     0.9209     0.8906     0.8359     0.9209     0.9976     0.8776     0.9289     0.9289     0.9432     0.7571     0.9494     0.9078     0.9383     0.9911     0.9269     0.9209     0.7500     0.9209     0.9209     0.9209     0.9209     0.9209     0.8906     0.8359     0.9209     0.9976     0.8776     0.9003     0.9003     0.9432     0.7571     0.9494     0.9078     0.9383     0.9911     0.9269     0.9209     0.7500     0.9209     0.9209     0.9209     0.9209     0.9209     0.8906     0.8359     0.9209     0.9976     0.8776     0.9432     0.9432     0.9432     0.7571     0.9494     0.9078     0.9383     0.9911     0.9269     0.9209     0.7500     0.9209     0.9209     0.9209     0.9209     0.9209     0.8906     0.8359     0.9209     0.9976     0.8776     0.9146     0.9146     0.9432     0.7571     0.9494     0.9078     0.9383     0.9911     0.9269     0.9209     0.7500     0.9209     0.9209     0.9209     0.9209     0.9209     0.8906     0.8359     0.9209     0.9976     0.8776     0.9504     0.9504     0.9432     0.7571     0.9494     0.9078     0.9383     0.9911     0.9269     0.9209     0.7500     0.9209     0.9209     0.9209     0.9209     0.9209     0.8906     0.8359     0.9209     0.9976     0.8776     0.9074     0.9074     0.9432     0.7571     0.9494     0.9078     0.9383     0.9911     0.9269     0.9209     0.7500     0.9209     0.9209     0.9209     0.9209     0.9209     0.8906     0.8359     0.9209     0.9976     0.8776     0.9432     0.9432     0.9432     0.7571     0.9494     0.9078     0.9383     0.9911     0.9269     0.9209     0.7500     0.9209     0.9209     0.9209     0.9209     0.9209     0.8906     0.8359     0.9209     0.9976     0.8776     0.9504     0.9504     0.9432     0.7571     0.9494     0.9078     0.9383     0.9911     0.9269     0.9209     0.7500     0.9209     0.9209     0.9209     0.9209     0.9209     0.8906     0.8359     0.9209     0.9976     0.8776     0.9504     0.9504     0.9432     0.7571     0.9494     0.9078     0.9383     0.9911     0.9269     0.9209     0.7500     0.9209     0.9209     0.9209     0.9209     0.9209     0.8906     0.8359     0.9209     0.9976     0.8776     0.9146     0.9146     0.9432     0.7571     0.9494     0.9078     0.9383     0.9911     0.9269     0.9209     0.7500     0.9209     0.9209     0.9209     0.9209     0.9209     0.8906     0.8359     0.9209     0.9976     0.8776     0.9146     0.9146     0.9432     0.7571     0.9494     0.9078     0.9383     0.9911     0.9269     0.9209     0.7500     0.9209     0.9209     0.9209     0.9209     0.9209     0.8906     0.8359     0.9209     0.9976     0.8776     0.9432     0.9432     0.9432     0.7571     0.9494     0.9078     0.9383     0.9911     0.9269     0.9209     0.7500     0.9209     0.9209     0.9209     0.9209     0.9209     0.8906     0.8359     0.9209     0.9976     0.8776     0.9253     0.9253     0.9432     0.7571     0.9494     0.9078     0.9383     0.9911     0.9269     0.9209     0.7500     0.9209     0.9209     0.9209     0.9209     0.9209     0.8906     0.8359     0.9209     0.9976     0.8776     0.9289     0.9289     0.9432     0.7571     0.9494     0.9078     0.9383     0.9911     0.9269     0.9209     0.7500     0.9209     0.9209     0.9209     0.9209     0.9209     0.8906     0.8359     0.9209     0.9976     0.8776     0.9289     0.9289     0.9432     0.7571     0.9494     0.9078     0.9383     0.9911     0.9269     0.9209     0.7500     0.9209     0.9209     0.9209     0.9209     0.9209     0.8906     0.8359     0.9209     0.9976     0.8776     0.9396     0.9396     0.9432     0.7571     0.9494     0.9078     0.9383     0.9911     0.9269     0.9209     0.7500     0.9209     0.9209     0.9209     0.9209     0.9209     0.8906     0.8359     0.9209     0.9976     0.8776     0.9325     0.9325     0.9432     0.7571     0.9494     0.9078     0.9383     0.9911     0.9269     0.9209     0.7500     0.9209     0.9209     0.9209     0.9209     0.9209     0.8906     0.8359     0.9209     0.9976     0.8776     0.9933     0.9933     0.9432     0.7571     0.9494     0.9078     0.9383     0.9911     0.9269     0.9209     0.7500     0.9209     0.9209     0.9209     0.9209     0.9209     0.8906     0.8359     0.9209     0.9976     0.8776     0.8752     0.8752     0.9432     0.7571     0.9494     0.9078     0.9383     0.9911     0.9269     0.9209     0.7500     0.9209     0.9209     0.9209     0.9209     0.9209     0.8906     0.8359     0.9209     0.9976     0.8776     0.8943     0.8943     0.9432     0.7571     0.9494     0.9078     0.9383     0.9911     0.9269     0.9209     0.7500     0.9209     0.9209     0.9209     0.9209     0.9209     0.8906     0.8359     0.9209     0.9976     0.8776     0.9336     0.9117     0.9432     0.7571     0.9494     0.9078     0.9383     0.9911     0.9269     0.9209     0.7500
09/30/1971_24:00     0.9209     0.9209     0.9209     0.9209     0.9209     0.8906     0.8359     0.9209     0.9976     0.8776     0.9289     0.9289     0.9432     0.7571     0.9494     0.9078     0.9383     0.9911     0.9269     0.9209     0.7500     0.9209     0.9209     0.9209     0.9209     0.9209     0.8906     0.8359     0.9209     0.9976     0.8776     0.9003     0.9003     0.9432     0.7571     0.9494     0.9078     0.9383     0.9911     0.9269     0.9209     0.7500     0.9209     0.9209     0.9209     0.9209     0.9209     0.8906     0.8359     0.9209     0.9976     0.8776     0.9432     0.9432     0.9432     0.7571     0.9494     0.9078     0.9383     0.9911     0.9269     0.9209     0.7500     0.9209     0.9209     0.9209     0.9209     0.9209     0.8906     0.8359     0.9209     0.9976     0.8776     0.9146     0.9146     0.9432     0.7571     0.9494     0.9078     0.9383     0.9911     0.9269     0.9209     0.7500     0.9209     0.9209     0.9209     0.9209     0.9209     0.8906     0.8359     0.9209     0.9976     0.8776     0.9504     0.9504     0.9432     0.7571     0.9494     0.9078     0.9383     0.9911     0.9269     0.9209     0.7500     0.9209     0.9209     0.9209     0.9209     0.9209     0.8906     0.8359     0.9209     0.9976     0.8776     0.9074     0.9074     0.9432     0.7571     0.9494     0.9078     0.9383     0.9911     0.9269     0.9209     0.7500     0.9209     0.9209     0.9209     0.9209     0.9209     0.8906     0.8359     0.9209     0.9976     0.8776     0.9432     0.9432     0.9432     0.7571     0.9494     0.9078     0.9383     0.9911     0.9269     0.9209     0.7500     0.9209     0.9209     0.9209     0.9209     0.9209     0.8906     0.8359     0.9209     0.9976     0.8776     0.9504     0.9504     0.9432     0.7571     0.9494     0.9078     0.9383     0.9911     0.9269     0.9209     0.7500     0.9209     0.9209     0.9209     0.9209     0.9209     0.8906     0.8359     0.9209     0.9976     0.8776     0.9504     0.9504     0.9432     0.7571     0.9494     0.9078     0.9383     0.9911     0.9269     0.9209     0.7500     0.9209     0.9209     0.9209     0.9209     0.9209     0.8906     0.8359     0.9209     0.9976     0.8776     0.9146     0.9146     0.9432     0.7571     0.9494     0.9078     0.9383     0.9911     0.9269     0.9209     0.7500     0.9209     0.9209     0.9209     0.9209     0.9209     0.8906     0.8359     0.9209     0.9976     0.8776     0.9146     0.9146     0.9432     0.7571     0.9494     0.9078     0.9383     0.9911     0.9269     0.9209     0.7500     0.9209     0.9209     0.9209     0.9209     0.9209     0.8906     0.8359     0.9209     0.9976     0.8776     0.9432     0.9432     0.9432     0.7571     0.9494     0.9078     0.9383     0.9911     0.9269     0.9209     0.7500     0.9209     0.9209     0.9209     0.9209     0.9209     0.8906     0.8359     0.9209     0.9976     0.8776     0.9253     0.9253     0.9432     0.7571     0.9494     0.9078     0.9383     0.9911     0.9269     0.9209     0.7500     0.9209     0.9209     0.9209     0.9209     0.9209     0.8906     0.8359     0.9209     0.9976     0.8776     0.9289     0.9289     0.9432     0.7571     0.9494     0.9078     0.9383     0.9911     0.9269     0.9209     0.7500     0.9209     0.9209     0.9209     0.9209     0.9209     0.8906     0.8359     0.9209     0.9976     0.8776     0.9289     0.9289     0.9432     0.7571     0.9494     0.9078     0.9383     0.9911     0.9269     0.9209     0.7500     0.9209     0.9209     0.9209     0.9209     0.9209     0.8906     0.8359     0.9209     0.9976     0.8776     0.9396     0.9396     0.9432     0.7571     0.9494     0.9078     0.9383     0.9911     0.9269     0.9209     0.7500     0.9209     0.9209     0.9209     0.9209     0.9209     0.8906     0.8359     0.9209     0.9976     0.8776     0.9325     0.9325     0.9432     0.7571     0.9494     0.9078     0.9383     0.9911     0.9269     0.9209     0.7500     0.9209     0.9209     0.9209     0.9209     0.9209     0.8906     0.8359     0.9209     0.9976     0.8776     0.9933     0.9933     0.9432     0.7571     0.9494     0.9078     0.9383     0.9911     0.9269     0.9209     0.7500     0.9209     0.9209     0.9209     0.9209     0.9209     0.8906     0.8359     0.9209     0.9976     0.8776     0.8752     0.8752     0.9432     0.7571     0.9494     0.9078     0.9383     0.9911     0.9269     0.9209     0.7500     0.9209     0.9209     0.9209     0.9209     0.9209     0.8906     0.8359     0.9209     0.9976     0.8776     0.8943     0.8943     0.9432     0.7571     0.9494     0.9078     0.9383     0.9911     0.9269     0.9209     0.7500     0.9209     0.9209     0.9209     0.9209     0.9209     0.8906     0.8359     0.9209     0.9976     0.8776     0.9336     0.9117     0.9432     0.7571     0.9494     0.9078     0.9383     0.9911     0.9269     0.9209     0.7500
09/30/1972_24:00     0.9209     0.9209     0.9209     0.9209     0.9209     0.8906     0.8359     0.9209     0.9976     0.8776     0.9289     0.9289     0.9432     0.7571     0.9494     0.9078     0.9383     0.9911     0.9269     0.9209     0.7500     0.9209     0.9209     0.9209     0.9209     0.9209     0.8906     0.8359     0.9209     0.9976     0.8776     0.9003     0.9003     0.9432     0.7571     0.9494     0.9078     0.9383     0.9911     0.9269     0.9209     0.7500     0.9209     0.9209     0.9209     0.9209     0.9209     0.8906     0.8359     0.9209     0.9976     0.8776     0.9432     0.9432     0.9432     0.7571     0.9494     0.9078     0.9383     0.9911     0.9269     0.9209     0.7500     0.9209     0.9209     0.9209     0.9209     0.9209     0.8906     0.8359     0.9209     0.9976     0.8776     0.9146     0.9146     0.9432     0.7571     0.9494     0.9078     0.9383     0.9911     0.9269     0.9209     0.7500     0.9209     0.9209     0.9209     0.9209     0.9209     0.8906     0.8359     0.9209     0.9976     0.8776     0.9504     0.9504     0.9432     0.7571     0.9494     0.9078     0.9383     0.9911     0.9269     0.9209     0.7500     0.9209     0.9209     0.9209     0.9209     0.9209     0.8906     0.8359     0.9209     0.9976     0.8776     0.9074     0.9074     0.9432     0.7571     0.9494     0.9078     0.9383     0.9911     0.9269     0.9209     0.7500     0.9209     0.9209     0.9209     0.9209     0.9209     0.8906     0.8359     0.9209     0.9976     0.8776     0.9432     0.9432     0.9432     0.7571     0.9494     0.9078     0.9383     0.9911     0.9269     0.9209     0.7500     0.9209     0.9209     0.9209     0.9209     0.9209     0.8906     0.8359     0.9209     0.9976     0.8776     0.9504     0.9504     0.9432     0.7571     0.9494     0.9078     0.9383     0.9911     0.9269     0.9209     0.7500     0.9209     0.9209     0.9209     0.9209     0.9209     0.8906     0.8359     0.9209     0.9976     0.8776     0.9504     0.9504     0.9432     0.7571     0.9494     0.9078     0.9383     0.9911     0.9269     0.9209     0.7500     0.9209     0.9209     0.9209     0.9209     0.9209     0.8906     0.8359     0.9209     0.9976     0.8776     0.9146     0.9146     0.9432     0.7571     0.9494     0.9078     0.9383     0.9911     0.9269     0.9209     0.7500     0.9209     0.9209     0.9209     0.9209     0.9209     0.8906     0.8359     0.9209     0.9976     0.8776     0.9146     0.9146     0.9432     0.7571     0.9494     0.9078     0.9383     0.9911     0.9269     0.9209     0.7500     0.9209     0.9209     0.9209     0.9209     0.9209     0.8906     0.8359     0.9209     0.9976     0.8776     0.9432     0.9432     0.9432     0.7571     0.9494     0.9078     0.9383     0.9911     0.9269     0.9209     0.7500     0.9209     0.9209     0.9209     0.9209     0.9209     0.8906     0.8359     0.9209     0.9976     0.8776     0.9253     0.9253     0.9432     0.7571     0.9494     0.9078     0.9383     0.9911     0.9269     0.9209     0.7500     0.9209     0.9209     0.9209     0.9209     0.9209     0.8906     0.8359     0.9209     0.9976     0.8776     0.9289     0.9289     0.9432     0.7571     0.9494     0.9078     0.9383     0.9911     0.9269     0.9209     0.7500     0.9209     0.9209     0.9209     0.9209     0.9209     0.8906     0.8359     0.9209     0.9976     0.8776     0.9289     0.9289     0.9432     0.7571     0.9494     0.9078     0.9383     0.9911     0.9269     0.9209     0.7500     0.9209     0.9209     0.9209     0.9209     0.9209     0.8906     0.8359     0.9209     0.9976     0.8776     0.9396     0.9396     0.9432     0.7571     0.9494     0.9078     0.9383     0.9911     0.9269     0.9209     0.7500     0.9209     0.9209     0.9209     0.9209     0.9209     0.8906     0.8359     0.9209     0.9976     0.8776     0.9325     0.9325     0.9432     0.7571     0.9494     0.9078     0.9383     0.9911     0.9269     0.9209     0.7500     0.9209     0.9209     0.9209     0.9209     0.9209     0.8906     0.8359     0.9209     0.9976     0.8776     0.9933     0.9933     0.9432     0.7571     0.9494     0.9078     0.9383     0.9911     0.9269     0.9209     0.7500     0.9209     0.9209     0.9209     0.9209     0.9209     0.8906     0.8359     0.9209     0.9976     0.8776     0.8752     0.8752     0.9432     0.7571     0.9494     0.9078     0.9383     0.9911     0.9269     0.9209     0.7500     0.9209     0.9209     0.9209     0.9209     0.9209     0.8906     0.8359     0.9209     0.9976     0.8776     0.8943     0.8943     0.9432     0.7571     0.9494     0.9078     0.9383     0.9911     0.9269     0.9209     0.7500     0.9209     0.9209     0.9209     0.9209     0.9209     0.8906     0.8359     0.9209     0.9976     0.8776     0.9336     0.9117     0.9432     0.7571     0.9494     0.9078     0.9383     0.9911     0.9269     0.9209     0.7500
09/30/1973_24:00     0.9209     0.9209     0.9209     0.9209     0.9209     0.8906     0.8359     0.9209     0.9976     0.8776     0.9289     0.9289     0.9432     0.7571     0.9494     0.9078     0.9383     0.9911     0.9269     0.9209     0.7500     0.9209     0.9209     0.9209     0.9209     0.9209     0.8906     0.8359     0.9209     0.9976     0.8776     0.9003     0.9003     0.9432     0.7571     0.9494     0.9078     0.9383     0.9911     0.9269     0.9209     0.7500     0.9209     0.9209     0.9209     0.9209     0.9209     0.8906     0.8359     0.9209     0.9976     0.8776     0.9432     0.9432     0.9432     0.7571     0.9494     0.9078     0.9383     0.9911     0.9269     0.9209     0.7500     0.9209     0.9209     0.9209     0.9209     0.9209     0.8906     0.8359     0.9209     0.9976     0.8776     0.9146     0.9146     0.9432     0.7571     0.9494     0.9078     0.9383     0.9911     0.9269     0.9209     0.7500     0.9209     0.9209     0.9209     0.9209     0.9209     0.8906     0.8359     0.9209     0.9976     0.8776     0.9504     0.9504     0.9432     0.7571     0.9494     0.9078     0.9383     0.9911     0.9269     0.9209     0.7500     0.9209     0.9209     0.9209     0.9209     0.9209     0.8906     0.8359     0.9209     0.9976     0.8776     0.9074     0.9074     0.9432     0.7571     0.9494     0.9078     0.9383     0.9911     0.9269     0.9209     0.7500     0.9209     0.9209     0.9209     0.9209     0.9209     0.8906     0.8359     0.9209     0.9976     0.8776     0.9432     0.9432     0.9432     0.7571     0.9494     0.9078     0.9383     0.9911     0.9269     0.9209     0.7500     0.9209     0.9209     0.9209     0.9209     0.9209     0.8906     0.8359     0.9209     0.9976     0.8776     0.9504     0.9504     0.9432     0.7571     0.9494     0.9078     0.9383     0.9911     0.9269     0.9209     0.7500     0.9209     0.9209     0.9209     0.9209     0.9209     0.8906     0.8359     0.9209     0.9976     0.8776     0.9504     0.9504     0.9432     0.7571     0.9494     0.9078     0.9383     0.9911     0.9269     0.9209     0.7500     0.9209     0.9209     0.9209     0.9209     0.9209     0.8906     0.8359     0.9209     0.9976     0.8776     0.9146     0.9146     0.9432     0.7571     0.9494     0.9078     0.9383     0.9911     0.9269     0.9209     0.7500     0.9209     0.9209     0.9209     0.9209     0.9209     0.8906     0.8359     0.9209     0.9976     0.8776     0.9146     0.9146     0.9432     0.7571     0.9494     0.9078     0.9383     0.9911     0.9269     0.9209     0.7500     0.9209     0.9209     0.9209     0.9209     0.9209     0.8906     0.8359     0.9209     0.9976     0.8776     0.9432     0.9432     0.9432     0.7571     0.9494     0.9078     0.9383     0.9911     0.9269     0.9209     0.7500     0.9209     0.9209     0.9209     0.9209     0.9209     0.8906     0.8359     0.9209     0.9976     0.8776     0.9253     0.9253     0.9432     0.7571     0.9494     0.9078     0.9383     0.9911     0.9269     0.9209     0.7500     0.9209     0.9209     0.9209     0.9209     0.9209     0.8906     0.8359     0.9209     0.9976     0.8776     0.9289     0.9289     0.9432     0.7571     0.9494     0.9078     0.9383     0.9911     0.9269     0.9209     0.7500     0.9209     0.9209     0.9209     0.9209     0.9209     0.8906     0.8359     0.9209     0.9976     0.8776     0.9289     0.9289     0.9432     0.7571     0.9494     0.9078     0.9383     0.9911     0.9269     0.9209     0.7500     0.9209     0.9209     0.9209     0.9209     0.9209     0.8906     0.8359     0.9209     0.9976     0.8776     0.9396     0.9396     0.9432     0.7571     0.9494     0.9078     0.9383     0.9911     0.9269     0.9209     0.7500     0.9209     0.9209     0.9209     0.9209     0.9209     0.8906     0.8359     0.9209     0.9976     0.8776     0.9325     0.9325     0.9432     0.7571     0.9494     0.9078     0.9383     0.9911     0.9269     0.9209     0.7500     0.9209     0.9209     0.9209     0.9209     0.9209     0.8906     0.8359     0.9209     0.9976     0.8776     0.9933     0.9933     0.9432     0.7571     0.9494     0.9078     0.9383     0.9911     0.9269     0.9209     0.7500     0.9209     0.9209     0.9209     0.9209     0.9209     0.8906     0.8359     0.9209     0.9976     0.8776     0.8752     0.8752     0.9432     0.7571     0.9494     0.9078     0.9383     0.9911     0.9269     0.9209     0.7500     0.9209     0.9209     0.9209     0.9209     0.9209     0.8906     0.8359     0.9209     0.9976     0.8776     0.8943     0.8943     0.9432     0.7571     0.9494     0.9078     0.9383     0.9911     0.9269     0.9209     0.7500     0.9209     0.9209     0.9209     0.9209     0.9209     0.8906     0.8359     0.9209     0.9976     0.8776     0.9336     0.9117     0.9432     0.7571     0.9494     0.9078     0.9383     0.9911     0.9269     0.9209     0.7500
09/30/1974_24:00     0.9209     0.9209     0.9209     0.9209     0.9209     0.8906     0.8359     0.9209     0.9976     0.8776     0.9289     0.9289     0.9432     0.7571     0.9494     0.9078     0.9383     0.9911     0.9269     0.9209     0.7500     0.9209     0.9209     0.9209     0.9209     0.9209     0.8906     0.8359     0.9209     0.9976     0.8776     0.9003     0.9003     0.9432     0.7571     0.9494     0.9078     0.9383     0.9911     0.9269     0.9209     0.7500     0.9209     0.9209     0.9209     0.9209     0.9209     0.8906     0.8359     0.9209     0.9976     0.8776     0.9432     0.9432     0.9432     0.7571     0.9494     0.9078     0.9383     0.9911     0.9269     0.9209     0.7500     0.9209     0.9209     0.9209     0.9209     0.9209     0.8906     0.8359     0.9209     0.9976     0.8776     0.9146     0.9146     0.9432     0.7571     0.9494     0.9078     0.9383     0.9911     0.9269     0.9209     0.7500     0.9209     0.9209     0.9209     0.9209     0.9209     0.8906     0.8359     0.9209     0.9976     0.8776     0.9504     0.9504     0.9432     0.7571     0.9494     0.9078     0.9383     0.9911     0.9269     0.9209     0.7500     0.9209     0.9209     0.9209     0.9209     0.9209     0.8906     0.8359     0.9209     0.9976     0.8776     0.9074     0.9074     0.9432     0.7571     0.9494     0.9078     0.9383     0.9911     0.9269     0.9209     0.7500     0.9209     0.9209     0.9209     0.9209     0.9209     0.8906     0.8359     0.9209     0.9976     0.8776     0.9432     0.9432     0.9432     0.7571     0.9494     0.9078     0.9383     0.9911     0.9269     0.9209     0.7500     0.9209     0.9209     0.9209     0.9209     0.9209     0.8906     0.8359     0.9209     0.9976     0.8776     0.9504     0.9504     0.9432     0.7571     0.9494     0.9078     0.9383     0.9911     0.9269     0.9209     0.7500     0.9209     0.9209     0.9209     0.9209     0.9209     0.8906     0.8359     0.9209     0.9976     0.8776     0.9504     0.9504     0.9432     0.7571     0.9494     0.9078     0.9383     0.9911     0.9269     0.9209     0.7500     0.9209     0.9209     0.9209     0.9209     0.9209     0.8906     0.8359     0.9209     0.9976     0.8776     0.9146     0.9146     0.9432     0.7571     0.9494     0.9078     0.9383     0.9911     0.9269     0.9209     0.7500     0.9209     0.9209     0.9209     0.9209     0.9209     0.8906     0.8359     0.9209     0.9976     0.8776     0.9146     0.9146     0.9432     0.7571     0.9494     0.9078     0.9383     0.9911     0.9269     0.9209     0.7500     0.9209     0.9209     0.9209     0.9209     0.9209     0.8906     0.8359     0.9209     0.9976     0.8776     0.9432     0.9432     0.9432     0.7571     0.9494     0.9078     0.9383     0.9911     0.9269     0.9209     0.7500     0.9209     0.9209     0.9209     0.9209     0.9209     0.8906     0.8359     0.9209     0.9976     0.8776     0.9253     0.9253     0.9432     0.7571     0.9494     0.9078     0.9383     0.9911     0.9269     0.9209     0.7500     0.9209     0.9209     0.9209     0.9209     0.9209     0.8906     0.8359     0.9209     0.9976     0.8776     0.9289     0.9289     0.9432     0.7571     0.9494     0.9078     0.9383     0.9911     0.9269     0.9209     0.7500     0.9209     0.9209     0.9209     0.9209     0.9209     0.8906     0.8359     0.9209     0.9976     0.8776     0.9289     0.9289     0.9432     0.7571     0.9494     0.9078     0.9383     0.9911     0.9269     0.9209     0.7500     0.9209     0.9209     0.9209     0.9209     0.9209     0.8906     0.8359     0.9209     0.9976     0.8776     0.9396     0.9396     0.9432     0.7571     0.9494     0.9078     0.9383     0.9911     0.9269     0.9209     0.7500     0.9209     0.9209     0.9209     0.9209     0.9209     0.8906     0.8359     0.9209     0.9976     0.8776     0.9325     0.9325     0.9432     0.7571     0.9494     0.9078     0.9383     0.9911     0.9269     0.9209     0.7500     0.9209     0.9209     0.9209     0.9209     0.9209     0.8906     0.8359     0.9209     0.9976     0.8776     0.9933     0.9933     0.9432     0.7571     0.9494     0.9078     0.9383     0.9911     0.9269     0.9209     0.7500     0.9209     0.9209     0.9209     0.9209     0.9209     0.8906     0.8359     0.9209     0.9976     0.8776     0.8752     0.8752     0.9432     0.7571     0.9494     0.9078     0.9383     0.9911     0.9269     0.9209     0.7500     0.9209     0.9209     0.9209     0.9209     0.9209     0.8906     0.8359     0.9209     0.9976     0.8776     0.8943     0.8943     0.9432     0.7571     0.9494     0.9078     0.9383     0.9911     0.9269     0.9209     0.7500     0.9209     0.9209     0.9209     0.9209     0.9209     0.8906     0.8359     0.9209     0.9976     0.8776     0.9336     0.9117     0.9432     0.7571     0.9494     0.9078     0.9383     0.9911     0.9269     0.9209     0.7500
09/30/1975_24:00     0.9209     0.9209     0.9209     0.9209     0.9209     0.8906     0.8359     0.9209     0.9976     0.8776     0.9289     0.9289     0.9432     0.7571     0.9494     0.9078     0.9383     0.9911     0.9269     0.9209     0.7500     0.9209     0.9209     0.9209     0.9209     0.9209     0.8906     0.8359     0.9209     0.9976     0.8776     0.9003     0.9003     0.9432     0.7571     0.9494     0.9078     0.9383     0.9911     0.9269     0.9209     0.7500     0.9209     0.9209     0.9209     0.9209     0.9209     0.8906     0.8359     0.9209     0.9976     0.8776     0.9432     0.9432     0.9432     0.7571     0.9494     0.9078     0.9383     0.9911     0.9269     0.9209     0.7500     0.9209     0.9209     0.9209     0.9209     0.9209     0.8906     0.8359     0.9209     0.9976     0.8776     0.9146     0.9146     0.9432     0.7571     0.9494     0.9078     0.9383     0.9911     0.9269     0.9209     0.7500     0.9209     0.9209     0.9209     0.9209     0.9209     0.8906     0.8359     0.9209     0.9976     0.8776     0.9504     0.9504     0.9432     0.7571     0.9494     0.9078     0.9383     0.9911     0.9269     0.9209     0.7500     0.9209     0.9209     0.9209     0.9209     0.9209     0.8906     0.8359     0.9209     0.9976     0.8776     0.9074     0.9074     0.9432     0.7571     0.9494     0.9078     0.9383     0.9911     0.9269     0.9209     0.7500     0.9209     0.9209     0.9209     0.9209     0.9209     0.8906     0.8359     0.9209     0.9976     0.8776     0.9432     0.9432     0.9432     0.7571     0.9494     0.9078     0.9383     0.9911     0.9269     0.9209     0.7500     0.9209     0.9209     0.9209     0.9209     0.9209     0.8906     0.8359     0.9209     0.9976     0.8776     0.9504     0.9504     0.9432     0.7571     0.9494     0.9078     0.9383     0.9911     0.9269     0.9209     0.7500     0.9209     0.9209     0.9209     0.9209     0.9209     0.8906     0.8359     0.9209     0.9976     0.8776     0.9504     0.9504     0.9432     0.7571     0.9494     0.9078     0.9383     0.9911     0.9269     0.9209     0.7500     0.9209     0.9209     0.9209     0.9209     0.9209     0.8906     0.8359     0.9209     0.9976     0.8776     0.9146     0.9146     0.9432     0.7571     0.9494     0.9078     0.9383     0.9911     0.9269     0.9209     0.7500     0.9209     0.9209     0.9209     0.9209     0.9209     0.8906     0.8359     0.9209     0.9976     0.8776     0.9146     0.9146     0.9432     0.7571     0.9494     0.9078     0.9383     0.9911     0.9269     0.9209     0.7500     0.9209     0.9209     0.9209     0.9209     0.9209     0.8906     0.8359     0.9209     0.9976     0.8776     0.9432     0.9432     0.9432     0.7571     0.9494     0.9078     0.9383     0.9911     0.9269     0.9209     0.7500     0.9209     0.9209     0.9209     0.9209     0.9209     0.8906     0.8359     0.9209     0.9976     0.8776     0.9253     0.9253     0.9432     0.7571     0.9494     0.9078     0.9383     0.9911     0.9269     0.9209     0.7500     0.9209     0.9209     0.9209     0.9209     0.9209     0.8906     0.8359     0.9209     0.9976     0.8776     0.9289     0.9289     0.9432     0.7571     0.9494     0.9078     0.9383     0.9911     0.9269     0.9209     0.7500     0.9209     0.9209     0.9209     0.9209     0.9209     0.8906     0.8359     0.9209     0.9976     0.8776     0.9289     0.9289     0.9432     0.7571     0.9494     0.9078     0.9383     0.9911     0.9269     0.9209     0.7500     0.9209     0.9209     0.9209     0.9209     0.9209     0.8906     0.8359     0.9209     0.9976     0.8776     0.9396     0.9396     0.9432     0.7571     0.9494     0.9078     0.9383     0.9911     0.9269     0.9209     0.7500     0.9209     0.9209     0.9209     0.9209     0.9209     0.8906     0.8359     0.9209     0.9976     0.8776     0.9325     0.9325     0.9432     0.7571     0.9494     0.9078     0.9383     0.9911     0.9269     0.9209     0.7500     0.9209     0.9209     0.9209     0.9209     0.9209     0.8906     0.8359     0.9209     0.9976     0.8776     0.9933     0.9933     0.9432     0.7571     0.9494     0.9078     0.9383     0.9911     0.9269     0.9209     0.7500     0.9209     0.9209     0.9209     0.9209     0.9209     0.8906     0.8359     0.9209     0.9976     0.8776     0.8752     0.8752     0.9432     0.7571     0.9494     0.9078     0.9383     0.9911     0.9269     0.9209     0.7500     0.9209     0.9209     0.9209     0.9209     0.9209     0.8906     0.8359     0.9209     0.9976     0.8776     0.8943     0.8943     0.9432     0.7571     0.9494     0.9078     0.9383     0.9911     0.9269     0.9209     0.7500     0.9209     0.9209     0.9209     0.9209     0.9209     0.8906     0.8359     0.9209     0.9976     0.8776     0.9336     0.9117     0.9432     0.7571     0.9494     0.9078     0.9383     0.9911     0.9269     0.9209     0.7500
09/30/1976_24:00     0.9209     0.9209     0.9209     0.9209     0.9209     0.8906     0.8359     0.9209     0.9976     0.8776     0.9289     0.9289     0.9432     0.7571     0.9494     0.9078     0.9383     0.9911     0.9269     0.9209     0.7500     0.9209     0.9209     0.9209     0.9209     0.9209     0.8906     0.8359     0.9209     0.9976     0.8776     0.9003     0.9003     0.9432     0.7571     0.9494     0.9078     0.9383     0.9911     0.9269     0.9209     0.7500     0.9209     0.9209     0.9209     0.9209     0.9209     0.8906     0.8359     0.9209     0.9976     0.8776     0.9432     0.9432     0.9432     0.7571     0.9494     0.9078     0.9383     0.9911     0.9269     0.9209     0.7500     0.9209     0.9209     0.9209     0.9209     0.9209     0.8906     0.8359     0.9209     0.9976     0.8776     0.9146     0.9146     0.9432     0.7571     0.9494     0.9078     0.9383     0.9911     0.9269     0.9209     0.7500     0.9209     0.9209     0.9209     0.9209     0.9209     0.8906     0.8359     0.9209     0.9976     0.8776     0.9504     0.9504     0.9432     0.7571     0.9494     0.9078     0.9383     0.9911     0.9269     0.9209     0.7500     0.9209     0.9209     0.9209     0.9209     0.9209     0.8906     0.8359     0.9209     0.9976     0.8776     0.9074     0.9074     0.9432     0.7571     0.9494     0.9078     0.9383     0.9911     0.9269     0.9209     0.7500     0.9209     0.9209     0.9209     0.9209     0.9209     0.8906     0.8359     0.9209     0.9976     0.8776     0.9432     0.9432     0.9432     0.7571     0.9494     0.9078     0.9383     0.9911     0.9269     0.9209     0.7500     0.9209     0.9209     0.9209     0.9209     0.9209     0.8906     0.8359     0.9209     0.9976     0.8776     0.9504     0.9504     0.9432     0.7571     0.9494     0.9078     0.9383     0.9911     0.9269     0.9209     0.7500     0.9209     0.9209     0.9209     0.9209     0.9209     0.8906     0.8359     0.9209     0.9976     0.8776     0.9504     0.9504     0.9432     0.7571     0.9494     0.9078     0.9383     0.9911     0.9269     0.9209     0.7500     0.9209     0.9209     0.9209     0.9209     0.9209     0.8906     0.8359     0.9209     0.9976     0.8776     0.9146     0.9146     0.9432     0.7571     0.9494     0.9078     0.9383     0.9911     0.9269     0.9209     0.7500     0.9209     0.9209     0.9209     0.9209     0.9209     0.8906     0.8359     0.9209     0.9976     0.8776     0.9146     0.9146     0.9432     0.7571     0.9494     0.9078     0.9383     0.9911     0.9269     0.9209     0.7500     0.9209     0.9209     0.9209     0.9209     0.9209     0.8906     0.8359     0.9209     0.9976     0.8776     0.9432     0.9432     0.9432     0.7571     0.9494     0.9078     0.9383     0.9911     0.9269     0.9209     0.7500     0.9209     0.9209     0.9209     0.9209     0.9209     0.8906     0.8359     0.9209     0.9976     0.8776     0.9253     0.9253     0.9432     0.7571     0.9494     0.9078     0.9383     0.9911     0.9269     0.9209     0.7500     0.9209     0.9209     0.9209     0.9209     0.9209     0.8906     0.8359     0.9209     0.9976     0.8776     0.9289     0.9289     0.9432     0.7571     0.9494     0.9078     0.9383     0.9911     0.9269     0.9209     0.7500     0.9209     0.9209     0.9209     0.9209     0.9209     0.8906     0.8359     0.9209     0.9976     0.8776     0.9289     0.9289     0.9432     0.7571     0.9494     0.9078     0.9383     0.9911     0.9269     0.9209     0.7500     0.9209     0.9209     0.9209     0.9209     0.9209     0.8906     0.8359     0.9209     0.9976     0.8776     0.9396     0.9396     0.9432     0.7571     0.9494     0.9078     0.9383     0.9911     0.9269     0.9209     0.7500     0.9209     0.9209     0.9209     0.9209     0.9209     0.8906     0.8359     0.9209     0.9976     0.8776     0.9325     0.9325     0.9432     0.7571     0.9494     0.9078     0.9383     0.9911     0.9269     0.9209     0.7500     0.9209     0.9209     0.9209     0.9209     0.9209     0.8906     0.8359     0.9209     0.9976     0.8776     0.9933     0.9933     0.9432     0.7571     0.9494     0.9078     0.9383     0.9911     0.9269     0.9209     0.7500     0.9209     0.9209     0.9209     0.9209     0.9209     0.8906     0.8359     0.9209     0.9976     0.8776     0.8752     0.8752     0.9432     0.7571     0.9494     0.9078     0.9383     0.9911     0.9269     0.9209     0.7500     0.9209     0.9209     0.9209     0.9209     0.9209     0.8906     0.8359     0.9209     0.9976     0.8776     0.8943     0.8943     0.9432     0.7571     0.9494     0.9078     0.9383     0.9911     0.9269     0.9209     0.7500     0.9209     0.9209     0.9209     0.9209     0.9209     0.8906     0.8359     0.9209     0.9976     0.8776     0.9336     0.9117     0.9432     0.7571     0.9494     0.9078     0.9383     0.9911     0.9269     0.9209     0.7500
09/30/1977_24:00     0.9209     0.9209     0.9209     0.9209     0.9209     0.8906     0.8359     0.9209     0.9976     0.8776     0.9289     0.9289     0.9432     0.7571     0.9494     0.9078     0.9383     0.9911     0.9269     0.9209     0.7500     0.9209     0.9209     0.9209     0.9209     0.9209     0.8906     0.8359     0.9209     0.9976     0.8776     0.9003     0.9003     0.9432     0.7571     0.9494     0.9078     0.9383     0.9911     0.9269     0.9209     0.7500     0.9209     0.9209     0.9209     0.9209     0.9209     0.8906     0.8359     0.9209     0.9976     0.8776     0.9432     0.9432     0.9432     0.7571     0.9494     0.9078     0.9383     0.9911     0.9269     0.9209     0.7500     0.9209     0.9209     0.9209     0.9209     0.9209     0.8906     0.8359     0.9209     0.9976     0.8776     0.9146     0.9146     0.9432     0.7571     0.9494     0.9078     0.9383     0.9911     0.9269     0.9209     0.7500     0.9209     0.9209     0.9209     0.9209     0.9209     0.8906     0.8359     0.9209     0.9976     0.8776     0.9504     0.9504     0.9432     0.7571     0.9494     0.9078     0.9383     0.9911     0.9269     0.9209     0.7500     0.9209     0.9209     0.9209     0.9209     0.9209     0.8906     0.8359     0.9209     0.9976     0.8776     0.9074     0.9074     0.9432     0.7571     0.9494     0.9078     0.9383     0.9911     0.9269     0.9209     0.7500     0.9209     0.9209     0.9209     0.9209     0.9209     0.8906     0.8359     0.9209     0.9976     0.8776     0.9432     0.9432     0.9432     0.7571     0.9494     0.9078     0.9383     0.9911     0.9269     0.9209     0.7500     0.9209     0.9209     0.9209     0.9209     0.9209     0.8906     0.8359     0.9209     0.9976     0.8776     0.9504     0.9504     0.9432     0.7571     0.9494     0.9078     0.9383     0.9911     0.9269     0.9209     0.7500     0.9209     0.9209     0.9209     0.9209     0.9209     0.8906     0.8359     0.9209     0.9976     0.8776     0.9504     0.9504     0.9432     0.7571     0.9494     0.9078     0.9383     0.9911     0.9269     0.9209     0.7500     0.9209     0.9209     0.9209     0.9209     0.9209     0.8906     0.8359     0.9209     0.9976     0.8776     0.9146     0.9146     0.9432     0.7571     0.9494     0.9078     0.9383     0.9911     0.9269     0.9209     0.7500     0.9209     0.9209     0.9209     0.9209     0.9209     0.8906     0.8359     0.9209     0.9976     0.8776     0.9146     0.9146     0.9432     0.7571     0.9494     0.9078     0.9383     0.9911     0.9269     0.9209     0.7500     0.9209     0.9209     0.9209     0.9209     0.9209     0.8906     0.8359     0.9209     0.9976     0.8776     0.9432     0.9432     0.9432     0.7571     0.9494     0.9078     0.9383     0.9911     0.9269     0.9209     0.7500     0.9209     0.9209     0.9209     0.9209     0.9209     0.8906     0.8359     0.9209     0.9976     0.8776     0.9253     0.9253     0.9432     0.7571     0.9494     0.9078     0.9383     0.9911     0.9269     0.9209     0.7500     0.9209     0.9209     0.9209     0.9209     0.9209     0.8906     0.8359     0.9209     0.9976     0.8776     0.9289     0.9289     0.9432     0.7571     0.9494     0.9078     0.9383     0.9911     0.9269     0.9209     0.7500     0.9209     0.9209     0.9209     0.9209     0.9209     0.8906     0.8359     0.9209     0.9976     0.8776     0.9289     0.9289     0.9432     0.7571     0.9494     0.9078     0.9383     0.9911     0.9269     0.9209     0.7500     0.9209     0.9209     0.9209     0.9209     0.9209     0.8906     0.8359     0.9209     0.9976     0.8776     0.9396     0.9396     0.9432     0.7571     0.9494     0.9078     0.9383     0.9911     0.9269     0.9209     0.7500     0.9209     0.9209     0.9209     0.9209     0.9209     0.8906     0.8359     0.9209     0.9976     0.8776     0.9325     0.9325     0.9432     0.7571     0.9494     0.9078     0.9383     0.9911     0.9269     0.9209     0.7500     0.9209     0.9209     0.9209     0.9209     0.9209     0.8906     0.8359     0.9209     0.9976     0.8776     0.9933     0.9933     0.9432     0.7571     0.9494     0.9078     0.9383     0.9911     0.9269     0.9209     0.7500     0.9209     0.9209     0.9209     0.9209     0.9209     0.8906     0.8359     0.9209     0.9976     0.8776     0.8752     0.8752     0.9432     0.7571     0.9494     0.9078     0.9383     0.9911     0.9269     0.9209     0.7500     0.9209     0.9209     0.9209     0.9209     0.9209     0.8906     0.8359     0.9209     0.9976     0.8776     0.8943     0.8943     0.9432     0.7571     0.9494     0.9078     0.9383     0.9911     0.9269     0.9209     0.7500     0.9209     0.9209     0.9209     0.9209     0.9209     0.8906     0.8359     0.9209     0.9976     0.8776     0.9336     0.9117     0.9432     0.7571     0.9494     0.9078     0.9383     0.9911     0.9269     0.9209     0.7500
09/30/1978_24:00     0.9209     0.9209     0.9209     0.9209     0.9209     0.8906     0.8359     0.9209     0.9976     0.8776     0.9289     0.9289     0.9432     0.7571     0.9494     0.9078     0.9383     0.9911     0.9269     0.9209     0.7500     0.9209     0.9209     0.9209     0.9209     0.9209     0.8906     0.8359     0.9209     0.9976     0.8776     0.9003     0.9003     0.9432     0.7571     0.9494     0.9078     0.9383     0.9911     0.9269     0.9209     0.7500     0.9209     0.9209     0.9209     0.9209     0.9209     0.8906     0.8359     0.9209     0.9976     0.8776     0.9432     0.9432     0.9432     0.7571     0.9494     0.9078     0.9383     0.9911     0.9269     0.9209     0.7500     0.9209     0.9209     0.9209     0.9209     0.9209     0.8906     0.8359     0.9209     0.9976     0.8776     0.9146     0.9146     0.9432     0.7571     0.9494     0.9078     0.9383     0.9911     0.9269     0.9209     0.7500     0.9209     0.9209     0.9209     0.9209     0.9209     0.8906     0.8359     0.9209     0.9976     0.8776     0.9504     0.9504     0.9432     0.7571     0.9494     0.9078     0.9383     0.9911     0.9269     0.9209     0.7500     0.9209     0.9209     0.9209     0.9209     0.9209     0.8906     0.8359     0.9209     0.9976     0.8776     0.9074     0.9074     0.9432     0.7571     0.9494     0.9078     0.9383     0.9911     0.9269     0.9209     0.7500     0.9209     0.9209     0.9209     0.9209     0.9209     0.8906     0.8359     0.9209     0.9976     0.8776     0.9432     0.9432     0.9432     0.7571     0.9494     0.9078     0.9383     0.9911     0.9269     0.9209     0.7500     0.9209     0.9209     0.9209     0.9209     0.9209     0.8906     0.8359     0.9209     0.9976     0.8776     0.9504     0.9504     0.9432     0.7571     0.9494     0.9078     0.9383     0.9911     0.9269     0.9209     0.7500     0.9209     0.9209     0.9209     0.9209     0.9209     0.8906     0.8359     0.9209     0.9976     0.8776     0.9504     0.9504     0.9432     0.7571     0.9494     0.9078     0.9383     0.9911     0.9269     0.9209     0.7500     0.9209     0.9209     0.9209     0.9209     0.9209     0.8906     0.8359     0.9209     0.9976     0.8776     0.9146     0.9146     0.9432     0.7571     0.9494     0.9078     0.9383     0.9911     0.9269     0.9209     0.7500     0.9209     0.9209     0.9209     0.9209     0.9209     0.8906     0.8359     0.9209     0.9976     0.8776     0.9146     0.9146     0.9432     0.7571     0.9494     0.9078     0.9383     0.9911     0.9269     0.9209     0.7500     0.9209     0.9209     0.9209     0.9209     0.9209     0.8906     0.8359     0.9209     0.9976     0.8776     0.9432     0.9432     0.9432     0.7571     0.9494     0.9078     0.9383     0.9911     0.9269     0.9209     0.7500     0.9209     0.9209     0.9209     0.9209     0.9209     0.8906     0.8359     0.9209     0.9976     0.8776     0.9253     0.9253     0.9432     0.7571     0.9494     0.9078     0.9383     0.9911     0.9269     0.9209     0.7500     0.9209     0.9209     0.9209     0.9209     0.9209     0.8906     0.8359     0.9209     0.9976     0.8776     0.9289     0.9289     0.9432     0.7571     0.9494     0.9078     0.9383     0.9911     0.9269     0.9209     0.7500     0.9209     0.9209     0.9209     0.9209     0.9209     0.8906     0.8359     0.9209     0.9976     0.8776     0.9289     0.9289     0.9432     0.7571     0.9494     0.9078     0.9383     0.9911     0.9269     0.9209     0.7500     0.9209     0.9209     0.9209     0.9209     0.9209     0.8906     0.8359     0.9209     0.9976     0.8776     0.9396     0.9396     0.9432     0.7571     0.9494     0.9078     0.9383     0.9911     0.9269     0.9209     0.7500     0.9209     0.9209     0.9209     0.9209     0.9209     0.8906     0.8359     0.9209     0.9976     0.8776     0.9325     0.9325     0.9432     0.7571     0.9494     0.9078     0.9383     0.9911     0.9269     0.9209     0.7500     0.9209     0.9209     0.9209     0.9209     0.9209     0.8906     0.8359     0.9209     0.9976     0.8776     0.9933     0.9933     0.9432     0.7571     0.9494     0.9078     0.9383     0.9911     0.9269     0.9209     0.7500     0.9209     0.9209     0.9209     0.9209     0.9209     0.8906     0.8359     0.9209     0.9976     0.8776     0.8752     0.8752     0.9432     0.7571     0.9494     0.9078     0.9383     0.9911     0.9269     0.9209     0.7500     0.9209     0.9209     0.9209     0.9209     0.9209     0.8906     0.8359     0.9209     0.9976     0.8776     0.8943     0.8943     0.9432     0.7571     0.9494     0.9078     0.9383     0.9911     0.9269     0.9209     0.7500     0.9209     0.9209     0.9209     0.9209     0.9209     0.8906     0.8359     0.9209     0.9976     0.8776     0.9336     0.9117     0.9432     0.7571     0.9494     0.9078     0.9383     0.9911     0.9269     0.9209     0.7500
09/30/1979_24:00     0.9209     0.9209     0.9209     0.9209     0.9209     0.8906     0.8359     0.9209     0.9976     0.8776     0.9289     0.9289     0.9432     0.7571     0.9494     0.9078     0.9383     0.9911     0.9269     0.9209     0.7500     0.9209     0.9209     0.9209     0.9209     0.9209     0.8906     0.8359     0.9209     0.9976     0.8776     0.9003     0.9003     0.9432     0.7571     0.9494     0.9078     0.9383     0.9911     0.9269     0.9209     0.7500     0.9209     0.9209     0.9209     0.9209     0.9209     0.8906     0.8359     0.9209     0.9976     0.8776     0.9432     0.9432     0.9432     0.7571     0.9494     0.9078     0.9383     0.9911     0.9269     0.9209     0.7500     0.9209     0.9209     0.9209     0.9209     0.9209     0.8906     0.8359     0.9209     0.9976     0.8776     0.9146     0.9146     0.9432     0.7571     0.9494     0.9078     0.9383     0.9911     0.9269     0.9209     0.7500     0.9209     0.9209     0.9209     0.9209     0.9209     0.8906     0.8359     0.9209     0.9976     0.8776     0.9504     0.9504     0.9432     0.7571     0.9494     0.9078     0.9383     0.9911     0.9269     0.9209     0.7500     0.9209     0.9209     0.9209     0.9209     0.9209     0.8906     0.8359     0.9209     0.9976     0.8776     0.9074     0.9074     0.9432     0.7571     0.9494     0.9078     0.9383     0.9911     0.9269     0.9209     0.7500     0.9209     0.9209     0.9209     0.9209     0.9209     0.8906     0.8359     0.9209     0.9976     0.8776     0.9432     0.9432     0.9432     0.7571     0.9494     0.9078     0.9383     0.9911     0.9269     0.9209     0.7500     0.9209     0.9209     0.9209     0.9209     0.9209     0.8906     0.8359     0.9209     0.9976     0.8776     0.9504     0.9504     0.9432     0.7571     0.9494     0.9078     0.9383     0.9911     0.9269     0.9209     0.7500     0.9209     0.9209     0.9209     0.9209     0.9209     0.8906     0.8359     0.9209     0.9976     0.8776     0.9504     0.9504     0.9432     0.7571     0.9494     0.9078     0.9383     0.9911     0.9269     0.9209     0.7500     0.9209     0.9209     0.9209     0.9209     0.9209     0.8906     0.8359     0.9209     0.9976     0.8776     0.9146     0.9146     0.9432     0.7571     0.9494     0.9078     0.9383     0.9911     0.9269     0.9209     0.7500     0.9209     0.9209     0.9209     0.9209     0.9209     0.8906     0.8359     0.9209     0.9976     0.8776     0.9146     0.9146     0.9432     0.7571     0.9494     0.9078     0.9383     0.9911     0.9269     0.9209     0.7500     0.9209     0.9209     0.9209     0.9209     0.9209     0.8906     0.8359     0.9209     0.9976     0.8776     0.9432     0.9432     0.9432     0.7571     0.9494     0.9078     0.9383     0.9911     0.9269     0.9209     0.7500     0.9209     0.9209     0.9209     0.9209     0.9209     0.8906     0.8359     0.9209     0.9976     0.8776     0.9253     0.9253     0.9432     0.7571     0.9494     0.9078     0.9383     0.9911     0.9269     0.9209     0.7500     0.9209     0.9209     0.9209     0.9209     0.9209     0.8906     0.8359     0.9209     0.9976     0.8776     0.9289     0.9289     0.9432     0.7571     0.9494     0.9078     0.9383     0.9911     0.9269     0.9209     0.7500     0.9209     0.9209     0.9209     0.9209     0.9209     0.8906     0.8359     0.9209     0.9976     0.8776     0.9289     0.9289     0.9432     0.7571     0.9494     0.9078     0.9383     0.9911     0.9269     0.9209     0.7500     0.9209     0.9209     0.9209     0.9209     0.9209     0.8906     0.8359     0.9209     0.9976     0.8776     0.9396     0.9396     0.9432     0.7571     0.9494     0.9078     0.9383     0.9911     0.9269     0.9209     0.7500     0.9209     0.9209     0.9209     0.9209     0.9209     0.8906     0.8359     0.9209     0.9976     0.8776     0.9325     0.9325     0.9432     0.7571     0.9494     0.9078     0.9383     0.9911     0.9269     0.9209     0.7500     0.9209     0.9209     0.9209     0.9209     0.9209     0.8906     0.8359     0.9209     0.9976     0.8776     0.9933     0.9933     0.9432     0.7571     0.9494     0.9078     0.9383     0.9911     0.9269     0.9209     0.7500     0.9209     0.9209     0.9209     0.9209     0.9209     0.8906     0.8359     0.9209     0.9976     0.8776     0.8752     0.8752     0.9432     0.7571     0.9494     0.9078     0.9383     0.9911     0.9269     0.9209     0.7500     0.9209     0.9209     0.9209     0.9209     0.9209     0.8906     0.8359     0.9209     0.9976     0.8776     0.8943     0.8943     0.9432     0.7571     0.9494     0.9078     0.9383     0.9911     0.9269     0.9209     0.7500     0.9209     0.9209     0.9209     0.9209     0.9209     0.8906     0.8359     0.9209     0.9976     0.8776     0.9336     0.9117     0.9432     0.7571     0.9494     0.9078     0.9383     0.9911     0.9269     0.9209     0.7500
09/30/1980_24:00     0.9209     0.9209     0.9209     0.9209     0.9209     0.8906     0.8359     0.9209     0.9976     0.8776     0.9289     0.9289     0.9432     0.7571     0.9494     0.9078     0.9383     0.9911     0.9269     0.9209     0.7500     0.9209     0.9209     0.9209     0.9209     0.9209     0.8906     0.8359     0.9209     0.9976     0.8776     0.9003     0.9003     0.9432     0.7571     0.9494     0.9078     0.9383     0.9911     0.9269     0.9209     0.7500     0.9209     0.9209     0.9209     0.9209     0.9209     0.8906     0.8359     0.9209     0.9976     0.8776     0.9432     0.9432     0.9432     0.7571     0.9494     0.9078     0.9383     0.9911     0.9269     0.9209     0.7500     0.9209     0.9209     0.9209     0.9209     0.9209     0.8906     0.8359     0.9209     0.9976     0.8776     0.9146     0.9146     0.9432     0.7571     0.9494     0.9078     0.9383     0.9911     0.9269     0.9209     0.7500     0.9209     0.9209     0.9209     0.9209     0.9209     0.8906     0.8359     0.9209     0.9976     0.8776     0.9504     0.9504     0.9432     0.7571     0.9494     0.9078     0.9383     0.9911     0.9269     0.9209     0.7500     0.9209     0.9209     0.9209     0.9209     0.9209     0.8906     0.8359     0.9209     0.9976     0.8776     0.9074     0.9074     0.9432     0.7571     0.9494     0.9078     0.9383     0.9911     0.9269     0.9209     0.7500     0.9209     0.9209     0.9209     0.9209     0.9209     0.8906     0.8359     0.9209     0.9976     0.8776     0.9432     0.9432     0.9432     0.7571     0.9494     0.9078     0.9383     0.9911     0.9269     0.9209     0.7500     0.9209     0.9209     0.9209     0.9209     0.9209     0.8906     0.8359     0.9209     0.9976     0.8776     0.9504     0.9504     0.9432     0.7571     0.9494     0.9078     0.9383     0.9911     0.9269     0.9209     0.7500     0.9209     0.9209     0.9209     0.9209     0.9209     0.8906     0.8359     0.9209     0.9976     0.8776     0.9504     0.9504     0.9432     0.7571     0.9494     0.9078     0.9383     0.9911     0.9269     0.9209     0.7500     0.9209     0.9209     0.9209     0.9209     0.9209     0.8906     0.8359     0.9209     0.9976     0.8776     0.9146     0.9146     0.9432     0.7571     0.9494     0.9078     0.9383     0.9911     0.9269     0.9209     0.7500     0.9209     0.9209     0.9209     0.9209     0.9209     0.8906     0.8359     0.9209     0.9976     0.8776     0.9146     0.9146     0.9432     0.7571     0.9494     0.9078     0.9383     0.9911     0.9269     0.9209     0.7500     0.9209     0.9209     0.9209     0.9209     0.9209     0.8906     0.8359     0.9209     0.9976     0.8776     0.9432     0.9432     0.9432     0.7571     0.9494     0.9078     0.9383     0.9911     0.9269     0.9209     0.7500     0.9209     0.9209     0.9209     0.9209     0.9209     0.8906     0.8359     0.9209     0.9976     0.8776     0.9253     0.9253     0.9432     0.7571     0.9494     0.9078     0.9383     0.9911     0.9269     0.9209     0.7500     0.9209     0.9209     0.9209     0.9209     0.9209     0.8906     0.8359     0.9209     0.9976     0.8776     0.9289     0.9289     0.9432     0.7571     0.9494     0.9078     0.9383     0.9911     0.9269     0.9209     0.7500     0.9209     0.9209     0.9209     0.9209     0.9209     0.8906     0.8359     0.9209     0.9976     0.8776     0.9289     0.9289     0.9432     0.7571     0.9494     0.9078     0.9383     0.9911     0.9269     0.9209     0.7500     0.9209     0.9209     0.9209     0.9209     0.9209     0.8906     0.8359     0.9209     0.9976     0.8776     0.9396     0.9396     0.9432     0.7571     0.9494     0.9078     0.9383     0.9911     0.9269     0.9209     0.7500     0.9209     0.9209     0.9209     0.9209     0.9209     0.8906     0.8359     0.9209     0.9976     0.8776     0.9325     0.9325     0.9432     0.7571     0.9494     0.9078     0.9383     0.9911     0.9269     0.9209     0.7500     0.9209     0.9209     0.9209     0.9209     0.9209     0.8906     0.8359     0.9209     0.9976     0.8776     0.9933     0.9933     0.9432     0.7571     0.9494     0.9078     0.9383     0.9911     0.9269     0.9209     0.7500     0.9209     0.9209     0.9209     0.9209     0.9209     0.8906     0.8359     0.9209     0.9976     0.8776     0.8752     0.8752     0.9432     0.7571     0.9494     0.9078     0.9383     0.9911     0.9269     0.9209     0.7500     0.9209     0.9209     0.9209     0.9209     0.9209     0.8906     0.8359     0.9209     0.9976     0.8776     0.8943     0.8943     0.9432     0.7571     0.9494     0.9078     0.9383     0.9911     0.9269     0.9209     0.7500     0.9209     0.9209     0.9209     0.9209     0.9209     0.8906     0.8359     0.9209     0.9976     0.8776     0.9336     0.9117     0.9432     0.7571     0.9494     0.9078     0.9383     0.9911     0.9269     0.9209     0.7500
09/30/1981_24:00     0.9209     0.9209     0.9209     0.9209     0.9209     0.8906     0.8359     0.9209     0.9976     0.8776     0.9289     0.9289     0.9432     0.7571     0.9494     0.9078     0.9383     0.9911     0.9269     0.9209     0.7500     0.9209     0.9209     0.9209     0.9209     0.9209     0.8906     0.8359     0.9209     0.9976     0.8776     0.9003     0.9003     0.9432     0.7571     0.9494     0.9078     0.9383     0.9911     0.9269     0.9209     0.7500     0.9209     0.9209     0.9209     0.9209     0.9209     0.8906     0.8359     0.9209     0.9976     0.8776     0.9432     0.9432     0.9432     0.7571     0.9494     0.9078     0.9383     0.9911     0.9269     0.9209     0.7500     0.9209     0.9209     0.9209     0.9209     0.9209     0.8906     0.8359     0.9209     0.9976     0.8776     0.9146     0.9146     0.9432     0.7571     0.9494     0.9078     0.9383     0.9911     0.9269     0.9209     0.7500     0.9209     0.9209     0.9209     0.9209     0.9209     0.8906     0.8359     0.9209     0.9976     0.8776     0.9504     0.9504     0.9432     0.7571     0.9494     0.9078     0.9383     0.9911     0.9269     0.9209     0.7500     0.9209     0.9209     0.9209     0.9209     0.9209     0.8906     0.8359     0.9209     0.9976     0.8776     0.9074     0.9074     0.9432     0.7571     0.9494     0.9078     0.9383     0.9911     0.9269     0.9209     0.7500     0.9209     0.9209     0.9209     0.9209     0.9209     0.8906     0.8359     0.9209     0.9976     0.8776     0.9432     0.9432     0.9432     0.7571     0.9494     0.9078     0.9383     0.9911     0.9269     0.9209     0.7500     0.9209     0.9209     0.9209     0.9209     0.9209     0.8906     0.8359     0.9209     0.9976     0.8776     0.9504     0.9504     0.9432     0.7571     0.9494     0.9078     0.9383     0.9911     0.9269     0.9209     0.7500     0.9209     0.9209     0.9209     0.9209     0.9209     0.8906     0.8359     0.9209     0.9976     0.8776     0.9504     0.9504     0.9432     0.7571     0.9494     0.9078     0.9383     0.9911     0.9269     0.9209     0.7500     0.9209     0.9209     0.9209     0.9209     0.9209     0.8906     0.8359     0.9209     0.9976     0.8776     0.9146     0.9146     0.9432     0.7571     0.9494     0.9078     0.9383     0.9911     0.9269     0.9209     0.7500     0.9209     0.9209     0.9209     0.9209     0.9209     0.8906     0.8359     0.9209     0.9976     0.8776     0.9146     0.9146     0.9432     0.7571     0.9494     0.9078     0.9383     0.9911     0.9269     0.9209     0.7500     0.9209     0.9209     0.9209     0.9209     0.9209     0.8906     0.8359     0.9209     0.9976     0.8776     0.9432     0.9432     0.9432     0.7571     0.9494     0.9078     0.9383     0.9911     0.9269     0.9209     0.7500     0.9209     0.9209     0.9209     0.9209     0.9209     0.8906     0.8359     0.9209     0.9976     0.8776     0.9253     0.9253     0.9432     0.7571     0.9494     0.9078     0.9383     0.9911     0.9269     0.9209     0.7500     0.9209     0.9209     0.9209     0.9209     0.9209     0.8906     0.8359     0.9209     0.9976     0.8776     0.9289     0.9289     0.9432     0.7571     0.9494     0.9078     0.9383     0.9911     0.9269     0.9209     0.7500     0.9209     0.9209     0.9209     0.9209     0.9209     0.8906     0.8359     0.9209     0.9976     0.8776     0.9289     0.9289     0.9432     0.7571     0.9494     0.9078     0.9383     0.9911     0.9269     0.9209     0.7500     0.9209     0.9209     0.9209     0.9209     0.9209     0.8906     0.8359     0.9209     0.9976     0.8776     0.9396     0.9396     0.9432     0.7571     0.9494     0.9078     0.9383     0.9911     0.9269     0.9209     0.7500     0.9209     0.9209     0.9209     0.9209     0.9209     0.8906     0.8359     0.9209     0.9976     0.8776     0.9325     0.9325     0.9432     0.7571     0.9494     0.9078     0.9383     0.9911     0.9269     0.9209     0.7500     0.9209     0.9209     0.9209     0.9209     0.9209     0.8906     0.8359     0.9209     0.9976     0.8776     0.9933     0.9933     0.9432     0.7571     0.9494     0.9078     0.9383     0.9911     0.9269     0.9209     0.7500     0.9209     0.9209     0.9209     0.9209     0.9209     0.8906     0.8359     0.9209     0.9976     0.8776     0.8752     0.8752     0.9432     0.7571     0.9494     0.9078     0.9383     0.9911     0.9269     0.9209     0.7500     0.9209     0.9209     0.9209     0.9209     0.9209     0.8906     0.8359     0.9209     0.9976     0.8776     0.8943     0.8943     0.9432     0.7571     0.9494     0.9078     0.9383     0.9911     0.9269     0.9209     0.7500     0.9209     0.9209     0.9209     0.9209     0.9209     0.8906     0.8359     0.9209     0.9976     0.8776     0.9336     0.9117     0.9432     0.7571     0.9494     0.9078     0.9383     0.9911     0.9269     0.9209     0.7500
09/30/1982_24:00     0.9209     0.9209     0.9209     0.9209     0.9209     0.8906     0.8359     0.9209     0.9976     0.8776     0.9289     0.9289     0.9432     0.7571     0.9494     0.9078     0.9383     0.9911     0.9269     0.9209     0.7500     0.9209     0.9209     0.9209     0.9209     0.9209     0.8906     0.8359     0.9209     0.9976     0.8776     0.9003     0.9003     0.9432     0.7571     0.9494     0.9078     0.9383     0.9911     0.9269     0.9209     0.7500     0.9209     0.9209     0.9209     0.9209     0.9209     0.8906     0.8359     0.9209     0.9976     0.8776     0.9432     0.9432     0.9432     0.7571     0.9494     0.9078     0.9383     0.9911     0.9269     0.9209     0.7500     0.9209     0.9209     0.9209     0.9209     0.9209     0.8906     0.8359     0.9209     0.9976     0.8776     0.9146     0.9146     0.9432     0.7571     0.9494     0.9078     0.9383     0.9911     0.9269     0.9209     0.7500     0.9209     0.9209     0.9209     0.9209     0.9209     0.8906     0.8359     0.9209     0.9976     0.8776     0.9504     0.9504     0.9432     0.7571     0.9494     0.9078     0.9383     0.9911     0.9269     0.9209     0.7500     0.9209     0.9209     0.9209     0.9209     0.9209     0.8906     0.8359     0.9209     0.9976     0.8776     0.9074     0.9074     0.9432     0.7571     0.9494     0.9078     0.9383     0.9911     0.9269     0.9209     0.7500     0.9209     0.9209     0.9209     0.9209     0.9209     0.8906     0.8359     0.9209     0.9976     0.8776     0.9432     0.9432     0.9432     0.7571     0.9494     0.9078     0.9383     0.9911     0.9269     0.9209     0.7500     0.9209     0.9209     0.9209     0.9209     0.9209     0.8906     0.8359     0.9209     0.9976     0.8776     0.9504     0.9504     0.9432     0.7571     0.9494     0.9078     0.9383     0.9911     0.9269     0.9209     0.7500     0.9209     0.9209     0.9209     0.9209     0.9209     0.8906     0.8359     0.9209     0.9976     0.8776     0.9504     0.9504     0.9432     0.7571     0.9494     0.9078     0.9383     0.9911     0.9269     0.9209     0.7500     0.9209     0.9209     0.9209     0.9209     0.9209     0.8906     0.8359     0.9209     0.9976     0.8776     0.9146     0.9146     0.9432     0.7571     0.9494     0.9078     0.9383     0.9911     0.9269     0.9209     0.7500     0.9209     0.9209     0.9209     0.9209     0.9209     0.8906     0.8359     0.9209     0.9976     0.8776     0.9146     0.9146     0.9432     0.7571     0.9494     0.9078     0.9383     0.9911     0.9269     0.9209     0.7500     0.9209     0.9209     0.9209     0.9209     0.9209     0.8906     0.8359     0.9209     0.9976     0.8776     0.9432     0.9432     0.9432     0.7571     0.9494     0.9078     0.9383     0.9911     0.9269     0.9209     0.7500     0.9209     0.9209     0.9209     0.9209     0.9209     0.8906     0.8359     0.9209     0.9976     0.8776     0.9253     0.9253     0.9432     0.7571     0.9494     0.9078     0.9383     0.9911     0.9269     0.9209     0.7500     0.9209     0.9209     0.9209     0.9209     0.9209     0.8906     0.8359     0.9209     0.9976     0.8776     0.9289     0.9289     0.9432     0.7571     0.9494     0.9078     0.9383     0.9911     0.9269     0.9209     0.7500     0.9209     0.9209     0.9209     0.9209     0.9209     0.8906     0.8359     0.9209     0.9976     0.8776     0.9289     0.9289     0.9432     0.7571     0.9494     0.9078     0.9383     0.9911     0.9269     0.9209     0.7500     0.9209     0.9209     0.9209     0.9209     0.9209     0.8906     0.8359     0.9209     0.9976     0.8776     0.9396     0.9396     0.9432     0.7571     0.9494     0.9078     0.9383     0.9911     0.9269     0.9209     0.7500     0.9209     0.9209     0.9209     0.9209     0.9209     0.8906     0.8359     0.9209     0.9976     0.8776     0.9325     0.9325     0.9432     0.7571     0.9494     0.9078     0.9383     0.9911     0.9269     0.9209     0.7500     0.9209     0.9209     0.9209     0.9209     0.9209     0.8906     0.8359     0.9209     0.9976     0.8776     0.9933     0.9933     0.9432     0.7571     0.9494     0.9078     0.9383     0.9911     0.9269     0.9209     0.7500     0.9209     0.9209     0.9209     0.9209     0.9209     0.8906     0.8359     0.9209     0.9976     0.8776     0.8752     0.8752     0.9432     0.7571     0.9494     0.9078     0.9383     0.9911     0.9269     0.9209     0.7500     0.9209     0.9209     0.9209     0.9209     0.9209     0.8906     0.8359     0.9209     0.9976     0.8776     0.8943     0.8943     0.9432     0.7571     0.9494     0.9078     0.9383     0.9911     0.9269     0.9209     0.7500     0.9209     0.9209     0.9209     0.9209     0.9209     0.8906     0.8359     0.9209     0.9976     0.8776     0.9336     0.9117     0.9432     0.7571     0.9494     0.9078     0.9383     0.9911     0.9269     0.9209     0.7500
09/30/1983_24:00     0.9209     0.9209     0.9209     0.9209     0.9209     0.8906     0.8359     0.9209     0.9976     0.8776     0.9289     0.9289     0.9432     0.7571     0.9494     0.9078     0.9383     0.9911     0.9269     0.9209     0.7500     0.9209     0.9209     0.9209     0.9209     0.9209     0.8906     0.8359     0.9209     0.9976     0.8776     0.9003     0.9003     0.9432     0.7571     0.9494     0.9078     0.9383     0.9911     0.9269     0.9209     0.7500     0.9209     0.9209     0.9209     0.9209     0.9209     0.8906     0.8359     0.9209     0.9976     0.8776     0.9432     0.9432     0.9432     0.7571     0.9494     0.9078     0.9383     0.9911     0.9269     0.9209     0.7500     0.9209     0.9209     0.9209     0.9209     0.9209     0.8906     0.8359     0.9209     0.9976     0.8776     0.9146     0.9146     0.9432     0.7571     0.9494     0.9078     0.9383     0.9911     0.9269     0.9209     0.7500     0.9209     0.9209     0.9209     0.9209     0.9209     0.8906     0.8359     0.9209     0.9976     0.8776     0.9504     0.9504     0.9432     0.7571     0.9494     0.9078     0.9383     0.9911     0.9269     0.9209     0.7500     0.9209     0.9209     0.9209     0.9209     0.9209     0.8906     0.8359     0.9209     0.9976     0.8776     0.9074     0.9074     0.9432     0.7571     0.9494     0.9078     0.9383     0.9911     0.9269     0.9209     0.7500     0.9209     0.9209     0.9209     0.9209     0.9209     0.8906     0.8359     0.9209     0.9976     0.8776     0.9432     0.9432     0.9432     0.7571     0.9494     0.9078     0.9383     0.9911     0.9269     0.9209     0.7500     0.9209     0.9209     0.9209     0.9209     0.9209     0.8906     0.8359     0.9209     0.9976     0.8776     0.9504     0.9504     0.9432     0.7571     0.9494     0.9078     0.9383     0.9911     0.9269     0.9209     0.7500     0.9209     0.9209     0.9209     0.9209     0.9209     0.8906     0.8359     0.9209     0.9976     0.8776     0.9504     0.9504     0.9432     0.7571     0.9494     0.9078     0.9383     0.9911     0.9269     0.9209     0.7500     0.9209     0.9209     0.9209     0.9209     0.9209     0.8906     0.8359     0.9209     0.9976     0.8776     0.9146     0.9146     0.9432     0.7571     0.9494     0.9078     0.9383     0.9911     0.9269     0.9209     0.7500     0.9209     0.9209     0.9209     0.9209     0.9209     0.8906     0.8359     0.9209     0.9976     0.8776     0.9146     0.9146     0.9432     0.7571     0.9494     0.9078     0.9383     0.9911     0.9269     0.9209     0.7500     0.9209     0.9209     0.9209     0.9209     0.9209     0.8906     0.8359     0.9209     0.9976     0.8776     0.9432     0.9432     0.9432     0.7571     0.9494     0.9078     0.9383     0.9911     0.9269     0.9209     0.7500     0.9209     0.9209     0.9209     0.9209     0.9209     0.8906     0.8359     0.9209     0.9976     0.8776     0.9253     0.9253     0.9432     0.7571     0.9494     0.9078     0.9383     0.9911     0.9269     0.9209     0.7500     0.9209     0.9209     0.9209     0.9209     0.9209     0.8906     0.8359     0.9209     0.9976     0.8776     0.9289     0.9289     0.9432     0.7571     0.9494     0.9078     0.9383     0.9911     0.9269     0.9209     0.7500     0.9209     0.9209     0.9209     0.9209     0.9209     0.8906     0.8359     0.9209     0.9976     0.8776     0.9289     0.9289     0.9432     0.7571     0.9494     0.9078     0.9383     0.9911     0.9269     0.9209     0.7500     0.9209     0.9209     0.9209     0.9209     0.9209     0.8906     0.8359     0.9209     0.9976     0.8776     0.9396     0.9396     0.9432     0.7571     0.9494     0.9078     0.9383     0.9911     0.9269     0.9209     0.7500     0.9209     0.9209     0.9209     0.9209     0.9209     0.8906     0.8359     0.9209     0.9976     0.8776     0.9325     0.9325     0.9432     0.7571     0.9494     0.9078     0.9383     0.9911     0.9269     0.9209     0.7500     0.9209     0.9209     0.9209     0.9209     0.9209     0.8906     0.8359     0.9209     0.9976     0.8776     0.9933     0.9933     0.9432     0.7571     0.9494     0.9078     0.9383     0.9911     0.9269     0.9209     0.7500     0.9209     0.9209     0.9209     0.9209     0.9209     0.8906     0.8359     0.9209     0.9976     0.8776     0.8752     0.8752     0.9432     0.7571     0.9494     0.9078     0.9383     0.9911     0.9269     0.9209     0.7500     0.9209     0.9209     0.9209     0.9209     0.9209     0.8906     0.8359     0.9209     0.9976     0.8776     0.8943     0.8943     0.9432     0.7571     0.9494     0.9078     0.9383     0.9911     0.9269     0.9209     0.7500     0.9209     0.9209     0.9209     0.9209     0.9209     0.8906     0.8359     0.9209     0.9976     0.8776     0.9336     0.9117     0.9432     0.7571     0.9494     0.9078     0.9383     0.9911     0.9269     0.9209     0.7500
09/30/1984_24:00     0.9209     0.9209     0.9209     0.9209     0.9209     0.8906     0.8359     0.9209     0.9976     0.8776     0.9289     0.9289     0.9432     0.7571     0.9494     0.9078     0.9383     0.9911     0.9269     0.9209     0.7500     0.9209     0.9209     0.9209     0.9209     0.9209     0.8906     0.8359     0.9209     0.9976     0.8776     0.9003     0.9003     0.9432     0.7571     0.9494     0.9078     0.9383     0.9911     0.9269     0.9209     0.7500     0.9209     0.9209     0.9209     0.9209     0.9209     0.8906     0.8359     0.9209     0.9976     0.8776     0.9432     0.9432     0.9432     0.7571     0.9494     0.9078     0.9383     0.9911     0.9269     0.9209     0.7500     0.9209     0.9209     0.9209     0.9209     0.9209     0.8906     0.8359     0.9209     0.9976     0.8776     0.9146     0.9146     0.9432     0.7571     0.9494     0.9078     0.9383     0.9911     0.9269     0.9209     0.7500     0.9209     0.9209     0.9209     0.9209     0.9209     0.8906     0.8359     0.9209     0.9976     0.8776     0.9504     0.9504     0.9432     0.7571     0.9494     0.9078     0.9383     0.9911     0.9269     0.9209     0.7500     0.9209     0.9209     0.9209     0.9209     0.9209     0.8906     0.8359     0.9209     0.9976     0.8776     0.9074     0.9074     0.9432     0.7571     0.9494     0.9078     0.9383     0.9911     0.9269     0.9209     0.7500     0.9209     0.9209     0.9209     0.9209     0.9209     0.8906     0.8359     0.9209     0.9976     0.8776     0.9432     0.9432     0.9432     0.7571     0.9494     0.9078     0.9383     0.9911     0.9269     0.9209     0.7500     0.9209     0.9209     0.9209     0.9209     0.9209     0.8906     0.8359     0.9209     0.9976     0.8776     0.9504     0.9504     0.9432     0.7571     0.9494     0.9078     0.9383     0.9911     0.9269     0.9209     0.7500     0.9209     0.9209     0.9209     0.9209     0.9209     0.8906     0.8359     0.9209     0.9976     0.8776     0.9504     0.9504     0.9432     0.7571     0.9494     0.9078     0.9383     0.9911     0.9269     0.9209     0.7500     0.9209     0.9209     0.9209     0.9209     0.9209     0.8906     0.8359     0.9209     0.9976     0.8776     0.9146     0.9146     0.9432     0.7571     0.9494     0.9078     0.9383     0.9911     0.9269     0.9209     0.7500     0.9209     0.9209     0.9209     0.9209     0.9209     0.8906     0.8359     0.9209     0.9976     0.8776     0.9146     0.9146     0.9432     0.7571     0.9494     0.9078     0.9383     0.9911     0.9269     0.9209     0.7500     0.9209     0.9209     0.9209     0.9209     0.9209     0.8906     0.8359     0.9209     0.9976     0.8776     0.9432     0.9432     0.9432     0.7571     0.9494     0.9078     0.9383     0.9911     0.9269     0.9209     0.7500     0.9209     0.9209     0.9209     0.9209     0.9209     0.8906     0.8359     0.9209     0.9976     0.8776     0.9253     0.9253     0.9432     0.7571     0.9494     0.9078     0.9383     0.9911     0.9269     0.9209     0.7500     0.9209     0.9209     0.9209     0.9209     0.9209     0.8906     0.8359     0.9209     0.9976     0.8776     0.9289     0.9289     0.9432     0.7571     0.9494     0.9078     0.9383     0.9911     0.9269     0.9209     0.7500     0.9209     0.9209     0.9209     0.9209     0.9209     0.8906     0.8359     0.9209     0.9976     0.8776     0.9289     0.9289     0.9432     0.7571     0.9494     0.9078     0.9383     0.9911     0.9269     0.9209     0.7500     0.9209     0.9209     0.9209     0.9209     0.9209     0.8906     0.8359     0.9209     0.9976     0.8776     0.9396     0.9396     0.9432     0.7571     0.9494     0.9078     0.9383     0.9911     0.9269     0.9209     0.7500     0.9209     0.9209     0.9209     0.9209     0.9209     0.8906     0.8359     0.9209     0.9976     0.8776     0.9325     0.9325     0.9432     0.7571     0.9494     0.9078     0.9383     0.9911     0.9269     0.9209     0.7500     0.9209     0.9209     0.9209     0.9209     0.9209     0.8906     0.8359     0.9209     0.9976     0.8776     0.9933     0.9933     0.9432     0.7571     0.9494     0.9078     0.9383     0.9911     0.9269     0.9209     0.7500     0.9209     0.9209     0.9209     0.9209     0.9209     0.8906     0.8359     0.9209     0.9976     0.8776     0.8752     0.8752     0.9432     0.7571     0.9494     0.9078     0.9383     0.9911     0.9269     0.9209     0.7500     0.9209     0.9209     0.9209     0.9209     0.9209     0.8906     0.8359     0.9209     0.9976     0.8776     0.8943     0.8943     0.9432     0.7571     0.9494     0.9078     0.9383     0.9911     0.9269     0.9209     0.7500     0.9209     0.9209     0.9209     0.9209     0.9209     0.8906     0.8359     0.9209     0.9976     0.8776     0.9336     0.9117     0.9432     0.7571     0.9494     0.9078     0.9383     0.9911     0.9269     0.9209     0.7500
09/30/1985_24:00     0.9209     0.9209     0.9209     0.9209     0.9209     0.8906     0.8359     0.9209     0.9976     0.8776     0.9289     0.9289     0.9432     0.7571     0.9494     0.9078     0.9383     0.9911     0.9269     0.9209     0.7500     0.9209     0.9209     0.9209     0.9209     0.9209     0.8906     0.8359     0.9209     0.9976     0.8776     0.9003     0.9003     0.9432     0.7571     0.9494     0.9078     0.9383     0.9911     0.9269     0.9209     0.7500     0.9209     0.9209     0.9209     0.9209     0.9209     0.8906     0.8359     0.9209     0.9976     0.8776     0.9432     0.9432     0.9432     0.7571     0.9494     0.9078     0.9383     0.9911     0.9269     0.9209     0.7500     0.9209     0.9209     0.9209     0.9209     0.9209     0.8906     0.8359     0.9209     0.9976     0.8776     0.9146     0.9146     0.9432     0.7571     0.9494     0.9078     0.9383     0.9911     0.9269     0.9209     0.7500     0.9209     0.9209     0.9209     0.9209     0.9209     0.8906     0.8359     0.9209     0.9976     0.8776     0.9504     0.9504     0.9432     0.7571     0.9494     0.9078     0.9383     0.9911     0.9269     0.9209     0.7500     0.9209     0.9209     0.9209     0.9209     0.9209     0.8906     0.8359     0.9209     0.9976     0.8776     0.9074     0.9074     0.9432     0.7571     0.9494     0.9078     0.9383     0.9911     0.9269     0.9209     0.7500     0.9209     0.9209     0.9209     0.9209     0.9209     0.8906     0.8359     0.9209     0.9976     0.8776     0.9432     0.9432     0.9432     0.7571     0.9494     0.9078     0.9383     0.9911     0.9269     0.9209     0.7500     0.9209     0.9209     0.9209     0.9209     0.9209     0.8906     0.8359     0.9209     0.9976     0.8776     0.9504     0.9504     0.9432     0.7571     0.9494     0.9078     0.9383     0.9911     0.9269     0.9209     0.7500     0.9209     0.9209     0.9209     0.9209     0.9209     0.8906     0.8359     0.9209     0.9976     0.8776     0.9504     0.9504     0.9432     0.7571     0.9494     0.9078     0.9383     0.9911     0.9269     0.9209     0.7500     0.9209     0.9209     0.9209     0.9209     0.9209     0.8906     0.8359     0.9209     0.9976     0.8776     0.9146     0.9146     0.9432     0.7571     0.9494     0.9078     0.9383     0.9911     0.9269     0.9209     0.7500     0.9209     0.9209     0.9209     0.9209     0.9209     0.8906     0.8359     0.9209     0.9976     0.8776     0.9146     0.9146     0.9432     0.7571     0.9494     0.9078     0.9383     0.9911     0.9269     0.9209     0.7500     0.9209     0.9209     0.9209     0.9209     0.9209     0.8906     0.8359     0.9209     0.9976     0.8776     0.9432     0.9432     0.9432     0.7571     0.9494     0.9078     0.9383     0.9911     0.9269     0.9209     0.7500     0.9209     0.9209     0.9209     0.9209     0.9209     0.8906     0.8359     0.9209     0.9976     0.8776     0.9253     0.9253     0.9432     0.7571     0.9494     0.9078     0.9383     0.9911     0.9269     0.9209     0.7500     0.9209     0.9209     0.9209     0.9209     0.9209     0.8906     0.8359     0.9209     0.9976     0.8776     0.9289     0.9289     0.9432     0.7571     0.9494     0.9078     0.9383     0.9911     0.9269     0.9209     0.7500     0.9209     0.9209     0.9209     0.9209     0.9209     0.8906     0.8359     0.9209     0.9976     0.8776     0.9289     0.9289     0.9432     0.7571     0.9494     0.9078     0.9383     0.9911     0.9269     0.9209     0.7500     0.9209     0.9209     0.9209     0.9209     0.9209     0.8906     0.8359     0.9209     0.9976     0.8776     0.9396     0.9396     0.9432     0.7571     0.9494     0.9078     0.9383     0.9911     0.9269     0.9209     0.7500     0.9209     0.9209     0.9209     0.9209     0.9209     0.8906     0.8359     0.9209     0.9976     0.8776     0.9325     0.9325     0.9432     0.7571     0.9494     0.9078     0.9383     0.9911     0.9269     0.9209     0.7500     0.9209     0.9209     0.9209     0.9209     0.9209     0.8906     0.8359     0.9209     0.9976     0.8776     0.9933     0.9933     0.9432     0.7571     0.9494     0.9078     0.9383     0.9911     0.9269     0.9209     0.7500     0.9209     0.9209     0.9209     0.9209     0.9209     0.8906     0.8359     0.9209     0.9976     0.8776     0.8752     0.8752     0.9432     0.7571     0.9494     0.9078     0.9383     0.9911     0.9269     0.9209     0.7500     0.9209     0.9209     0.9209     0.9209     0.9209     0.8906     0.8359     0.9209     0.9976     0.8776     0.8943     0.8943     0.9432     0.7571     0.9494     0.9078     0.9383     0.9911     0.9269     0.9209     0.7500     0.9209     0.9209     0.9209     0.9209     0.9209     0.8906     0.8359     0.9209     0.9976     0.8776     0.9336     0.9117     0.9432     0.7571     0.9494     0.9078     0.9383     0.9911     0.9269     0.9209     0.7500
09/30/1986_24:00     0.9209     0.9209     0.9209     0.9209     0.9209     0.8906     0.8359     0.9209     0.9976     0.8776     0.9289     0.9289     0.9432     0.7571     0.9494     0.9078     0.9383     0.9911     0.9269     0.9209     0.7500     0.9209     0.9209     0.9209     0.9209     0.9209     0.8906     0.8359     0.9209     0.9976     0.8776     0.9003     0.9003     0.9432     0.7571     0.9494     0.9078     0.9383     0.9911     0.9269     0.9209     0.7500     0.9209     0.9209     0.9209     0.9209     0.9209     0.8906     0.8359     0.9209     0.9976     0.8776     0.9432     0.9432     0.9432     0.7571     0.9494     0.9078     0.9383     0.9911     0.9269     0.9209     0.7500     0.9209     0.9209     0.9209     0.9209     0.9209     0.8906     0.8359     0.9209     0.9976     0.8776     0.9146     0.9146     0.9432     0.7571     0.9494     0.9078     0.9383     0.9911     0.9269     0.9209     0.7500     0.9209     0.9209     0.9209     0.9209     0.9209     0.8906     0.8359     0.9209     0.9976     0.8776     0.9504     0.9504     0.9432     0.7571     0.9494     0.9078     0.9383     0.9911     0.9269     0.9209     0.7500     0.9209     0.9209     0.9209     0.9209     0.9209     0.8906     0.8359     0.9209     0.9976     0.8776     0.9074     0.9074     0.9432     0.7571     0.9494     0.9078     0.9383     0.9911     0.9269     0.9209     0.7500     0.9209     0.9209     0.9209     0.9209     0.9209     0.8906     0.8359     0.9209     0.9976     0.8776     0.9432     0.9432     0.9432     0.7571     0.9494     0.9078     0.9383     0.9911     0.9269     0.9209     0.7500     0.9209     0.9209     0.9209     0.9209     0.9209     0.8906     0.8359     0.9209     0.9976     0.8776     0.9504     0.9504     0.9432     0.7571     0.9494     0.9078     0.9383     0.9911     0.9269     0.9209     0.7500     0.9209     0.9209     0.9209     0.9209     0.9209     0.8906     0.8359     0.9209     0.9976     0.8776     0.9504     0.9504     0.9432     0.7571     0.9494     0.9078     0.9383     0.9911     0.9269     0.9209     0.7500     0.9209     0.9209     0.9209     0.9209     0.9209     0.8906     0.8359     0.9209     0.9976     0.8776     0.9146     0.9146     0.9432     0.7571     0.9494     0.9078     0.9383     0.9911     0.9269     0.9209     0.7500     0.9209     0.9209     0.9209     0.9209     0.9209     0.8906     0.8359     0.9209     0.9976     0.8776     0.9146     0.9146     0.9432     0.7571     0.9494     0.9078     0.9383     0.9911     0.9269     0.9209     0.7500     0.9209     0.9209     0.9209     0.9209     0.9209     0.8906     0.8359     0.9209     0.9976     0.8776     0.9432     0.9432     0.9432     0.7571     0.9494     0.9078     0.9383     0.9911     0.9269     0.9209     0.7500     0.9209     0.9209     0.9209     0.9209     0.9209     0.8906     0.8359     0.9209     0.9976     0.8776     0.9253     0.9253     0.9432     0.7571     0.9494     0.9078     0.9383     0.9911     0.9269     0.9209     0.7500     0.9209     0.9209     0.9209     0.9209     0.9209     0.8906     0.8359     0.9209     0.9976     0.8776     0.9289     0.9289     0.9432     0.7571     0.9494     0.9078     0.9383     0.9911     0.9269     0.9209     0.7500     0.9209     0.9209     0.9209     0.9209     0.9209     0.8906     0.8359     0.9209     0.9976     0.8776     0.9289     0.9289     0.9432     0.7571     0.9494     0.9078     0.9383     0.9911     0.9269     0.9209     0.7500     0.9209     0.9209     0.9209     0.9209     0.9209     0.8906     0.8359     0.9209     0.9976     0.8776     0.9396     0.9396     0.9432     0.7571     0.9494     0.9078     0.9383     0.9911     0.9269     0.9209     0.7500     0.9209     0.9209     0.9209     0.9209     0.9209     0.8906     0.8359     0.9209     0.9976     0.8776     0.9325     0.9325     0.9432     0.7571     0.9494     0.9078     0.9383     0.9911     0.9269     0.9209     0.7500     0.9209     0.9209     0.9209     0.9209     0.9209     0.8906     0.8359     0.9209     0.9976     0.8776     0.9933     0.9933     0.9432     0.7571     0.9494     0.9078     0.9383     0.9911     0.9269     0.9209     0.7500     0.9209     0.9209     0.9209     0.9209     0.9209     0.8906     0.8359     0.9209     0.9976     0.8776     0.8752     0.8752     0.9432     0.7571     0.9494     0.9078     0.9383     0.9911     0.9269     0.9209     0.7500     0.9209     0.9209     0.9209     0.9209     0.9209     0.8906     0.8359     0.9209     0.9976     0.8776     0.8943     0.8943     0.9432     0.7571     0.9494     0.9078     0.9383     0.9911     0.9269     0.9209     0.7500     0.9209     0.9209     0.9209     0.9209     0.9209     0.8906     0.8359     0.9209     0.9976     0.8776     0.9336     0.9117     0.9432     0.7571     0.9494     0.9078     0.9383     0.9911     0.9269     0.9209     0.7500
09/30/1987_24:00     0.9209     0.9209     0.9209     0.9209     0.9209     0.8906     0.8359     0.9209     0.9976     0.8776     0.9289     0.9289     0.9432     0.7571     0.9494     0.9078     0.9383     0.9911     0.9269     0.9209     0.7500     0.9209     0.9209     0.9209     0.9209     0.9209     0.8906     0.8359     0.9209     0.9976     0.8776     0.9003     0.9003     0.9432     0.7571     0.9494     0.9078     0.9383     0.9911     0.9269     0.9209     0.7500     0.9209     0.9209     0.9209     0.9209     0.9209     0.8906     0.8359     0.9209     0.9976     0.8776     0.9432     0.9432     0.9432     0.7571     0.9494     0.9078     0.9383     0.9911     0.9269     0.9209     0.7500     0.9209     0.9209     0.9209     0.9209     0.9209     0.8906     0.8359     0.9209     0.9976     0.8776     0.9146     0.9146     0.9432     0.7571     0.9494     0.9078     0.9383     0.9911     0.9269     0.9209     0.7500     0.9209     0.9209     0.9209     0.9209     0.9209     0.8906     0.8359     0.9209     0.9976     0.8776     0.9504     0.9504     0.9432     0.7571     0.9494     0.9078     0.9383     0.9911     0.9269     0.9209     0.7500     0.9209     0.9209     0.9209     0.9209     0.9209     0.8906     0.8359     0.9209     0.9976     0.8776     0.9074     0.9074     0.9432     0.7571     0.9494     0.9078     0.9383     0.9911     0.9269     0.9209     0.7500     0.9209     0.9209     0.9209     0.9209     0.9209     0.8906     0.8359     0.9209     0.9976     0.8776     0.9432     0.9432     0.9432     0.7571     0.9494     0.9078     0.9383     0.9911     0.9269     0.9209     0.7500     0.9209     0.9209     0.9209     0.9209     0.9209     0.8906     0.8359     0.9209     0.9976     0.8776     0.9504     0.9504     0.9432     0.7571     0.9494     0.9078     0.9383     0.9911     0.9269     0.9209     0.7500     0.9209     0.9209     0.9209     0.9209     0.9209     0.8906     0.8359     0.9209     0.9976     0.8776     0.9504     0.9504     0.9432     0.7571     0.9494     0.9078     0.9383     0.9911     0.9269     0.9209     0.7500     0.9209     0.9209     0.9209     0.9209     0.9209     0.8906     0.8359     0.9209     0.9976     0.8776     0.9146     0.9146     0.9432     0.7571     0.9494     0.9078     0.9383     0.9911     0.9269     0.9209     0.7500     0.9209     0.9209     0.9209     0.9209     0.9209     0.8906     0.8359     0.9209     0.9976     0.8776     0.9146     0.9146     0.9432     0.7571     0.9494     0.9078     0.9383     0.9911     0.9269     0.9209     0.7500     0.9209     0.9209     0.9209     0.9209     0.9209     0.8906     0.8359     0.9209     0.9976     0.8776     0.9432     0.9432     0.9432     0.7571     0.9494     0.9078     0.9383     0.9911     0.9269     0.9209     0.7500     0.9209     0.9209     0.9209     0.9209     0.9209     0.8906     0.8359     0.9209     0.9976     0.8776     0.9253     0.9253     0.9432     0.7571     0.9494     0.9078     0.9383     0.9911     0.9269     0.9209     0.7500     0.9209     0.9209     0.9209     0.9209     0.9209     0.8906     0.8359     0.9209     0.9976     0.8776     0.9289     0.9289     0.9432     0.7571     0.9494     0.9078     0.9383     0.9911     0.9269     0.9209     0.7500     0.9209     0.9209     0.9209     0.9209     0.9209     0.8906     0.8359     0.9209     0.9976     0.8776     0.9289     0.9289     0.9432     0.7571     0.9494     0.9078     0.9383     0.9911     0.9269     0.9209     0.7500     0.9209     0.9209     0.9209     0.9209     0.9209     0.8906     0.8359     0.9209     0.9976     0.8776     0.9396     0.9396     0.9432     0.7571     0.9494     0.9078     0.9383     0.9911     0.9269     0.9209     0.7500     0.9209     0.9209     0.9209     0.9209     0.9209     0.8906     0.8359     0.9209     0.9976     0.8776     0.9325     0.9325     0.9432     0.7571     0.9494     0.9078     0.9383     0.9911     0.9269     0.9209     0.7500     0.9209     0.9209     0.9209     0.9209     0.9209     0.8906     0.8359     0.9209     0.9976     0.8776     0.9933     0.9933     0.9432     0.7571     0.9494     0.9078     0.9383     0.9911     0.9269     0.9209     0.7500     0.9209     0.9209     0.9209     0.9209     0.9209     0.8906     0.8359     0.9209     0.9976     0.8776     0.8752     0.8752     0.9432     0.7571     0.9494     0.9078     0.9383     0.9911     0.9269     0.9209     0.7500     0.9209     0.9209     0.9209     0.9209     0.9209     0.8906     0.8359     0.9209     0.9976     0.8776     0.8943     0.8943     0.9432     0.7571     0.9494     0.9078     0.9383     0.9911     0.9269     0.9209     0.7500     0.9209     0.9209     0.9209     0.9209     0.9209     0.8906     0.8359     0.9209     0.9976     0.8776     0.9336     0.9117     0.9432     0.7571     0.9494     0.9078     0.9383     0.9911     0.9269     0.9209     0.7500
09/30/1988_24:00     0.9209     0.9209     0.9209     0.9209     0.9209     0.8906     0.8359     0.9209     0.9976     0.8776     0.9289     0.9289     0.9432     0.7571     0.9494     0.9078     0.9383     0.9911     0.9269     0.9209     0.7500     0.9209     0.9209     0.9209     0.9209     0.9209     0.8906     0.8359     0.9209     0.9976     0.8776     0.9003     0.9003     0.9432     0.7571     0.9494     0.9078     0.9383     0.9911     0.9269     0.9209     0.7500     0.9209     0.9209     0.9209     0.9209     0.9209     0.8906     0.8359     0.9209     0.9976     0.8776     0.9432     0.9432     0.9432     0.7571     0.9494     0.9078     0.9383     0.9911     0.9269     0.9209     0.7500     0.9209     0.9209     0.9209     0.9209     0.9209     0.8906     0.8359     0.9209     0.9976     0.8776     0.9146     0.9146     0.9432     0.7571     0.9494     0.9078     0.9383     0.9911     0.9269     0.9209     0.7500     0.9209     0.9209     0.9209     0.9209     0.9209     0.8906     0.8359     0.9209     0.9976     0.8776     0.9504     0.9504     0.9432     0.7571     0.9494     0.9078     0.9383     0.9911     0.9269     0.9209     0.7500     0.9209     0.9209     0.9209     0.9209     0.9209     0.8906     0.8359     0.9209     0.9976     0.8776     0.9074     0.9074     0.9432     0.7571     0.9494     0.9078     0.9383     0.9911     0.9269     0.9209     0.7500     0.9209     0.9209     0.9209     0.9209     0.9209     0.8906     0.8359     0.9209     0.9976     0.8776     0.9432     0.9432     0.9432     0.7571     0.9494     0.9078     0.9383     0.9911     0.9269     0.9209     0.7500     0.9209     0.9209     0.9209     0.9209     0.9209     0.8906     0.8359     0.9209     0.9976     0.8776     0.9504     0.9504     0.9432     0.7571     0.9494     0.9078     0.9383     0.9911     0.9269     0.9209     0.7500     0.9209     0.9209     0.9209     0.9209     0.9209     0.8906     0.8359     0.9209     0.9976     0.8776     0.9504     0.9504     0.9432     0.7571     0.9494     0.9078     0.9383     0.9911     0.9269     0.9209     0.7500     0.9209     0.9209     0.9209     0.9209     0.9209     0.8906     0.8359     0.9209     0.9976     0.8776     0.9146     0.9146     0.9432     0.7571     0.9494     0.9078     0.9383     0.9911     0.9269     0.9209     0.7500     0.9209     0.9209     0.9209     0.9209     0.9209     0.8906     0.8359     0.9209     0.9976     0.8776     0.9146     0.9146     0.9432     0.7571     0.9494     0.9078     0.9383     0.9911     0.9269     0.9209     0.7500     0.9209     0.9209     0.9209     0.9209     0.9209     0.8906     0.8359     0.9209     0.9976     0.8776     0.9432     0.9432     0.9432     0.7571     0.9494     0.9078     0.9383     0.9911     0.9269     0.9209     0.7500     0.9209     0.9209     0.9209     0.9209     0.9209     0.8906     0.8359     0.9209     0.9976     0.8776     0.9253     0.9253     0.9432     0.7571     0.9494     0.9078     0.9383     0.9911     0.9269     0.9209     0.7500     0.9209     0.9209     0.9209     0.9209     0.9209     0.8906     0.8359     0.9209     0.9976     0.8776     0.9289     0.9289     0.9432     0.7571     0.9494     0.9078     0.9383     0.9911     0.9269     0.9209     0.7500     0.9209     0.9209     0.9209     0.9209     0.9209     0.8906     0.8359     0.9209     0.9976     0.8776     0.9289     0.9289     0.9432     0.7571     0.9494     0.9078     0.9383     0.9911     0.9269     0.9209     0.7500     0.9209     0.9209     0.9209     0.9209     0.9209     0.8906     0.8359     0.9209     0.9976     0.8776     0.9396     0.9396     0.9432     0.7571     0.9494     0.9078     0.9383     0.9911     0.9269     0.9209     0.7500     0.9209     0.9209     0.9209     0.9209     0.9209     0.8906     0.8359     0.9209     0.9976     0.8776     0.9325     0.9325     0.9432     0.7571     0.9494     0.9078     0.9383     0.9911     0.9269     0.9209     0.7500     0.9209     0.9209     0.9209     0.9209     0.9209     0.8906     0.8359     0.9209     0.9976     0.8776     0.9933     0.9933     0.9432     0.7571     0.9494     0.9078     0.9383     0.9911     0.9269     0.9209     0.7500     0.9209     0.9209     0.9209     0.9209     0.9209     0.8906     0.8359     0.9209     0.9976     0.8776     0.8752     0.8752     0.9432     0.7571     0.9494     0.9078     0.9383     0.9911     0.9269     0.9209     0.7500     0.9209     0.9209     0.9209     0.9209     0.9209     0.8906     0.8359     0.9209     0.9976     0.8776     0.8943     0.8943     0.9432     0.7571     0.9494     0.9078     0.9383     0.9911     0.9269     0.9209     0.7500     0.9209     0.9209     0.9209     0.9209     0.9209     0.8906     0.8359     0.9209     0.9976     0.8776     0.9336     0.9117     0.9432     0.7571     0.9494     0.9078     0.9383     0.9911     0.9269     0.9209     0.7500
09/30/1989_24:00     0.9209     0.9209     0.9209     0.9209     0.9209     0.8906     0.8359     0.9209     0.9976     0.8776     0.9289     0.9289     0.9432     0.7571     0.9494     0.9078     0.9383     0.9911     0.9269     0.9209     0.7500     0.9209     0.9209     0.9209     0.9209     0.9209     0.8906     0.8359     0.9209     0.9976     0.8776     0.9003     0.9003     0.9432     0.7571     0.9494     0.9078     0.9383     0.9911     0.9269     0.9209     0.7500     0.9209     0.9209     0.9209     0.9209     0.9209     0.8906     0.8359     0.9209     0.9976     0.8776     0.9432     0.9432     0.9432     0.7571     0.9494     0.9078     0.9383     0.9911     0.9269     0.9209     0.7500     0.9209     0.9209     0.9209     0.9209     0.9209     0.8906     0.8359     0.9209     0.9976     0.8776     0.9146     0.9146     0.9432     0.7571     0.9494     0.9078     0.9383     0.9911     0.9269     0.9209     0.7500     0.9209     0.9209     0.9209     0.9209     0.9209     0.8906     0.8359     0.9209     0.9976     0.8776     0.9504     0.9504     0.9432     0.7571     0.9494     0.9078     0.9383     0.9911     0.9269     0.9209     0.7500     0.9209     0.9209     0.9209     0.9209     0.9209     0.8906     0.8359     0.9209     0.9976     0.8776     0.9074     0.9074     0.9432     0.7571     0.9494     0.9078     0.9383     0.9911     0.9269     0.9209     0.7500     0.9209     0.9209     0.9209     0.9209     0.9209     0.8906     0.8359     0.9209     0.9976     0.8776     0.9432     0.9432     0.9432     0.7571     0.9494     0.9078     0.9383     0.9911     0.9269     0.9209     0.7500     0.9209     0.9209     0.9209     0.9209     0.9209     0.8906     0.8359     0.9209     0.9976     0.8776     0.9504     0.9504     0.9432     0.7571     0.9494     0.9078     0.9383     0.9911     0.9269     0.9209     0.7500     0.9209     0.9209     0.9209     0.9209     0.9209     0.8906     0.8359     0.9209     0.9976     0.8776     0.9504     0.9504     0.9432     0.7571     0.9494     0.9078     0.9383     0.9911     0.9269     0.9209     0.7500     0.9209     0.9209     0.9209     0.9209     0.9209     0.8906     0.8359     0.9209     0.9976     0.8776     0.9146     0.9146     0.9432     0.7571     0.9494     0.9078     0.9383     0.9911     0.9269     0.9209     0.7500     0.9209     0.9209     0.9209     0.9209     0.9209     0.8906     0.8359     0.9209     0.9976     0.8776     0.9146     0.9146     0.9432     0.7571     0.9494     0.9078     0.9383     0.9911     0.9269     0.9209     0.7500     0.9209     0.9209     0.9209     0.9209     0.9209     0.8906     0.8359     0.9209     0.9976     0.8776     0.9432     0.9432     0.9432     0.7571     0.9494     0.9078     0.9383     0.9911     0.9269     0.9209     0.7500     0.9209     0.9209     0.9209     0.9209     0.9209     0.8906     0.8359     0.9209     0.9976     0.8776     0.9253     0.9253     0.9432     0.7571     0.9494     0.9078     0.9383     0.9911     0.9269     0.9209     0.7500     0.9209     0.9209     0.9209     0.9209     0.9209     0.8906     0.8359     0.9209     0.9976     0.8776     0.9289     0.9289     0.9432     0.7571     0.9494     0.9078     0.9383     0.9911     0.9269     0.9209     0.7500     0.9209     0.9209     0.9209     0.9209     0.9209     0.8906     0.8359     0.9209     0.9976     0.8776     0.9289     0.9289     0.9432     0.7571     0.9494     0.9078     0.9383     0.9911     0.9269     0.9209     0.7500     0.9209     0.9209     0.9209     0.9209     0.9209     0.8906     0.8359     0.9209     0.9976     0.8776     0.9396     0.9396     0.9432     0.7571     0.9494     0.9078     0.9383     0.9911     0.9269     0.9209     0.7500     0.9209     0.9209     0.9209     0.9209     0.9209     0.8906     0.8359     0.9209     0.9976     0.8776     0.9325     0.9325     0.9432     0.7571     0.9494     0.9078     0.9383     0.9911     0.9269     0.9209     0.7500     0.9209     0.9209     0.9209     0.9209     0.9209     0.8906     0.8359     0.9209     0.9976     0.8776     0.9933     0.9933     0.9432     0.7571     0.9494     0.9078     0.9383     0.9911     0.9269     0.9209     0.7500     0.9209     0.9209     0.9209     0.9209     0.9209     0.8906     0.8359     0.9209     0.9976     0.8776     0.8752     0.8752     0.9432     0.7571     0.9494     0.9078     0.9383     0.9911     0.9269     0.9209     0.7500     0.9209     0.9209     0.9209     0.9209     0.9209     0.8906     0.8359     0.9209     0.9976     0.8776     0.8943     0.8943     0.9432     0.7571     0.9494     0.9078     0.9383     0.9911     0.9269     0.9209     0.7500     0.9209     0.9209     0.9209     0.9209     0.9209     0.8906     0.8359     0.9209     0.9976     0.8776     0.9336     0.9117     0.9432     0.7571     0.9494     0.9078     0.9383     0.9911     0.9269     0.9209     0.7500
09/30/1990_24:00     0.9209     0.9209     0.9209     0.9209     0.9209     0.8906     0.8359     0.9209     0.9976     0.8776     0.9289     0.9289     0.9432     0.7571     0.9494     0.9078     0.9383     0.9911     0.9269     0.9209     0.7500     0.9209     0.9209     0.9209     0.9209     0.9209     0.8906     0.8359     0.9209     0.9976     0.8776     0.9003     0.9003     0.9432     0.7571     0.9494     0.9078     0.9383     0.9911     0.9269     0.9209     0.7500     0.9209     0.9209     0.9209     0.9209     0.9209     0.8906     0.8359     0.9209     0.9976     0.8776     0.9432     0.9432     0.9432     0.7571     0.9494     0.9078     0.9383     0.9911     0.9269     0.9209     0.7500     0.9209     0.9209     0.9209     0.9209     0.9209     0.8906     0.8359     0.9209     0.9976     0.8776     0.9146     0.9146     0.9432     0.7571     0.9494     0.9078     0.9383     0.9911     0.9269     0.9209     0.7500     0.9209     0.9209     0.9209     0.9209     0.9209     0.8906     0.8359     0.9209     0.9976     0.8776     0.9504     0.9504     0.9432     0.7571     0.9494     0.9078     0.9383     0.9911     0.9269     0.9209     0.7500     0.9209     0.9209     0.9209     0.9209     0.9209     0.8906     0.8359     0.9209     0.9976     0.8776     0.9074     0.9074     0.9432     0.7571     0.9494     0.9078     0.9383     0.9911     0.9269     0.9209     0.7500     0.9209     0.9209     0.9209     0.9209     0.9209     0.8906     0.8359     0.9209     0.9976     0.8776     0.9432     0.9432     0.9432     0.7571     0.9494     0.9078     0.9383     0.9911     0.9269     0.9209     0.7500     0.9209     0.9209     0.9209     0.9209     0.9209     0.8906     0.8359     0.9209     0.9976     0.8776     0.9504     0.9504     0.9432     0.7571     0.9494     0.9078     0.9383     0.9911     0.9269     0.9209     0.7500     0.9209     0.9209     0.9209     0.9209     0.9209     0.8906     0.8359     0.9209     0.9976     0.8776     0.9504     0.9504     0.9432     0.7571     0.9494     0.9078     0.9383     0.9911     0.9269     0.9209     0.7500     0.9209     0.9209     0.9209     0.9209     0.9209     0.8906     0.8359     0.9209     0.9976     0.8776     0.9146     0.9146     0.9432     0.7571     0.9494     0.9078     0.9383     0.9911     0.9269     0.9209     0.7500     0.9209     0.9209     0.9209     0.9209     0.9209     0.8906     0.8359     0.9209     0.9976     0.8776     0.9146     0.9146     0.9432     0.7571     0.9494     0.9078     0.9383     0.9911     0.9269     0.9209     0.7500     0.9209     0.9209     0.9209     0.9209     0.9209     0.8906     0.8359     0.9209     0.9976     0.8776     0.9432     0.9432     0.9432     0.7571     0.9494     0.9078     0.9383     0.9911     0.9269     0.9209     0.7500     0.9209     0.9209     0.9209     0.9209     0.9209     0.8906     0.8359     0.9209     0.9976     0.8776     0.9253     0.9253     0.9432     0.7571     0.9494     0.9078     0.9383     0.9911     0.9269     0.9209     0.7500     0.9209     0.9209     0.9209     0.9209     0.9209     0.8906     0.8359     0.9209     0.9976     0.8776     0.9289     0.9289     0.9432     0.7571     0.9494     0.9078     0.9383     0.9911     0.9269     0.9209     0.7500     0.9209     0.9209     0.9209     0.9209     0.9209     0.8906     0.8359     0.9209     0.9976     0.8776     0.9289     0.9289     0.9432     0.7571     0.9494     0.9078     0.9383     0.9911     0.9269     0.9209     0.7500     0.9209     0.9209     0.9209     0.9209     0.9209     0.8906     0.8359     0.9209     0.9976     0.8776     0.9396     0.9396     0.9432     0.7571     0.9494     0.9078     0.9383     0.9911     0.9269     0.9209     0.7500     0.9209     0.9209     0.9209     0.9209     0.9209     0.8906     0.8359     0.9209     0.9976     0.8776     0.9325     0.9325     0.9432     0.7571     0.9494     0.9078     0.9383     0.9911     0.9269     0.9209     0.7500     0.9209     0.9209     0.9209     0.9209     0.9209     0.8906     0.8359     0.9209     0.9976     0.8776     0.9933     0.9933     0.9432     0.7571     0.9494     0.9078     0.9383     0.9911     0.9269     0.9209     0.7500     0.9209     0.9209     0.9209     0.9209     0.9209     0.8906     0.8359     0.9209     0.9976     0.8776     0.8752     0.8752     0.9432     0.7571     0.9494     0.9078     0.9383     0.9911     0.9269     0.9209     0.7500     0.9209     0.9209     0.9209     0.9209     0.9209     0.8906     0.8359     0.9209     0.9976     0.8776     0.8943     0.8943     0.9432     0.7571     0.9494     0.9078     0.9383     0.9911     0.9269     0.9209     0.7500     0.9209     0.9209     0.9209     0.9209     0.9209     0.8906     0.8359     0.9209     0.9976     0.8776     0.9336     0.9117     0.9432     0.7571     0.9494     0.9078     0.9383     0.9911     0.9269     0.9209     0.7500
09/30/1991_24:00     0.9209     0.9209     0.9209     0.9209     0.9209     0.8906     0.8359     0.9209     0.9976     0.8776     0.9289     0.9289     0.9432     0.7571     0.9494     0.9078     0.9383     0.9911     0.9269     0.9209     0.7500     0.9209     0.9209     0.9209     0.9209     0.9209     0.8906     0.8359     0.9209     0.9976     0.8776     0.9003     0.9003     0.9432     0.7571     0.9494     0.9078     0.9383     0.9911     0.9269     0.9209     0.7500     0.9209     0.9209     0.9209     0.9209     0.9209     0.8906     0.8359     0.9209     0.9976     0.8776     0.9432     0.9432     0.9432     0.7571     0.9494     0.9078     0.9383     0.9911     0.9269     0.9209     0.7500     0.9209     0.9209     0.9209     0.9209     0.9209     0.8906     0.8359     0.9209     0.9976     0.8776     0.9146     0.9146     0.9432     0.7571     0.9494     0.9078     0.9383     0.9911     0.9269     0.9209     0.7500     0.9209     0.9209     0.9209     0.9209     0.9209     0.8906     0.8359     0.9209     0.9976     0.8776     0.9504     0.9504     0.9432     0.7571     0.9494     0.9078     0.9383     0.9911     0.9269     0.9209     0.7500     0.9209     0.9209     0.9209     0.9209     0.9209     0.8906     0.8359     0.9209     0.9976     0.8776     0.9074     0.9074     0.9432     0.7571     0.9494     0.9078     0.9383     0.9911     0.9269     0.9209     0.7500     0.9209     0.9209     0.9209     0.9209     0.9209     0.8906     0.8359     0.9209     0.9976     0.8776     0.9432     0.9432     0.9432     0.7571     0.9494     0.9078     0.9383     0.9911     0.9269     0.9209     0.7500     0.9209     0.9209     0.9209     0.9209     0.9209     0.8906     0.8359     0.9209     0.9976     0.8776     0.9504     0.9504     0.9432     0.7571     0.9494     0.9078     0.9383     0.9911     0.9269     0.9209     0.7500     0.9209     0.9209     0.9209     0.9209     0.9209     0.8906     0.8359     0.9209     0.9976     0.8776     0.9504     0.9504     0.9432     0.7571     0.9494     0.9078     0.9383     0.9911     0.9269     0.9209     0.7500     0.9209     0.9209     0.9209     0.9209     0.9209     0.8906     0.8359     0.9209     0.9976     0.8776     0.9146     0.9146     0.9432     0.7571     0.9494     0.9078     0.9383     0.9911     0.9269     0.9209     0.7500     0.9209     0.9209     0.9209     0.9209     0.9209     0.8906     0.8359     0.9209     0.9976     0.8776     0.9146     0.9146     0.9432     0.7571     0.9494     0.9078     0.9383     0.9911     0.9269     0.9209     0.7500     0.9209     0.9209     0.9209     0.9209     0.9209     0.8906     0.8359     0.9209     0.9976     0.8776     0.9432     0.9432     0.9432     0.7571     0.9494     0.9078     0.9383     0.9911     0.9269     0.9209     0.7500     0.9209     0.9209     0.9209     0.9209     0.9209     0.8906     0.8359     0.9209     0.9976     0.8776     0.9253     0.9253     0.9432     0.7571     0.9494     0.9078     0.9383     0.9911     0.9269     0.9209     0.7500     0.9209     0.9209     0.9209     0.9209     0.9209     0.8906     0.8359     0.9209     0.9976     0.8776     0.9289     0.9289     0.9432     0.7571     0.9494     0.9078     0.9383     0.9911     0.9269     0.9209     0.7500     0.9209     0.9209     0.9209     0.9209     0.9209     0.8906     0.8359     0.9209     0.9976     0.8776     0.9289     0.9289     0.9432     0.7571     0.9494     0.9078     0.9383     0.9911     0.9269     0.9209     0.7500     0.9209     0.9209     0.9209     0.9209     0.9209     0.8906     0.8359     0.9209     0.9976     0.8776     0.9396     0.9396     0.9432     0.7571     0.9494     0.9078     0.9383     0.9911     0.9269     0.9209     0.7500     0.9209     0.9209     0.9209     0.9209     0.9209     0.8906     0.8359     0.9209     0.9976     0.8776     0.9325     0.9325     0.9432     0.7571     0.9494     0.9078     0.9383     0.9911     0.9269     0.9209     0.7500     0.9209     0.9209     0.9209     0.9209     0.9209     0.8906     0.8359     0.9209     0.9976     0.8776     0.9933     0.9933     0.9432     0.7571     0.9494     0.9078     0.9383     0.9911     0.9269     0.9209     0.7500     0.9209     0.9209     0.9209     0.9209     0.9209     0.8906     0.8359     0.9209     0.9976     0.8776     0.8752     0.8752     0.9432     0.7571     0.9494     0.9078     0.9383     0.9911     0.9269     0.9209     0.7500     0.9209     0.9209     0.9209     0.9209     0.9209     0.8906     0.8359     0.9209     0.9976     0.8776     0.8943     0.8943     0.9432     0.7571     0.9494     0.9078     0.9383     0.9911     0.9269     0.9209     0.7500     0.9209     0.9209     0.9209     0.9209     0.9209     0.8906     0.8359     0.9209     0.9976     0.8776     0.9336     0.9117     0.9432     0.7571     0.9494     0.9078     0.9383     0.9911     0.9269     0.9209     0.7500
09/30/1992_24:00     0.9209     0.9209     0.9209     0.9209     0.9209     0.8906     0.8359     0.9209     0.9976     0.8776     0.9289     0.9289     0.9432     0.7571     0.9494     0.9078     0.9383     0.9911     0.9269     0.9209     0.7500     0.9209     0.9209     0.9209     0.9209     0.9209     0.8906     0.8359     0.9209     0.9976     0.8776     0.9003     0.9003     0.9432     0.7571     0.9494     0.9078     0.9383     0.9911     0.9269     0.9209     0.7500     0.9209     0.9209     0.9209     0.9209     0.9209     0.8906     0.8359     0.9209     0.9976     0.8776     0.9432     0.9432     0.9432     0.7571     0.9494     0.9078     0.9383     0.9911     0.9269     0.9209     0.7500     0.9209     0.9209     0.9209     0.9209     0.9209     0.8906     0.8359     0.9209     0.9976     0.8776     0.9146     0.9146     0.9432     0.7571     0.9494     0.9078     0.9383     0.9911     0.9269     0.9209     0.7500     0.9209     0.9209     0.9209     0.9209     0.9209     0.8906     0.8359     0.9209     0.9976     0.8776     0.9488     0.9488     0.9432     0.7571     0.9494     0.9078     0.9383     0.9911     0.9269     0.9209     0.7500     0.9209     0.9209     0.9209     0.9209     0.9209     0.8906     0.8359     0.9209     0.9976     0.8776     0.9074     0.9074     0.9432     0.7571     0.9494     0.9078     0.9383     0.9911     0.9269     0.9209     0.7500     0.9209     0.9209     0.9209     0.9209     0.9209     0.8906     0.8359     0.9209     0.9976     0.8776     0.9420     0.9420     0.9432     0.7571     0.9494     0.9078     0.9383     0.9911     0.9269     0.9209     0.7500     0.9209     0.9209     0.9209     0.9209     0.9209     0.8906     0.8359     0.9209     0.9976     0.8776     0.9504     0.9504     0.9432     0.7571     0.9494     0.9078     0.9383     0.9911     0.9269     0.9209     0.7500     0.9209     0.9209     0.9209     0.9209     0.9209     0.8906     0.8359     0.9209     0.9976     0.8776     0.9504     0.9504     0.9432     0.7571     0.9494     0.9078     0.9383     0.9911     0.9269     0.9209     0.7500     0.9209     0.9209     0.9209     0.9209     0.9209     0.8906     0.8359     0.9209     0.9976     0.8776     0.9146     0.9146     0.9432     0.7571     0.9494     0.9078     0.9383     0.9911     0.9269     0.9209     0.7500     0.9209     0.9209     0.9209     0.9209     0.9209     0.8906     0.8359     0.9209     0.9976     0.8776     0.9146     0.9146     0.9432     0.7571     0.9494     0.9078     0.9383     0.9911     0.9269     0.9209     0.7500     0.9209     0.9209     0.9209     0.9209     0.9209     0.8906     0.8359     0.9209     0.9976     0.8776     0.9418     0.9418     0.9432     0.7571     0.9494     0.9078     0.9383     0.9911     0.9269     0.9209     0.7500     0.9209     0.9209     0.9209     0.9209     0.9209     0.8906     0.8359     0.9209     0.9976     0.8776     0.9253     0.9253     0.9432     0.7571     0.9494     0.9078     0.9383     0.9911     0.9269     0.9209     0.7500     0.9209     0.9209     0.9209     0.9209     0.9209     0.8906     0.8359     0.9209     0.9976     0.8776     0.9289     0.9289     0.9432     0.7571     0.9494     0.9078     0.9383     0.9911     0.9269     0.9209     0.7500     0.9209     0.9209     0.9209     0.9209     0.9209     0.8906     0.8359     0.9209     0.9976     0.8776     0.9282     0.9282     0.9432     0.7571     0.9494     0.9078     0.9383     0.9911     0.9269     0.9209     0.7500     0.9209     0.9209     0.9209     0.9209     0.9209     0.8906     0.8359     0.9209     0.9976     0.8776     0.9390     0.9390     0.9432     0.7571     0.9494     0.9078     0.9383     0.9911     0.9269     0.9209     0.7500     0.9209     0.9209     0.9209     0.9209     0.9209     0.8906     0.8359     0.9209     0.9976     0.8776     0.9315     0.9315     0.9432     0.7571     0.9494     0.9078     0.9383     0.9911     0.9269     0.9209     0.7500     0.9209     0.9209     0.9209     0.9209     0.9209     0.8906     0.8359     0.9209     0.9976     0.8776     0.9907     0.9907     0.9432     0.7571     0.9494     0.9078     0.9383     0.9911     0.9269     0.9209     0.7500     0.9209     0.9209     0.9209     0.9209     0.9209     0.8906     0.8359     0.9209     0.9976     0.8776     0.8749     0.8749     0.9432     0.7571     0.9494     0.9078     0.9383     0.9911     0.9269     0.9209     0.7500     0.9209     0.9209     0.9209     0.9209     0.9209     0.8906     0.8359     0.9209     0.9976     0.8776     0.8943     0.8943     0.9432     0.7571     0.9494     0.9078     0.9383     0.9911     0.9269     0.9209     0.7500     0.9209     0.9209     0.9209     0.9209     0.9209     0.8906     0.8359     0.9209     0.9976     0.8776     0.9336     0.9117     0.9432     0.7571     0.9494     0.9078     0.9383     0.9911     0.9269     0.9209     0.7500
09/30/1993_24:00     0.9209     0.9209     0.9209     0.9209     0.9209     0.8906     0.8359     0.9209     0.9976     0.8776     0.9289     0.9289     0.9432     0.7571     0.9494     0.9078     0.9383     0.9911     0.9269     0.9209     0.7500     0.9209     0.9209     0.9209     0.9209     0.9209     0.8906     0.8359     0.9209     0.9976     0.8776     0.9003     0.9003     0.9432     0.7571     0.9494     0.9078     0.9383     0.9911     0.9269     0.9209     0.7500     0.9209     0.9209     0.9209     0.9209     0.9209     0.8906     0.8359     0.9209     0.9976     0.8776     0.9432     0.9432     0.9432     0.7571     0.9494     0.9078     0.9383     0.9911     0.9269     0.9209     0.7500     0.9209     0.9209     0.9209     0.9209     0.9209     0.8906     0.8359     0.9209     0.9976     0.8776     0.9146     0.9146     0.9432     0.7571     0.9494     0.9078     0.9383     0.9911     0.9269     0.9209     0.7500     0.9209     0.9209     0.9209     0.9209     0.9209     0.8906     0.8359     0.9209     0.9976     0.8776     0.9473     0.9473     0.9432     0.7571     0.9494     0.9078     0.9383     0.9911     0.9269     0.9209     0.7500     0.9209     0.9209     0.9209     0.9209     0.9209     0.8906     0.8359     0.9209     0.9976     0.8776     0.9074     0.9074     0.9432     0.7571     0.9494     0.9078     0.9383     0.9911     0.9269     0.9209     0.7500     0.9209     0.9209     0.9209     0.9209     0.9209     0.8906     0.8359     0.9209     0.9976     0.8776     0.9407     0.9407     0.9432     0.7571     0.9494     0.9078     0.9383     0.9911     0.9269     0.9209     0.7500     0.9209     0.9209     0.9209     0.9209     0.9209     0.8906     0.8359     0.9209     0.9976     0.8776     0.9504     0.9504     0.9432     0.7571     0.9494     0.9078     0.9383     0.9911     0.9269     0.9209     0.7500     0.9209     0.9209     0.9209     0.9209     0.9209     0.8906     0.8359     0.9209     0.9976     0.8776     0.9504     0.9504     0.9432     0.7571     0.9494     0.9078     0.9383     0.9911     0.9269     0.9209     0.7500     0.9209     0.9209     0.9209     0.9209     0.9209     0.8906     0.8359     0.9209     0.9976     0.8776     0.9146     0.9146     0.9432     0.7571     0.9494     0.9078     0.9383     0.9911     0.9269     0.9209     0.7500     0.9209     0.9209     0.9209     0.9209     0.9209     0.8906     0.8359     0.9209     0.9976     0.8776     0.9146     0.9146     0.9432     0.7571     0.9494     0.9078     0.9383     0.9911     0.9269     0.9209     0.7500     0.9209     0.9209     0.9209     0.9209     0.9209     0.8906     0.8359     0.9209     0.9976     0.8776     0.9404     0.9404     0.9432     0.7571     0.9494     0.9078     0.9383     0.9911     0.9269     0.9209     0.7500     0.9209     0.9209     0.9209     0.9209     0.9209     0.8906     0.8359     0.9209     0.9976     0.8776     0.9253     0.9253     0.9432     0.7571     0.9494     0.9078     0.9383     0.9911     0.9269     0.9209     0.7500     0.9209     0.9209     0.9209     0.9209     0.9209     0.8906     0.8359     0.9209     0.9976     0.8776     0.9289     0.9289     0.9432     0.7571     0.9494     0.9078     0.9383     0.9911     0.9269     0.9209     0.7500     0.9209     0.9209     0.9209     0.9209     0.9209     0.8906     0.8359     0.9209     0.9976     0.8776     0.9277     0.9277     0.9432     0.7571     0.9494     0.9078     0.9383     0.9911     0.9269     0.9209     0.7500     0.9209     0.9209     0.9209     0.9209     0.9209     0.8906     0.8359     0.9209     0.9976     0.8776     0.9384     0.9384     0.9432     0.7571     0.9494     0.9078     0.9383     0.9911     0.9269     0.9209     0.7500     0.9209     0.9209     0.9209     0.9209     0.9209     0.8906     0.8359     0.9209     0.9976     0.8776     0.9306     0.9306     0.9432     0.7571     0.9494     0.9078     0.9383     0.9911     0.9269     0.9209     0.7500     0.9209     0.9209     0.9209     0.9209     0.9209     0.8906     0.8359     0.9209     0.9976     0.8776     0.9880     0.9880     0.9432     0.7571     0.9494     0.9078     0.9383     0.9911     0.9269     0.9209     0.7500     0.9209     0.9209     0.9209     0.9209     0.9209     0.8906     0.8359     0.9209     0.9976     0.8776     0.8746     0.8746     0.9432     0.7571     0.9494     0.9078     0.9383     0.9911     0.9269     0.9209     0.7500     0.9209     0.9209     0.9209     0.9209     0.9209     0.8906     0.8359     0.9209     0.9976     0.8776     0.8943     0.8943     0.9432     0.7571     0.9494     0.9078     0.9383     0.9911     0.9269     0.9209     0.7500     0.9209     0.9209     0.9209     0.9209     0.9209     0.8906     0.8359     0.9209     0.9976     0.8776     0.9336     0.9117     0.9432     0.7571     0.9494     0.9078     0.9383     0.9911     0.9269     0.9209     0.7500
09/30/1994_24:00     0.9209     0.9209     0.9209     0.9209     0.9209     0.8906     0.8359     0.9209     0.9976     0.8776     0.9289     0.9289     0.9432     0.7571     0.9494     0.9078     0.9383     0.9911     0.9269     0.9209     0.7500     0.9209     0.9209     0.9209     0.9209     0.9209     0.8906     0.8359     0.9209     0.9976     0.8776     0.9003     0.9003     0.9432     0.7571     0.9494     0.9078     0.9383     0.9911     0.9269     0.9209     0.7500     0.9209     0.9209     0.9209     0.9209     0.9209     0.8906     0.8359     0.9209     0.9976     0.8776     0.9432     0.9432     0.9432     0.7571     0.9494     0.9078     0.9383     0.9911     0.9269     0.9209     0.7500     0.9209     0.9209     0.9209     0.9209     0.9209     0.8906     0.8359     0.9209     0.9976     0.8776     0.9146     0.9146     0.9432     0.7571     0.9494     0.9078     0.9383     0.9911     0.9269     0.9209     0.7500     0.9209     0.9209     0.9209     0.9209     0.9209     0.8906     0.8359     0.9209     0.9976     0.8776     0.9457     0.9457     0.9432     0.7571     0.9494     0.9078     0.9383     0.9911     0.9269     0.9209     0.7500     0.9209     0.9209     0.9209     0.9209     0.9209     0.8906     0.8359     0.9209     0.9976     0.8776     0.9074     0.9074     0.9432     0.7571     0.9494     0.9078     0.9383     0.9911     0.9269     0.9209     0.7500     0.9209     0.9209     0.9209     0.9209     0.9209     0.8906     0.8359     0.9209     0.9976     0.8776     0.9395     0.9395     0.9432     0.7571     0.9494     0.9078     0.9383     0.9911     0.9269     0.9209     0.7500     0.9209     0.9209     0.9209     0.9209     0.9209     0.8906     0.8359     0.9209     0.9976     0.8776     0.9504     0.9504     0.9432     0.7571     0.9494     0.9078     0.9383     0.9911     0.9269     0.9209     0.7500     0.9209     0.9209     0.9209     0.9209     0.9209     0.8906     0.8359     0.9209     0.9976     0.8776     0.9504     0.9504     0.9432     0.7571     0.9494     0.9078     0.9383     0.9911     0.9269     0.9209     0.7500     0.9209     0.9209     0.9209     0.9209     0.9209     0.8906     0.8359     0.9209     0.9976     0.8776     0.9146     0.9146     0.9432     0.7571     0.9494     0.9078     0.9383     0.9911     0.9269     0.9209     0.7500     0.9209     0.9209     0.9209     0.9209     0.9209     0.8906     0.8359     0.9209     0.9976     0.8776     0.9146     0.9146     0.9432     0.7571     0.9494     0.9078     0.9383     0.9911     0.9269     0.9209     0.7500     0.9209     0.9209     0.9209     0.9209     0.9209     0.8906     0.8359     0.9209     0.9976     0.8776     0.9390     0.9390     0.9432     0.7571     0.9494     0.9078     0.9383     0.9911     0.9269     0.9209     0.7500     0.9209     0.9209     0.9209     0.9209     0.9209     0.8906     0.8359     0.9209     0.9976     0.8776     0.9253     0.9253     0.9432     0.7571     0.9494     0.9078     0.9383     0.9911     0.9269     0.9209     0.7500     0.9209     0.9209     0.9209     0.9209     0.9209     0.8906     0.8359     0.9209     0.9976     0.8776     0.9289     0.9289     0.9432     0.7571     0.9494     0.9078     0.9383     0.9911     0.9269     0.9209     0.7500     0.9209     0.9209     0.9209     0.9209     0.9209     0.8906     0.8359     0.9209     0.9976     0.8776     0.9270     0.9270     0.9432     0.7571     0.9494     0.9078     0.9383     0.9911     0.9269     0.9209     0.7500     0.9209     0.9209     0.9209     0.9209     0.9209     0.8906     0.8359     0.9209     0.9976     0.8776     0.9378     0.9378     0.9432     0.7571     0.9494     0.9078     0.9383     0.9911     0.9269     0.9209     0.7500     0.9209     0.9209     0.9209     0.9209     0.9209     0.8906     0.8359     0.9209     0.9976     0.8776     0.9297     0.9297     0.9432     0.7571     0.9494     0.9078     0.9383     0.9911     0.9269     0.9209     0.7500     0.9209     0.9209     0.9209     0.9209     0.9209     0.8906     0.8359     0.9209     0.9976     0.8776     0.9854     0.9854     0.9432     0.7571     0.9494     0.9078     0.9383     0.9911     0.9269     0.9209     0.7500     0.9209     0.9209     0.9209     0.9209     0.9209     0.8906     0.8359     0.9209     0.9976     0.8776     0.8743     0.8743     0.9432     0.7571     0.9494     0.9078     0.9383     0.9911     0.9269     0.9209     0.7500     0.9209     0.9209     0.9209     0.9209     0.9209     0.8906     0.8359     0.9209     0.9976     0.8776     0.8943     0.8943     0.9432     0.7571     0.9494     0.9078     0.9383     0.9911     0.9269     0.9209     0.7500     0.9209     0.9209     0.9209     0.9209     0.9209     0.8906     0.8359     0.9209     0.9976     0.8776     0.9336     0.9117     0.9432     0.7571     0.9494     0.9078     0.9383     0.9911     0.9269     0.9209     0.7500
09/30/1995_24:00     0.9209     0.9209     0.9209     0.9209     0.9209     0.8906     0.8359     0.9209     0.9976     0.8776     0.9289     0.9289     0.9432     0.7571     0.9494     0.9078     0.9383     0.9911     0.9269     0.9209     0.7500     0.9209     0.9209     0.9209     0.9209     0.9209     0.8906     0.8359     0.9209     0.9976     0.8776     0.9003     0.9003     0.9432     0.7571     0.9494     0.9078     0.9383     0.9911     0.9269     0.9209     0.7500     0.9209     0.9209     0.9209     0.9209     0.9209     0.8906     0.8359     0.9209     0.9976     0.8776     0.9432     0.9432     0.9432     0.7571     0.9494     0.9078     0.9383     0.9911     0.9269     0.9209     0.7500     0.9209     0.9209     0.9209     0.9209     0.9209     0.8906     0.8359     0.9209     0.9976     0.8776     0.9146     0.9146     0.9432     0.7571     0.9494     0.9078     0.9383     0.9911     0.9269     0.9209     0.7500     0.9209     0.9209     0.9209     0.9209     0.9209     0.8906     0.8359     0.9209     0.9976     0.8776     0.9441     0.9441     0.9432     0.7571     0.9494     0.9078     0.9383     0.9911     0.9269     0.9209     0.7500     0.9209     0.9209     0.9209     0.9209     0.9209     0.8906     0.8359     0.9209     0.9976     0.8776     0.9074     0.9074     0.9432     0.7571     0.9494     0.9078     0.9383     0.9911     0.9269     0.9209     0.7500     0.9209     0.9209     0.9209     0.9209     0.9209     0.8906     0.8359     0.9209     0.9976     0.8776     0.9382     0.9382     0.9432     0.7571     0.9494     0.9078     0.9383     0.9911     0.9269     0.9209     0.7500     0.9209     0.9209     0.9209     0.9209     0.9209     0.8906     0.8359     0.9209     0.9976     0.8776     0.9504     0.9504     0.9432     0.7571     0.9494     0.9078     0.9383     0.9911     0.9269     0.9209     0.7500     0.9209     0.9209     0.9209     0.9209     0.9209     0.8906     0.8359     0.9209     0.9976     0.8776     0.9504     0.9504     0.9432     0.7571     0.9494     0.9078     0.9383     0.9911     0.9269     0.9209     0.7500     0.9209     0.9209     0.9209     0.9209     0.9209     0.8906     0.8359     0.9209     0.9976     0.8776     0.9146     0.9146     0.9432     0.7571     0.9494     0.9078     0.9383     0.9911     0.9269     0.9209     0.7500     0.9209     0.9209     0.9209     0.9209     0.9209     0.8906     0.8359     0.9209     0.9976     0.8776     0.9146     0.9146     0.9432     0.7571     0.9494     0.9078     0.9383     0.9911     0.9269     0.9209     0.7500     0.9209     0.9209     0.9209     0.9209     0.9209     0.8906     0.8359     0.9209     0.9976     0.8776     0.9376     0.9376     0.9432     0.7571     0.9494     0.9078     0.9383     0.9911     0.9269     0.9209     0.7500     0.9209     0.9209     0.9209     0.9209     0.9209     0.8906     0.8359     0.9209     0.9976     0.8776     0.9253     0.9253     0.9432     0.7571     0.9494     0.9078     0.9383     0.9911     0.9269     0.9209     0.7500     0.9209     0.9209     0.9209     0.9209     0.9209     0.8906     0.8359     0.9209     0.9976     0.8776     0.9289     0.9289     0.9432     0.7571     0.9494     0.9078     0.9383     0.9911     0.9269     0.9209     0.7500     0.9209     0.9209     0.9209     0.9209     0.9209     0.8906     0.8359     0.9209     0.9976     0.8776     0.9264     0.9264     0.9432     0.7571     0.9494     0.9078     0.9383     0.9911     0.9269     0.9209     0.7500     0.9209     0.9209     0.9209     0.9209     0.9209     0.8906     0.8359     0.9209     0.9976     0.8776     0.9371     0.9371     0.9432     0.7571     0.9494     0.9078     0.9383     0.9911     0.9269     0.9209     0.7500     0.9209     0.9209     0.9209     0.9209     0.9209     0.8906     0.8359     0.9209     0.9976     0.8776     0.9287     0.9287     0.9432     0.7571     0.9494     0.9078     0.9383     0.9911     0.9269     0.9209     0.7500     0.9209     0.9209     0.9209     0.9209     0.9209     0.8906     0.8359     0.9209     0.9976     0.8776     0.9827     0.9827     0.9432     0.7571     0.9494     0.9078     0.9383     0.9911     0.9269     0.9209     0.7500     0.9209     0.9209     0.9209     0.9209     0.9209     0.8906     0.8359     0.9209     0.9976     0.8776     0.8740     0.8740     0.9432     0.7571     0.9494     0.9078     0.9383     0.9911     0.9269     0.9209     0.7500     0.9209     0.9209     0.9209     0.9209     0.9209     0.8906     0.8359     0.9209     0.9976     0.8776     0.8943     0.8943     0.9432     0.7571     0.9494     0.9078     0.9383     0.9911     0.9269     0.9209     0.7500     0.9209     0.9209     0.9209     0.9209     0.9209     0.8906     0.8359     0.9209     0.9976     0.8776     0.9336     0.9117     0.9432     0.7571     0.9494     0.9078     0.9383     0.9911     0.9269     0.9209     0.7500
09/30/1996_24:00     0.9209     0.9209     0.9209     0.9209     0.9209     0.8906     0.8359     0.9209     0.9976     0.8776     0.9289     0.9289     0.9432     0.7571     0.9494     0.9078     0.9383     0.9911     0.9269     0.9209     0.7500     0.9209     0.9209     0.9209     0.9209     0.9209     0.8906     0.8359     0.9209     0.9976     0.8776     0.9003     0.9003     0.9432     0.7571     0.9494     0.9078     0.9383     0.9911     0.9269     0.9209     0.7500     0.9209     0.9209     0.9209     0.9209     0.9209     0.8906     0.8359     0.9209     0.9976     0.8776     0.9432     0.9432     0.9432     0.7571     0.9494     0.9078     0.9383     0.9911     0.9269     0.9209     0.7500     0.9209     0.9209     0.9209     0.9209     0.9209     0.8906     0.8359     0.9209     0.9976     0.8776     0.9146     0.9146     0.9432     0.7571     0.9494     0.9078     0.9383     0.9911     0.9269     0.9209     0.7500     0.9209     0.9209     0.9209     0.9209     0.9209     0.8906     0.8359     0.9209     0.9976     0.8776     0.9426     0.9426     0.9432     0.7571     0.9494     0.9078     0.9383     0.9911     0.9269     0.9209     0.7500     0.9209     0.9209     0.9209     0.9209     0.9209     0.8906     0.8359     0.9209     0.9976     0.8776     0.9074     0.9074     0.9432     0.7571     0.9494     0.9078     0.9383     0.9911     0.9269     0.9209     0.7500     0.9209     0.9209     0.9209     0.9209     0.9209     0.8906     0.8359     0.9209     0.9976     0.8776     0.9370     0.9370     0.9432     0.7571     0.9494     0.9078     0.9383     0.9911     0.9269     0.9209     0.7500     0.9209     0.9209     0.9209     0.9209     0.9209     0.8906     0.8359     0.9209     0.9976     0.8776     0.9504     0.9504     0.9432     0.7571     0.9494     0.9078     0.9383     0.9911     0.9269     0.9209     0.7500     0.9209     0.9209     0.9209     0.9209     0.9209     0.8906     0.8359     0.9209     0.9976     0.8776     0.9504     0.9504     0.9432     0.7571     0.9494     0.9078     0.9383     0.9911     0.9269     0.9209     0.7500     0.9209     0.9209     0.9209     0.9209     0.9209     0.8906     0.8359     0.9209     0.9976     0.8776     0.9146     0.9146     0.9432     0.7571     0.9494     0.9078     0.9383     0.9911     0.9269     0.9209     0.7500     0.9209     0.9209     0.9209     0.9209     0.9209     0.8906     0.8359     0.9209     0.9976     0.8776     0.9146     0.9146     0.9432     0.7571     0.9494     0.9078     0.9383     0.9911     0.9269     0.9209     0.7500     0.9209     0.9209     0.9209     0.9209     0.9209     0.8906     0.8359     0.9209     0.9976     0.8776     0.9362     0.9362     0.9432     0.7571     0.9494     0.9078     0.9383     0.9911     0.9269     0.9209     0.7500     0.9209     0.9209     0.9209     0.9209     0.9209     0.8906     0.8359     0.9209     0.9976     0.8776     0.9253     0.9253     0.9432     0.7571     0.9494     0.9078     0.9383     0.9911     0.9269     0.9209     0.7500     0.9209     0.9209     0.9209     0.9209     0.9209     0.8906     0.8359     0.9209     0.9976     0.8776     0.9289     0.9289     0.9432     0.7571     0.9494     0.9078     0.9383     0.9911     0.9269     0.9209     0.7500     0.9209     0.9209     0.9209     0.9209     0.9209     0.8906     0.8359     0.9209     0.9976     0.8776     0.9258     0.9258     0.9432     0.7571     0.9494     0.9078     0.9383     0.9911     0.9269     0.9209     0.7500     0.9209     0.9209     0.9209     0.9209     0.9209     0.8906     0.8359     0.9209     0.9976     0.8776     0.9365     0.9365     0.9432     0.7571     0.9494     0.9078     0.9383     0.9911     0.9269     0.9209     0.7500     0.9209     0.9209     0.9209     0.9209     0.9209     0.8906     0.8359     0.9209     0.9976     0.8776     0.9278     0.9278     0.9432     0.7571     0.9494     0.9078     0.9383     0.9911     0.9269     0.9209     0.7500     0.9209     0.9209     0.9209     0.9209     0.9209     0.8906     0.8359     0.9209     0.9976     0.8776     0.9801     0.9801     0.9432     0.7571     0.9494     0.9078     0.9383     0.9911     0.9269     0.9209     0.7500     0.9209     0.9209     0.9209     0.9209     0.9209     0.8906     0.8359     0.9209     0.9976     0.8776     0.8736     0.8736     0.9432     0.7571     0.9494     0.9078     0.9383     0.9911     0.9269     0.9209     0.7500     0.9209     0.9209     0.9209     0.9209     0.9209     0.8906     0.8359     0.9209     0.9976     0.8776     0.8943     0.8943     0.9432     0.7571     0.9494     0.9078     0.9383     0.9911     0.9269     0.9209     0.7500     0.9209     0.9209     0.9209     0.9209     0.9209     0.8906     0.8359     0.9209     0.9976     0.8776     0.9336     0.9117     0.9432     0.7571     0.9494     0.9078     0.9383     0.9911     0.9269     0.9209     0.7500
09/30/1997_24:00     0.9209     0.9209     0.9209     0.9209     0.9209     0.8906     0.8359     0.9209     0.9976     0.8776     0.9289     0.9289     0.9432     0.7571     0.9494     0.9078     0.9383     0.9911     0.9269     0.9209     0.7500     0.9209     0.9209     0.9209     0.9209     0.9209     0.8906     0.8359     0.9209     0.9976     0.8776     0.9003     0.9003     0.9432     0.7571     0.9494     0.9078     0.9383     0.9911     0.9269     0.9209     0.7500     0.9209     0.9209     0.9209     0.9209     0.9209     0.8906     0.8359     0.9209     0.9976     0.8776     0.9432     0.9432     0.9432     0.7571     0.9494     0.9078     0.9383     0.9911     0.9269     0.9209     0.7500     0.9209     0.9209     0.9209     0.9209     0.9209     0.8906     0.8359     0.9209     0.9976     0.8776     0.9146     0.9146     0.9432     0.7571     0.9494     0.9078     0.9383     0.9911     0.9269     0.9209     0.7500     0.9209     0.9209     0.9209     0.9209     0.9209     0.8906     0.8359     0.9209     0.9976     0.8776     0.9411     0.9411     0.9432     0.7571     0.9494     0.9078     0.9383     0.9911     0.9269     0.9209     0.7500     0.9209     0.9209     0.9209     0.9209     0.9209     0.8906     0.8359     0.9209     0.9976     0.8776     0.9074     0.9074     0.9432     0.7571     0.9494     0.9078     0.9383     0.9911     0.9269     0.9209     0.7500     0.9209     0.9209     0.9209     0.9209     0.9209     0.8906     0.8359     0.9209     0.9976     0.8776     0.9358     0.9358     0.9432     0.7571     0.9494     0.9078     0.9383     0.9911     0.9269     0.9209     0.7500     0.9209     0.9209     0.9209     0.9209     0.9209     0.8906     0.8359     0.9209     0.9976     0.8776     0.9504     0.9504     0.9432     0.7571     0.9494     0.9078     0.9383     0.9911     0.9269     0.9209     0.7500     0.9209     0.9209     0.9209     0.9209     0.9209     0.8906     0.8359     0.9209     0.9976     0.8776     0.9504     0.9504     0.9432     0.7571     0.9494     0.9078     0.9383     0.9911     0.9269     0.9209     0.7500     0.9209     0.9209     0.9209     0.9209     0.9209     0.8906     0.8359     0.9209     0.9976     0.8776     0.9146     0.9146     0.9432     0.7571     0.9494     0.9078     0.9383     0.9911     0.9269     0.9209     0.7500     0.9209     0.9209     0.9209     0.9209     0.9209     0.8906     0.8359     0.9209     0.9976     0.8776     0.9146     0.9146     0.9432     0.7571     0.9494     0.9078     0.9383     0.9911     0.9269     0.9209     0.7500     0.9209     0.9209     0.9209     0.9209     0.9209     0.8906     0.8359     0.9209     0.9976     0.8776     0.9348     0.9348     0.9432     0.7571     0.9494     0.9078     0.9383     0.9911     0.9269     0.9209     0.7500     0.9209     0.9209     0.9209     0.9209     0.9209     0.8906     0.8359     0.9209     0.9976     0.8776     0.9253     0.9253     0.9432     0.7571     0.9494     0.9078     0.9383     0.9911     0.9269     0.9209     0.7500     0.9209     0.9209     0.9209     0.9209     0.9209     0.8906     0.8359     0.9209     0.9976     0.8776     0.9289     0.9289     0.9432     0.7571     0.9494     0.9078     0.9383     0.9911     0.9269     0.9209     0.7500     0.9209     0.9209     0.9209     0.9209     0.9209     0.8906     0.8359     0.9209     0.9976     0.8776     0.9252     0.9252     0.9432     0.7571     0.9494     0.9078     0.9383     0.9911     0.9269     0.9209     0.7500     0.9209     0.9209     0.9209     0.9209     0.9209     0.8906     0.8359     0.9209     0.9976     0.8776     0.9359     0.9359     0.9432     0.7571     0.9494     0.9078     0.9383     0.9911     0.9269     0.9209     0.7500     0.9209     0.9209     0.9209     0.9209     0.9209     0.8906     0.8359     0.9209     0.9976     0.8776     0.9269     0.9269     0.9432     0.7571     0.9494     0.9078     0.9383     0.9911     0.9269     0.9209     0.7500     0.9209     0.9209     0.9209     0.9209     0.9209     0.8906     0.8359     0.9209     0.9976     0.8776     0.9774     0.9774     0.9432     0.7571     0.9494     0.9078     0.9383     0.9911     0.9269     0.9209     0.7500     0.9209     0.9209     0.9209     0.9209     0.9209     0.8906     0.8359     0.9209     0.9976     0.8776     0.8733     0.8733     0.9432     0.7571     0.9494     0.9078     0.9383     0.9911     0.9269     0.9209     0.7500     0.9209     0.9209     0.9209     0.9209     0.9209     0.8906     0.8359     0.9209     0.9976     0.8776     0.8943     0.8943     0.9432     0.7571     0.9494     0.9078     0.9383     0.9911     0.9269     0.9209     0.7500     0.9209     0.9209     0.9209     0.9209     0.9209     0.8906     0.8359     0.9209     0.9976     0.8776     0.9336     0.9117     0.9432     0.7571     0.9494     0.9078     0.9383     0.9911     0.9269     0.9209     0.7500
09/30/1998_24:00     0.9209     0.9209     0.9209     0.9209     0.9209     0.8906     0.8359     0.9209     0.9976     0.8776     0.9289     0.9289     0.9432     0.7571     0.9494     0.9078     0.9383     0.9911     0.9269     0.9209     0.7500     0.9209     0.9209     0.9209     0.9209     0.9209     0.8906     0.8359     0.9209     0.9976     0.8776     0.9003     0.9003     0.9432     0.7571     0.9494     0.9078     0.9383     0.9911     0.9269     0.9209     0.7500     0.9209     0.9209     0.9209     0.9209     0.9209     0.8906     0.8359     0.9209     0.9976     0.8776     0.9432     0.9432     0.9432     0.7571     0.9494     0.9078     0.9383     0.9911     0.9269     0.9209     0.7500     0.9209     0.9209     0.9209     0.9209     0.9209     0.8906     0.8359     0.9209     0.9976     0.8776     0.9146     0.9146     0.9432     0.7571     0.9494     0.9078     0.9383     0.9911     0.9269     0.9209     0.7500     0.9209     0.9209     0.9209     0.9209     0.9209     0.8906     0.8359     0.9209     0.9976     0.8776     0.9395     0.9395     0.9432     0.7571     0.9494     0.9078     0.9383     0.9911     0.9269     0.9209     0.7500     0.9209     0.9209     0.9209     0.9209     0.9209     0.8906     0.8359     0.9209     0.9976     0.8776     0.9074     0.9074     0.9432     0.7571     0.9494     0.9078     0.9383     0.9911     0.9269     0.9209     0.7500     0.9209     0.9209     0.9209     0.9209     0.9209     0.8906     0.8359     0.9209     0.9976     0.8776     0.9345     0.9345     0.9432     0.7571     0.9494     0.9078     0.9383     0.9911     0.9269     0.9209     0.7500     0.9209     0.9209     0.9209     0.9209     0.9209     0.8906     0.8359     0.9209     0.9976     0.8776     0.9504     0.9504     0.9432     0.7571     0.9494     0.9078     0.9383     0.9911     0.9269     0.9209     0.7500     0.9209     0.9209     0.9209     0.9209     0.9209     0.8906     0.8359     0.9209     0.9976     0.8776     0.9504     0.9504     0.9432     0.7571     0.9494     0.9078     0.9383     0.9911     0.9269     0.9209     0.7500     0.9209     0.9209     0.9209     0.9209     0.9209     0.8906     0.8359     0.9209     0.9976     0.8776     0.9146     0.9146     0.9432     0.7571     0.9494     0.9078     0.9383     0.9911     0.9269     0.9209     0.7500     0.9209     0.9209     0.9209     0.9209     0.9209     0.8906     0.8359     0.9209     0.9976     0.8776     0.9146     0.9146     0.9432     0.7571     0.9494     0.9078     0.9383     0.9911     0.9269     0.9209     0.7500     0.9209     0.9209     0.9209     0.9209     0.9209     0.8906     0.8359     0.9209     0.9976     0.8776     0.9334     0.9334     0.9432     0.7571     0.9494     0.9078     0.9383     0.9911     0.9269     0.9209     0.7500     0.9209     0.9209     0.9209     0.9209     0.9209     0.8906     0.8359     0.9209     0.9976     0.8776     0.9253     0.9253     0.9432     0.7571     0.9494     0.9078     0.9383     0.9911     0.9269     0.9209     0.7500     0.9209     0.9209     0.9209     0.9209     0.9209     0.8906     0.8359     0.9209     0.9976     0.8776     0.9289     0.9289     0.9432     0.7571     0.9494     0.9078     0.9383     0.9911     0.9269     0.9209     0.7500     0.9209     0.9209     0.9209     0.9209     0.9209     0.8906     0.8359     0.9209     0.9976     0.8776     0.9245     0.9245     0.9432     0.7571     0.9494     0.9078     0.9383     0.9911     0.9269     0.9209     0.7500     0.9209     0.9209     0.9209     0.9209     0.9209     0.8906     0.8359     0.9209     0.9976     0.8776     0.9353     0.9353     0.9432     0.7571     0.9494     0.9078     0.9383     0.9911     0.9269     0.9209     0.7500     0.9209     0.9209     0.9209     0.9209     0.9209     0.8906     0.8359     0.9209     0.9976     0.8776     0.9259     0.9259     0.9432     0.7571     0.9494     0.9078     0.9383     0.9911     0.9269     0.9209     0.7500     0.9209     0.9209     0.9209     0.9209     0.9209     0.8906     0.8359     0.9209     0.9976     0.8776     0.9748     0.9748     0.9432     0.7571     0.9494     0.9078     0.9383     0.9911     0.9269     0.9209     0.7500     0.9209     0.9209     0.9209     0.9209     0.9209     0.8906     0.8359     0.9209     0.9976     0.8776     0.8730     0.8730     0.9432     0.7571     0.9494     0.9078     0.9383     0.9911     0.9269     0.9209     0.7500     0.9209     0.9209     0.9209     0.9209     0.9209     0.8906     0.8359     0.9209     0.9976     0.8776     0.8943     0.8943     0.9432     0.7571     0.9494     0.9078     0.9383     0.9911     0.9269     0.9209     0.7500     0.9209     0.9209     0.9209     0.9209     0.9209     0.8906     0.8359     0.9209     0.9976     0.8776     0.9336     0.9117     0.9432     0.7571     0.9494     0.9078     0.9383     0.9911     0.9269     0.9209     0.7500
09/30/1999_24:00     0.9209     0.9209     0.9209     0.9209     0.9209     0.8906     0.8359     0.9209     0.9976     0.8776     0.9289     0.9289     0.9432     0.7571     0.9494     0.9078     0.9383     0.9911     0.9269     0.9209     0.7500     0.9209     0.9209     0.9209     0.9209     0.9209     0.8906     0.8359     0.9209     0.9976     0.8776     0.9003     0.9003     0.9432     0.7571     0.9494     0.9078     0.9383     0.9911     0.9269     0.9209     0.7500     0.9209     0.9209     0.9209     0.9209     0.9209     0.8906     0.8359     0.9209     0.9976     0.8776     0.9432     0.9432     0.9432     0.7571     0.9494     0.9078     0.9383     0.9911     0.9269     0.9209     0.7500     0.9209     0.9209     0.9209     0.9209     0.9209     0.8906     0.8359     0.9209     0.9976     0.8776     0.9146     0.9146     0.9432     0.7571     0.9494     0.9078     0.9383     0.9911     0.9269     0.9209     0.7500     0.9209     0.9209     0.9209     0.9209     0.9209     0.8906     0.8359     0.9209     0.9976     0.8776     0.9379     0.9379     0.9432     0.7571     0.9494     0.9078     0.9383     0.9911     0.9269     0.9209     0.7500     0.9209     0.9209     0.9209     0.9209     0.9209     0.8906     0.8359     0.9209     0.9976     0.8776     0.9074     0.9074     0.9432     0.7571     0.9494     0.9078     0.9383     0.9911     0.9269     0.9209     0.7500     0.9209     0.9209     0.9209     0.9209     0.9209     0.8906     0.8359     0.9209     0.9976     0.8776     0.9333     0.9333     0.9432     0.7571     0.9494     0.9078     0.9383     0.9911     0.9269     0.9209     0.7500     0.9209     0.9209     0.9209     0.9209     0.9209     0.8906     0.8359     0.9209     0.9976     0.8776     0.9504     0.9504     0.9432     0.7571     0.9494     0.9078     0.9383     0.9911     0.9269     0.9209     0.7500     0.9209     0.9209     0.9209     0.9209     0.9209     0.8906     0.8359     0.9209     0.9976     0.8776     0.9504     0.9504     0.9432     0.7571     0.9494     0.9078     0.9383     0.9911     0.9269     0.9209     0.7500     0.9209     0.9209     0.9209     0.9209     0.9209     0.8906     0.8359     0.9209     0.9976     0.8776     0.9146     0.9146     0.9432     0.7571     0.9494     0.9078     0.9383     0.9911     0.9269     0.9209     0.7500     0.9209     0.9209     0.9209     0.9209     0.9209     0.8906     0.8359     0.9209     0.9976     0.8776     0.9146     0.9146     0.9432     0.7571     0.9494     0.9078     0.9383     0.9911     0.9269     0.9209     0.7500     0.9209     0.9209     0.9209     0.9209     0.9209     0.8906     0.8359     0.9209     0.9976     0.8776     0.9320     0.9320     0.9432     0.7571     0.9494     0.9078     0.9383     0.9911     0.9269     0.9209     0.7500     0.9209     0.9209     0.9209     0.9209     0.9209     0.8906     0.8359     0.9209     0.9976     0.8776     0.9253     0.9253     0.9432     0.7571     0.9494     0.9078     0.9383     0.9911     0.9269     0.9209     0.7500     0.9209     0.9209     0.9209     0.9209     0.9209     0.8906     0.8359     0.9209     0.9976     0.8776     0.9289     0.9289     0.9432     0.7571     0.9494     0.9078     0.9383     0.9911     0.9269     0.9209     0.7500     0.9209     0.9209     0.9209     0.9209     0.9209     0.8906     0.8359     0.9209     0.9976     0.8776     0.9239     0.9239     0.9432     0.7571     0.9494     0.9078     0.9383     0.9911     0.9269     0.9209     0.7500     0.9209     0.9209     0.9209     0.9209     0.9209     0.8906     0.8359     0.9209     0.9976     0.8776     0.9346     0.9346     0.9432     0.7571     0.9494     0.9078     0.9383     0.9911     0.9269     0.9209     0.7500     0.9209     0.9209     0.9209     0.9209     0.9209     0.8906     0.8359     0.9209     0.9976     0.8776     0.9250     0.9250     0.9432     0.7571     0.9494     0.9078     0.9383     0.9911     0.9269     0.9209     0.7500     0.9209     0.9209     0.9209     0.9209     0.9209     0.8906     0.8359     0.9209     0.9976     0.8776     0.9721     0.9721     0.9432     0.7571     0.9494     0.9078     0.9383     0.9911     0.9269     0.9209     0.7500     0.9209     0.9209     0.9209     0.9209     0.9209     0.8906     0.8359     0.9209     0.9976     0.8776     0.8727     0.8727     0.9432     0.7571     0.9494     0.9078     0.9383     0.9911     0.9269     0.9209     0.7500     0.9209     0.9209     0.9209     0.9209     0.9209     0.8906     0.8359     0.9209     0.9976     0.8776     0.8943     0.8943     0.9432     0.7571     0.9494     0.9078     0.9383     0.9911     0.9269     0.9209     0.7500     0.9209     0.9209     0.9209     0.9209     0.9209     0.8906     0.8359     0.9209     0.9976     0.8776     0.9336     0.9117     0.9432     0.7571     0.9494     0.9078     0.9383     0.9911     0.9269     0.9209     0.7500
09/30/2000_24:00     0.9209     0.9209     0.9209     0.9209     0.9209     0.8906     0.8359     0.9209     0.9976     0.8776     0.9289     0.9289     0.9432     0.7571     0.9494     0.9078     0.9383     0.9911     0.9269     0.9209     0.7500     0.9209     0.9209     0.9209     0.9209     0.9209     0.8906     0.8359     0.9209     0.9976     0.8776     0.9003     0.9003     0.9432     0.7571     0.9494     0.9078     0.9383     0.9911     0.9269     0.9209     0.7500     0.9209     0.9209     0.9209     0.9209     0.9209     0.8906     0.8359     0.9209     0.9976     0.8776     0.9432     0.9432     0.9432     0.7571     0.9494     0.9078     0.9383     0.9911     0.9269     0.9209     0.7500     0.9209     0.9209     0.9209     0.9209     0.9209     0.8906     0.8359     0.9209     0.9976     0.8776     0.9146     0.9146     0.9432     0.7571     0.9494     0.9078     0.9383     0.9911     0.9269     0.9209     0.7500     0.9209     0.9209     0.9209     0.9209     0.9209     0.8906     0.8359     0.9209     0.9976     0.8776     0.9363     0.9363     0.9432     0.7571     0.9494     0.9078     0.9383     0.9911     0.9269     0.9209     0.7500     0.9209     0.9209     0.9209     0.9209     0.9209     0.8906     0.8359     0.9209     0.9976     0.8776     0.9074     0.9074     0.9432     0.7571     0.9494     0.9078     0.9383     0.9911     0.9269     0.9209     0.7500     0.9209     0.9209     0.9209     0.9209     0.9209     0.8906     0.8359     0.9209     0.9976     0.8776     0.9320     0.9320     0.9432     0.7571     0.9494     0.9078     0.9383     0.9911     0.9269     0.9209     0.7500     0.9209     0.9209     0.9209     0.9209     0.9209     0.8906     0.8359     0.9209     0.9976     0.8776     0.9504     0.9504     0.9432     0.7571     0.9494     0.9078     0.9383     0.9911     0.9269     0.9209     0.7500     0.9209     0.9209     0.9209     0.9209     0.9209     0.8906     0.8359     0.9209     0.9976     0.8776     0.9504     0.9504     0.9432     0.7571     0.9494     0.9078     0.9383     0.9911     0.9269     0.9209     0.7500     0.9209     0.9209     0.9209     0.9209     0.9209     0.8906     0.8359     0.9209     0.9976     0.8776     0.9146     0.9146     0.9432     0.7571     0.9494     0.9078     0.9383     0.9911     0.9269     0.9209     0.7500     0.9209     0.9209     0.9209     0.9209     0.9209     0.8906     0.8359     0.9209     0.9976     0.8776     0.9146     0.9146     0.9432     0.7571     0.9494     0.9078     0.9383     0.9911     0.9269     0.9209     0.7500     0.9209     0.9209     0.9209     0.9209     0.9209     0.8906     0.8359     0.9209     0.9976     0.8776     0.9306     0.9306     0.9432     0.7571     0.9494     0.9078     0.9383     0.9911     0.9269     0.9209     0.7500     0.9209     0.9209     0.9209     0.9209     0.9209     0.8906     0.8359     0.9209     0.9976     0.8776     0.9253     0.9253     0.9432     0.7571     0.9494     0.9078     0.9383     0.9911     0.9269     0.9209     0.7500     0.9209     0.9209     0.9209     0.9209     0.9209     0.8906     0.8359     0.9209     0.9976     0.8776     0.9289     0.9289     0.9432     0.7571     0.9494     0.9078     0.9383     0.9911     0.9269     0.9209     0.7500     0.9209     0.9209     0.9209     0.9209     0.9209     0.8906     0.8359     0.9209     0.9976     0.8776     0.9233     0.9233     0.9432     0.7571     0.9494     0.9078     0.9383     0.9911     0.9269     0.9209     0.7500     0.9209     0.9209     0.9209     0.9209     0.9209     0.8906     0.8359     0.9209     0.9976     0.8776     0.9340     0.9340     0.9432     0.7571     0.9494     0.9078     0.9383     0.9911     0.9269     0.9209     0.7500     0.9209     0.9209     0.9209     0.9209     0.9209     0.8906     0.8359     0.9209     0.9976     0.8776     0.9241     0.9241     0.9432     0.7571     0.9494     0.9078     0.9383     0.9911     0.9269     0.9209     0.7500     0.9209     0.9209     0.9209     0.9209     0.9209     0.8906     0.8359     0.9209     0.9976     0.8776     0.9695     0.9695     0.9432     0.7571     0.9494     0.9078     0.9383     0.9911     0.9269     0.9209     0.7500     0.9209     0.9209     0.9209     0.9209     0.9209     0.8906     0.8359     0.9209     0.9976     0.8776     0.8724     0.8724     0.9432     0.7571     0.9494     0.9078     0.9383     0.9911     0.9269     0.9209     0.7500     0.9209     0.9209     0.9209     0.9209     0.9209     0.8906     0.8359     0.9209     0.9976     0.8776     0.8943     0.8943     0.9432     0.7571     0.9494     0.9078     0.9383     0.9911     0.9269     0.9209     0.7500     0.9209     0.9209     0.9209     0.9209     0.9209     0.8906     0.8359     0.9209     0.9976     0.8776     0.9336     0.9117     0.9432     0.7571     0.9494     0.9078     0.9383     0.9911     0.9269     0.9209     0.7500
09/30/2001_24:00     0.9209     0.9209     0.9209     0.9209     0.9209     0.8906     0.8359     0.9209     0.9976     0.8776     0.8931     0.8931     0.9432     0.7571     0.9494     0.9078     0.9383     0.9911     0.9269     0.9209     0.7500     0.9209     0.9209     0.9209     0.9209     0.9209     0.8906     0.8359     0.9209     0.9976     0.8776     0.9003     0.9003     0.9432     0.7571     0.9494     0.9078     0.9383     0.9911     0.9269     0.9209     0.7500     0.9209     0.9209     0.9209     0.9209     0.9209     0.8906     0.8359     0.9209     0.9976     0.8776     0.9432     0.9432     0.9432     0.7571     0.9494     0.9078     0.9383     0.9911     0.9269     0.9209     0.7500     0.9209     0.9209     0.9209     0.9209     0.9209     0.8906     0.8359     0.9209     0.9976     0.8776     0.8931     0.8931     0.9432     0.7571     0.9494     0.9078     0.9383     0.9911     0.9269     0.9209     0.7500     0.9209     0.9209     0.9209     0.9209     0.9209     0.8906     0.8359     0.9209     0.9976     0.8776     0.9348     0.9348     0.9432     0.7571     0.9494     0.9078     0.9383     0.9911     0.9269     0.9209     0.7500     0.9209     0.9209     0.9209     0.9209     0.9209     0.8906     0.8359     0.9209     0.9976     0.8776     0.9074     0.9074     0.9432     0.7571     0.9494     0.9078     0.9383     0.9911     0.9269     0.9209     0.7500     0.9209     0.9209     0.9209     0.9209     0.9209     0.8906     0.8359     0.9209     0.9976     0.8776     0.9307     0.9307     0.9432     0.7571     0.9494     0.9078     0.9383     0.9911     0.9269     0.9209     0.7500     0.9209     0.9209     0.9209     0.9209     0.9209     0.8906     0.8359     0.9209     0.9976     0.8776     0.8931     0.8931     0.9432     0.7571     0.9494     0.9078     0.9383     0.9911     0.9269     0.9209     0.7500     0.9209     0.9209     0.9209     0.9209     0.9209     0.8906     0.8359     0.9209     0.9976     0.8776     0.8931     0.8931     0.9432     0.7571     0.9494     0.9078     0.9383     0.9911     0.9269     0.9209     0.7500     0.9209     0.9209     0.9209     0.9209     0.9209     0.8906     0.8359     0.9209     0.9976     0.8776     0.9146     0.9146     0.9432     0.7571     0.9494     0.9078     0.9383     0.9911     0.9269     0.9209     0.7500     0.9209     0.9209     0.9209     0.9209     0.9209     0.8906     0.8359     0.9209     0.9976     0.8776     0.9146     0.9146     0.9432     0.7571     0.9494     0.9078     0.9383     0.9911     0.9269     0.9209     0.7500     0.9209     0.9209     0.9209     0.9209     0.9209     0.8906     0.8359     0.9209     0.9976     0.8776     0.8931     0.8931     0.9432     0.7571     0.9494     0.9078     0.9383     0.9911     0.9269     0.9209     0.7500     0.9209     0.9209     0.9209     0.9209     0.9209     0.8906     0.8359     0.9209     0.9976     0.8776     0.9253     0.9253     0.9432     0.7571     0.9494     0.9078     0.9383     0.9911     0.9269     0.9209     0.7500     0.9209     0.9209     0.9209     0.9209     0.9209     0.8906     0.8359     0.9209     0.9976     0.8776     0.9289     0.9289     0.9432     0.7571     0.9494     0.9078     0.9383     0.9911     0.9269     0.9209     0.7500     0.9209     0.9209     0.9209     0.9209     0.9209     0.8906     0.8359     0.9209     0.9976     0.8776     0.9227     0.9227     0.9432     0.7571     0.9494     0.9078     0.9383     0.9911     0.9269     0.9209     0.7500     0.9209     0.9209     0.9209     0.9209     0.9209     0.8906     0.8359     0.9209     0.9976     0.8776     0.8931     0.8931     0.9432     0.7571     0.9494     0.9078     0.9383     0.9911     0.9269     0.9209     0.7500     0.9209     0.9209     0.9209     0.9209     0.9209     0.8906     0.8359     0.9209     0.9976     0.8776     0.9232     0.9232     0.9432     0.7571     0.9494     0.9078     0.9383     0.9911     0.9269     0.9209     0.7500     0.9209     0.9209     0.9209     0.9209     0.9209     0.8906     0.8359     0.9209     0.9976     0.8776     0.9432     0.9432     0.9432     0.7571     0.9494     0.9078     0.9383     0.9911     0.9269     0.9209     0.7500     0.9209     0.9209     0.9209     0.9209     0.9209     0.8906     0.8359     0.9209     0.9976     0.8776     0.8721     0.8721     0.9432     0.7571     0.9494     0.9078     0.9383     0.9911     0.9269     0.9209     0.7500     0.9209     0.9209     0.9209     0.9209     0.9209     0.8906     0.8359     0.9209     0.9976     0.8776     0.8943     0.8943     0.9432     0.7571     0.9494     0.9078     0.9383     0.9911     0.9269     0.9209     0.7500     0.9209     0.9209     0.9209     0.9209     0.9209     0.8906     0.8359     0.9209     0.9976     0.8776     0.9336     0.9117     0.9432     0.7571     0.9494     0.9078     0.9383     0.9911     0.9269     0.9209     0.7500
09/30/2002_24:00     0.9209     0.9209     0.9209     0.9209     0.9209     0.8906     0.8359     0.9209     0.9976     0.8776     0.8931     0.8931     0.9432     0.7571     0.9494     0.9078     0.9383     0.9911     0.9269     0.9209     0.7500     0.9209     0.9209     0.9209     0.9209     0.9209     0.8906     0.8359     0.9209     0.9976     0.8776     0.9003     0.9003     0.9432     0.7571     0.9494     0.9078     0.9383     0.9911     0.9269     0.9209     0.7500     0.9209     0.9209     0.9209     0.9209     0.9209     0.8906     0.8359     0.9209     0.9976     0.8776     0.9432     0.9432     0.9432     0.7571     0.9494     0.9078     0.9383     0.9911     0.9269     0.9209     0.7500     0.9209     0.9209     0.9209     0.9209     0.9209     0.8906     0.8359     0.9209     0.9976     0.8776     0.8931     0.8931     0.9432     0.7571     0.9494     0.9078     0.9383     0.9911     0.9269     0.9209     0.7500     0.9209     0.9209     0.9209     0.9209     0.9209     0.8906     0.8359     0.9209     0.9976     0.8776     0.9333     0.9333     0.9432     0.7571     0.9494     0.9078     0.9383     0.9911     0.9269     0.9209     0.7500     0.9209     0.9209     0.9209     0.9209     0.9209     0.8906     0.8359     0.9209     0.9976     0.8776     0.9074     0.9074     0.9432     0.7571     0.9494     0.9078     0.9383     0.9911     0.9269     0.9209     0.7500     0.9209     0.9209     0.9209     0.9209     0.9209     0.8906     0.8359     0.9209     0.9976     0.8776     0.9295     0.9295     0.9432     0.7571     0.9494     0.9078     0.9383     0.9911     0.9269     0.9209     0.7500     0.9209     0.9209     0.9209     0.9209     0.9209     0.8906     0.8359     0.9209     0.9976     0.8776     0.8931     0.8931     0.9432     0.7571     0.9494     0.9078     0.9383     0.9911     0.9269     0.9209     0.7500     0.9209     0.9209     0.9209     0.9209     0.9209     0.8906     0.8359     0.9209     0.9976     0.8776     0.8931     0.8931     0.9432     0.7571     0.9494     0.9078     0.9383     0.9911     0.9269     0.9209     0.7500     0.9209     0.9209     0.9209     0.9209     0.9209     0.8906     0.8359     0.9209     0.9976     0.8776     0.9146     0.9146     0.9432     0.7571     0.9494     0.9078     0.9383     0.9911     0.9269     0.9209     0.7500     0.9209     0.9209     0.9209     0.9209     0.9209     0.8906     0.8359     0.9209     0.9976     0.8776     0.9146     0.9146     0.9432     0.7571     0.9494     0.9078     0.9383     0.9911     0.9269     0.9209     0.7500     0.9209     0.9209     0.9209     0.9209     0.9209     0.8906     0.8359     0.9209     0.9976     0.8776     0.8931     0.8931     0.9432     0.7571     0.9494     0.9078     0.9383     0.9911     0.9269     0.9209     0.7500     0.9209     0.9209     0.9209     0.9209     0.9209     0.8906     0.8359     0.9209     0.9976     0.8776     0.9253     0.9253     0.9432     0.7571     0.9494     0.9078     0.9383     0.9911     0.9269     0.9209     0.7500     0.9209     0.9209     0.9209     0.9209     0.9209     0.8906     0.8359     0.9209     0.9976     0.8776     0.9289     0.9289     0.9432     0.7571     0.9494     0.9078     0.9383     0.9911     0.9269     0.9209     0.7500     0.9209     0.9209     0.9209     0.9209     0.9209     0.8906     0.8359     0.9209     0.9976     0.8776     0.9220     0.9220     0.9432     0.7571     0.9494     0.9078     0.9383     0.9911     0.9269     0.9209     0.7500     0.9209     0.9209     0.9209     0.9209     0.9209     0.8906     0.8359     0.9209     0.9976     0.8776     0.8931     0.8931     0.9432     0.7571     0.9494     0.9078     0.9383     0.9911     0.9269     0.9209     0.7500     0.9209     0.9209     0.9209     0.9209     0.9209     0.8906     0.8359     0.9209     0.9976     0.8776     0.9222     0.9222     0.9432     0.7571     0.9494     0.9078     0.9383     0.9911     0.9269     0.9209     0.7500     0.9209     0.9209     0.9209     0.9209     0.9209     0.8906     0.8359     0.9209     0.9976     0.8776     0.9432     0.9432     0.9432     0.7571     0.9494     0.9078     0.9383     0.9911     0.9269     0.9209     0.7500     0.9209     0.9209     0.9209     0.9209     0.9209     0.8906     0.8359     0.9209     0.9976     0.8776     0.8718     0.8718     0.9432     0.7571     0.9494     0.9078     0.9383     0.9911     0.9269     0.9209     0.7500     0.9209     0.9209     0.9209     0.9209     0.9209     0.8906     0.8359     0.9209     0.9976     0.8776     0.8943     0.8943     0.9432     0.7571     0.9494     0.9078     0.9383     0.9911     0.9269     0.9209     0.7500     0.9209     0.9209     0.9209     0.9209     0.9209     0.8906     0.8359     0.9209     0.9976     0.8776     0.9336     0.9117     0.9432     0.7571     0.9494     0.9078     0.9383     0.9911     0.9269     0.9209     0.7500
09/30/2003_24:00     0.9209     0.9209     0.9209     0.9209     0.9209     0.8906     0.8359     0.9209     0.9976     0.8776     0.9289     0.9289     0.9432     0.7571     0.9494     0.9078     0.9383     0.9911     0.9269     0.9209     0.7500     0.9209     0.9209     0.9209     0.9209     0.9209     0.8906     0.8359     0.9209     0.9976     0.8776     0.9003     0.9003     0.9432     0.7571     0.9494     0.9078     0.9383     0.9911     0.9269     0.9209     0.7500     0.9209     0.9209     0.9209     0.9209     0.9209     0.8906     0.8359     0.9209     0.9976     0.8776     0.9432     0.9432     0.9432     0.7571     0.9494     0.9078     0.9383     0.9911     0.9269     0.9209     0.7500     0.9209     0.9209     0.9209     0.9209     0.9209     0.8906     0.8359     0.9209     0.9976     0.8776     0.9146     0.9146     0.9432     0.7571     0.9494     0.9078     0.9383     0.9911     0.9269     0.9209     0.7500     0.9209     0.9209     0.9209     0.9209     0.9209     0.8906     0.8359     0.9209     0.9976     0.8776     0.9317     0.9317     0.9432     0.7571     0.9494     0.9078     0.9383     0.9911     0.9269     0.9209     0.7500     0.9209     0.9209     0.9209     0.9209     0.9209     0.8906     0.8359     0.9209     0.9976     0.8776     0.9074     0.9074     0.9432     0.7571     0.9494     0.9078     0.9383     0.9911     0.9269     0.9209     0.7500     0.9209     0.9209     0.9209     0.9209     0.9209     0.8906     0.8359     0.9209     0.9976     0.8776     0.9282     0.9282     0.9432     0.7571     0.9494     0.9078     0.9383     0.9911     0.9269     0.9209     0.7500     0.9209     0.9209     0.9209     0.9209     0.9209     0.8906     0.8359     0.9209     0.9976     0.8776     0.9504     0.9504     0.9432     0.7571     0.9494     0.9078     0.9383     0.9911     0.9269     0.9209     0.7500     0.9209     0.9209     0.9209     0.9209     0.9209     0.8906     0.8359     0.9209     0.9976     0.8776     0.9504     0.9504     0.9432     0.7571     0.9494     0.9078     0.9383     0.9911     0.9269     0.9209     0.7500     0.9209     0.9209     0.9209     0.9209     0.9209     0.8906     0.8359     0.9209     0.9976     0.8776     0.9146     0.9146     0.9432     0.7571     0.9494     0.9078     0.9383     0.9911     0.9269     0.9209     0.7500     0.9209     0.9209     0.9209     0.9209     0.9209     0.8906     0.8359     0.9209     0.9976     0.8776     0.9146     0.9146     0.9432     0.7571     0.9494     0.9078     0.9383     0.9911     0.9269     0.9209     0.7500     0.9209     0.9209     0.9209     0.9209     0.9209     0.8906     0.8359     0.9209     0.9976     0.8776     0.9264     0.9264     0.9432     0.7571     0.9494     0.9078     0.9383     0.9911     0.9269     0.9209     0.7500     0.9209     0.9209     0.9209     0.9209     0.9209     0.8906     0.8359     0.9209     0.9976     0.8776     0.9253     0.9253     0.9432     0.7571     0.9494     0.9078     0.9383     0.9911     0.9269     0.9209     0.7500     0.9209     0.9209     0.9209     0.9209     0.9209     0.8906     0.8359     0.9209     0.9976     0.8776     0.9289     0.9289     0.9432     0.7571     0.9494     0.9078     0.9383     0.9911     0.9269     0.9209     0.7500     0.9209     0.9209     0.9209     0.9209     0.9209     0.8906     0.8359     0.9209     0.9976     0.8776     0.9214     0.9214     0.9432     0.7571     0.9494     0.9078     0.9383     0.9911     0.9269     0.9209     0.7500     0.9209     0.9209     0.9209     0.9209     0.9209     0.8906     0.8359     0.9209     0.9976     0.8776     0.9322     0.9322     0.9432     0.7571     0.9494     0.9078     0.9383     0.9911     0.9269     0.9209     0.7500     0.9209     0.9209     0.9209     0.9209     0.9209     0.8906     0.8359     0.9209     0.9976     0.8776     0.9212     0.9212     0.9432     0.7571     0.9494     0.9078     0.9383     0.9911     0.9269     0.9209     0.7500     0.9209     0.9209     0.9209     0.9209     0.9209     0.8906     0.8359     0.9209     0.9976     0.8776     0.9616     0.9616     0.9432     0.7571     0.9494     0.9078     0.9383     0.9911     0.9269     0.9209     0.7500     0.9209     0.9209     0.9209     0.9209     0.9209     0.8906     0.8359     0.9209     0.9976     0.8776     0.8715     0.8715     0.9432     0.7571     0.9494     0.9078     0.9383     0.9911     0.9269     0.9209     0.7500     0.9209     0.9209     0.9209     0.9209     0.9209     0.8906     0.8359     0.9209     0.9976     0.8776     0.8943     0.8943     0.9432     0.7571     0.9494     0.9078     0.9383     0.9911     0.9269     0.9209     0.7500     0.9209     0.9209     0.9209     0.9209     0.9209     0.8906     0.8359     0.9209     0.9976     0.8776     0.9336     0.9117     0.9432     0.7571     0.9494     0.9078     0.9383     0.9911     0.9269     0.9209     0.7500
09/30/2004_24:00     0.9209     0.9209     0.9209     0.9209     0.9209     0.8906     0.8359     0.9209     0.9976     0.8776     0.9289     0.9289     0.9432     0.7571     0.9494     0.9078     0.9383     0.9911     0.9269     0.9209     0.7500     0.9209     0.9209     0.9209     0.9209     0.9209     0.8906     0.8359     0.9209     0.9976     0.8776     0.9003     0.9003     0.9432     0.7571     0.9494     0.9078     0.9383     0.9911     0.9269     0.9209     0.7500     0.9209     0.9209     0.9209     0.9209     0.9209     0.8906     0.8359     0.9209     0.9976     0.8776     0.9432     0.9432     0.9432     0.7571     0.9494     0.9078     0.9383     0.9911     0.9269     0.9209     0.7500     0.9209     0.9209     0.9209     0.9209     0.9209     0.8906     0.8359     0.9209     0.9976     0.8776     0.9146     0.9146     0.9432     0.7571     0.9494     0.9078     0.9383     0.9911     0.9269     0.9209     0.7500     0.9209     0.9209     0.9209     0.9209     0.9209     0.8906     0.8359     0.9209     0.9976     0.8776     0.9301     0.9301     0.9432     0.7571     0.9494     0.9078     0.9383     0.9911     0.9269     0.9209     0.7500     0.9209     0.9209     0.9209     0.9209     0.9209     0.8906     0.8359     0.9209     0.9976     0.8776     0.9074     0.9074     0.9432     0.7571     0.9494     0.9078     0.9383     0.9911     0.9269     0.9209     0.7500     0.9209     0.9209     0.9209     0.9209     0.9209     0.8906     0.8359     0.9209     0.9976     0.8776     0.9270     0.9270     0.9432     0.7571     0.9494     0.9078     0.9383     0.9911     0.9269     0.9209     0.7500     0.9209     0.9209     0.9209     0.9209     0.9209     0.8906     0.8359     0.9209     0.9976     0.8776     0.9504     0.9504     0.9432     0.7571     0.9494     0.9078     0.9383     0.9911     0.9269     0.9209     0.7500     0.9209     0.9209     0.9209     0.9209     0.9209     0.8906     0.8359     0.9209     0.9976     0.8776     0.9504     0.9504     0.9432     0.7571     0.9494     0.9078     0.9383     0.9911     0.9269     0.9209     0.7500     0.9209     0.9209     0.9209     0.9209     0.9209     0.8906     0.8359     0.9209     0.9976     0.8776     0.9146     0.9146     0.9432     0.7571     0.9494     0.9078     0.9383     0.9911     0.9269     0.9209     0.7500     0.9209     0.9209     0.9209     0.9209     0.9209     0.8906     0.8359     0.9209     0.9976     0.8776     0.9146     0.9146     0.9432     0.7571     0.9494     0.9078     0.9383     0.9911     0.9269     0.9209     0.7500     0.9209     0.9209     0.9209     0.9209     0.9209     0.8906     0.8359     0.9209     0.9976     0.8776     0.9250     0.9250     0.9432     0.7571     0.9494     0.9078     0.9383     0.9911     0.9269     0.9209     0.7500     0.9209     0.9209     0.9209     0.9209     0.9209     0.8906     0.8359     0.9209     0.9976     0.8776     0.9253     0.9253     0.9432     0.7571     0.9494     0.9078     0.9383     0.9911     0.9269     0.9209     0.7500     0.9209     0.9209     0.9209     0.9209     0.9209     0.8906     0.8359     0.9209     0.9976     0.8776     0.9289     0.9289     0.9432     0.7571     0.9494     0.9078     0.9383     0.9911     0.9269     0.9209     0.7500     0.9209     0.9209     0.9209     0.9209     0.9209     0.8906     0.8359     0.9209     0.9976     0.8776     0.9208     0.9208     0.9432     0.7571     0.9494     0.9078     0.9383     0.9911     0.9269     0.9209     0.7500     0.9209     0.9209     0.9209     0.9209     0.9209     0.8906     0.8359     0.9209     0.9976     0.8776     0.9315     0.9315     0.9432     0.7571     0.9494     0.9078     0.9383     0.9911     0.9269     0.9209     0.7500     0.9209     0.9209     0.9209     0.9209     0.9209     0.8906     0.8359     0.9209     0.9976     0.8776     0.9203     0.9203     0.9432     0.7571     0.9494     0.9078     0.9383     0.9911     0.9269     0.9209     0.7500     0.9209     0.9209     0.9209     0.9209     0.9209     0.8906     0.8359     0.9209     0.9976     0.8776     0.9589     0.9589     0.9432     0.7571     0.9494     0.9078     0.9383     0.9911     0.9269     0.9209     0.7500     0.9209     0.9209     0.9209     0.9209     0.9209     0.8906     0.8359     0.9209     0.9976     0.8776     0.8711     0.8711     0.9432     0.7571     0.9494     0.9078     0.9383     0.9911     0.9269     0.9209     0.7500     0.9209     0.9209     0.9209     0.9209     0.9209     0.8906     0.8359     0.9209     0.9976     0.8776     0.8943     0.8943     0.9432     0.7571     0.9494     0.9078     0.9383     0.9911     0.9269     0.9209     0.7500     0.9209     0.9209     0.9209     0.9209     0.9209     0.8906     0.8359     0.9209     0.9976     0.8776     0.9336     0.9117     0.9432     0.7571     0.9494     0.9078     0.9383     0.9911     0.9269     0.9209     0.7500
09/30/2005_24:00     0.9209     0.9209     0.9209     0.9209     0.9209     0.8906     0.8359     0.9209     0.9976     0.8776     0.9289     0.9289     0.9432     0.7571     0.9494     0.9078     0.9383     0.9911     0.9269     0.9209     0.7500     0.9209     0.9209     0.9209     0.9209     0.9209     0.8906     0.8359     0.9209     0.9976     0.8776     0.9003     0.9003     0.9432     0.7571     0.9494     0.9078     0.9383     0.9911     0.9269     0.9209     0.7500     0.9209     0.9209     0.9209     0.9209     0.9209     0.8906     0.8359     0.9209     0.9976     0.8776     0.9432     0.9432     0.9432     0.7571     0.9494     0.9078     0.9383     0.9911     0.9269     0.9209     0.7500     0.9209     0.9209     0.9209     0.9209     0.9209     0.8906     0.8359     0.9209     0.9976     0.8776     0.9146     0.9146     0.9432     0.7571     0.9494     0.9078     0.9383     0.9911     0.9269     0.9209     0.7500     0.9209     0.9209     0.9209     0.9209     0.9209     0.8906     0.8359     0.9209     0.9976     0.8776     0.9286     0.9286     0.9432     0.7571     0.9494     0.9078     0.9383     0.9911     0.9269     0.9209     0.7500     0.9209     0.9209     0.9209     0.9209     0.9209     0.8906     0.8359     0.9209     0.9976     0.8776     0.9074     0.9074     0.9432     0.7571     0.9494     0.9078     0.9383     0.9911     0.9269     0.9209     0.7500     0.9209     0.9209     0.9209     0.9209     0.9209     0.8906     0.8359     0.9209     0.9976     0.8776     0.9258     0.9258     0.9432     0.7571     0.9494     0.9078     0.9383     0.9911     0.9269     0.9209     0.7500     0.9209     0.9209     0.9209     0.9209     0.9209     0.8906     0.8359     0.9209     0.9976     0.8776     0.9504     0.9504     0.9432     0.7571     0.9494     0.9078     0.9383     0.9911     0.9269     0.9209     0.7500     0.9209     0.9209     0.9209     0.9209     0.9209     0.8906     0.8359     0.9209     0.9976     0.8776     0.9504     0.9504     0.9432     0.7571     0.9494     0.9078     0.9383     0.9911     0.9269     0.9209     0.7500     0.9209     0.9209     0.9209     0.9209     0.9209     0.8906     0.8359     0.9209     0.9976     0.8776     0.9146     0.9146     0.9432     0.7571     0.9494     0.9078     0.9383     0.9911     0.9269     0.9209     0.7500     0.9209     0.9209     0.9209     0.9209     0.9209     0.8906     0.8359     0.9209     0.9976     0.8776     0.9146     0.9146     0.9432     0.7571     0.9494     0.9078     0.9383     0.9911     0.9269     0.9209     0.7500     0.9209     0.9209     0.9209     0.9209     0.9209     0.8906     0.8359     0.9209     0.9976     0.8776     0.9236     0.9236     0.9432     0.7571     0.9494     0.9078     0.9383     0.9911     0.9269     0.9209     0.7500     0.9209     0.9209     0.9209     0.9209     0.9209     0.8906     0.8359     0.9209     0.9976     0.8776     0.9253     0.9253     0.9432     0.7571     0.9494     0.9078     0.9383     0.9911     0.9269     0.9209     0.7500     0.9209     0.9209     0.9209     0.9209     0.9209     0.8906     0.8359     0.9209     0.9976     0.8776     0.9289     0.9289     0.9432     0.7571     0.9494     0.9078     0.9383     0.9911     0.9269     0.9209     0.7500     0.9209     0.9209     0.9209     0.9209     0.9209     0.8906     0.8359     0.9209     0.9976     0.8776     0.9202     0.9202     0.9432     0.7571     0.9494     0.9078     0.9383     0.9911     0.9269     0.9209     0.7500     0.9209     0.9209     0.9209     0.9209     0.9209     0.8906     0.8359     0.9209     0.9976     0.8776     0.9309     0.9309     0.9432     0.7571     0.9494     0.9078     0.9383     0.9911     0.9269     0.9209     0.7500     0.9209     0.9209     0.9209     0.9209     0.9209     0.8906     0.8359     0.9209     0.9976     0.8776     0.9194     0.9194     0.9432     0.7571     0.9494     0.9078     0.9383     0.9911     0.9269     0.9209     0.7500     0.9209     0.9209     0.9209     0.9209     0.9209     0.8906     0.8359     0.9209     0.9976     0.8776     0.9563     0.9563     0.9432     0.7571     0.9494     0.9078     0.9383     0.9911     0.9269     0.9209     0.7500     0.9209     0.9209     0.9209     0.9209     0.9209     0.8906     0.8359     0.9209     0.9976     0.8776     0.8708     0.8708     0.9432     0.7571     0.9494     0.9078     0.9383     0.9911     0.9269     0.9209     0.7500     0.9209     0.9209     0.9209     0.9209     0.9209     0.8906     0.8359     0.9209     0.9976     0.8776     0.8943     0.8943     0.9432     0.7571     0.9494     0.9078     0.9383     0.9911     0.9269     0.9209     0.7500     0.9209     0.9209     0.9209     0.9209     0.9209     0.8906     0.8359     0.9209     0.9976     0.8776     0.9336     0.9117     0.9432     0.7571     0.9494     0.9078     0.9383     0.9911     0.9269     0.9209     0.7500
09/30/2006_24:00     0.9209     0.9209     0.9209     0.9209     0.9209     0.8906     0.8359     0.9209     0.9976     0.8776     0.8931     0.8931     0.9432     0.7571     0.9494     0.9078     0.9383     0.9911     0.9269     0.9209     0.7500     0.9209     0.9209     0.9209     0.9209     0.9209     0.8906     0.8359     0.9209     0.9976     0.8776     0.9003     0.9003     0.9432     0.7571     0.9494     0.9078     0.9383     0.9911     0.9269     0.9209     0.7500     0.9209     0.9209     0.9209     0.9209     0.9209     0.8906     0.8359     0.9209     0.9976     0.8776     0.9432     0.9432     0.9432     0.7571     0.9494     0.9078     0.9383     0.9911     0.9269     0.9209     0.7500     0.9209     0.9209     0.9209     0.9209     0.9209     0.8906     0.8359     0.9209     0.9976     0.8776     0.8931     0.8931     0.9432     0.7571     0.9494     0.9078     0.9383     0.9911     0.9269     0.9209     0.7500     0.9209     0.9209     0.9209     0.9209     0.9209     0.8906     0.8359     0.9209     0.9976     0.8776     0.9270     0.9270     0.9432     0.7571     0.9494     0.9078     0.9383     0.9911     0.9269     0.9209     0.7500     0.9209     0.9209     0.9209     0.9209     0.9209     0.8906     0.8359     0.9209     0.9976     0.8776     0.9074     0.9074     0.9432     0.7571     0.9494     0.9078     0.9383     0.9911     0.9269     0.9209     0.7500     0.9209     0.9209     0.9209     0.9209     0.9209     0.8906     0.8359     0.9209     0.9976     0.8776     0.9245     0.9245     0.9432     0.7571     0.9494     0.9078     0.9383     0.9911     0.9269     0.9209     0.7500     0.9209     0.9209     0.9209     0.9209     0.9209     0.8906     0.8359     0.9209     0.9976     0.8776     0.8931     0.8931     0.9432     0.7571     0.9494     0.9078     0.9383     0.9911     0.9269     0.9209     0.7500     0.9209     0.9209     0.9209     0.9209     0.9209     0.8906     0.8359     0.9209     0.9976     0.8776     0.8931     0.8931     0.9432     0.7571     0.9494     0.9078     0.9383     0.9911     0.9269     0.9209     0.7500     0.9209     0.9209     0.9209     0.9209     0.9209     0.8906     0.8359     0.9209     0.9976     0.8776     0.9146     0.9146     0.9432     0.7571     0.9494     0.9078     0.9383     0.9911     0.9269     0.9209     0.7500     0.9209     0.9209     0.9209     0.9209     0.9209     0.8906     0.8359     0.9209     0.9976     0.8776     0.9146     0.9146     0.9432     0.7571     0.9494     0.9078     0.9383     0.9911     0.9269     0.9209     0.7500     0.9209     0.9209     0.9209     0.9209     0.9209     0.8906     0.8359     0.9209     0.9976     0.8776     0.8931     0.8931     0.9432     0.7571     0.9494     0.9078     0.9383     0.9911     0.9269     0.9209     0.7500     0.9209     0.9209     0.9209     0.9209     0.9209     0.8906     0.8359     0.9209     0.9976     0.8776     0.9253     0.9253     0.9432     0.7571     0.9494     0.9078     0.9383     0.9911     0.9269     0.9209     0.7500     0.9209     0.9209     0.9209     0.9209     0.9209     0.8906     0.8359     0.9209     0.9976     0.8776     0.9289     0.9289     0.9432     0.7571     0.9494     0.9078     0.9383     0.9911     0.9269     0.9209     0.7500     0.9209     0.9209     0.9209     0.9209     0.9209     0.8906     0.8359     0.9209     0.9976     0.8776     0.9196     0.9196     0.9432     0.7571     0.9494     0.9078     0.9383     0.9911     0.9269     0.9209     0.7500     0.9209     0.9209     0.9209     0.9209     0.9209     0.8906     0.8359     0.9209     0.9976     0.8776     0.8931     0.8931     0.9432     0.7571     0.9494     0.9078     0.9383     0.9911     0.9269     0.9209     0.7500     0.9209     0.9209     0.9209     0.9209     0.9209     0.8906     0.8359     0.9209     0.9976     0.8776     0.9184     0.9184     0.9432     0.7571     0.9494     0.9078     0.9383     0.9911     0.9269     0.9209     0.7500     0.9209     0.9209     0.9209     0.9209     0.9209     0.8906     0.8359     0.9209     0.9976     0.8776     0.9432     0.9432     0.9432     0.7571     0.9494     0.9078     0.9383     0.9911     0.9269     0.9209     0.7500     0.9209     0.9209     0.9209     0.9209     0.9209     0.8906     0.8359     0.9209     0.9976     0.8776     0.8705     0.8705     0.9432     0.7571     0.9494     0.9078     0.9383     0.9911     0.9269     0.9209     0.7500     0.9209     0.9209     0.9209     0.9209     0.9209     0.8906     0.8359     0.9209     0.9976     0.8776     0.8943     0.8943     0.9432     0.7571     0.9494     0.9078     0.9383     0.9911     0.9269     0.9209     0.7500     0.9209     0.9209     0.9209     0.9209     0.9209     0.8906     0.8359     0.9209     0.9976     0.8776     0.9336     0.9117     0.9432     0.7571     0.9494     0.9078     0.9383     0.9911     0.9269     0.9209     0.7500
09/30/2007_24:00     0.9209     0.9209     0.9209     0.9209     0.9209     0.8906     0.8359     0.9209     0.9976     0.8776     0.8931     0.8931     0.9432     0.7571     0.9494     0.9078     0.9383     0.9911     0.9269     0.9209     0.7500     0.9209     0.9209     0.9209     0.9209     0.9209     0.8906     0.8359     0.9209     0.9976     0.8776     0.9003     0.9003     0.9432     0.7571     0.9494     0.9078     0.9383     0.9911     0.9269     0.9209     0.7500     0.9209     0.9209     0.9209     0.9209     0.9209     0.8906     0.8359     0.9209     0.9976     0.8776     0.9432     0.9432     0.9432     0.7571     0.9494     0.9078     0.9383     0.9911     0.9269     0.9209     0.7500     0.9209     0.9209     0.9209     0.9209     0.9209     0.8906     0.8359     0.9209     0.9976     0.8776     0.8931     0.8931     0.9432     0.7571     0.9494     0.9078     0.9383     0.9911     0.9269     0.9209     0.7500     0.9209     0.9209     0.9209     0.9209     0.9209     0.8906     0.8359     0.9209     0.9976     0.8776     0.9254     0.9254     0.9432     0.7571     0.9494     0.9078     0.9383     0.9911     0.9269     0.9209     0.7500     0.9209     0.9209     0.9209     0.9209     0.9209     0.8906     0.8359     0.9209     0.9976     0.8776     0.9074     0.9074     0.9432     0.7571     0.9494     0.9078     0.9383     0.9911     0.9269     0.9209     0.7500     0.9209     0.9209     0.9209     0.9209     0.9209     0.8906     0.8359     0.9209     0.9976     0.8776     0.9233     0.9233     0.9432     0.7571     0.9494     0.9078     0.9383     0.9911     0.9269     0.9209     0.7500     0.9209     0.9209     0.9209     0.9209     0.9209     0.8906     0.8359     0.9209     0.9976     0.8776     0.8931     0.8931     0.9432     0.7571     0.9494     0.9078     0.9383     0.9911     0.9269     0.9209     0.7500     0.9209     0.9209     0.9209     0.9209     0.9209     0.8906     0.8359     0.9209     0.9976     0.8776     0.8931     0.8931     0.9432     0.7571     0.9494     0.9078     0.9383     0.9911     0.9269     0.9209     0.7500     0.9209     0.9209     0.9209     0.9209     0.9209     0.8906     0.8359     0.9209     0.9976     0.8776     0.9146     0.9146     0.9432     0.7571     0.9494     0.9078     0.9383     0.9911     0.9269     0.9209     0.7500     0.9209     0.9209     0.9209     0.9209     0.9209     0.8906     0.8359     0.9209     0.9976     0.8776     0.9146     0.9146     0.9432     0.7571     0.9494     0.9078     0.9383     0.9911     0.9269     0.9209     0.7500     0.9209     0.9209     0.9209     0.9209     0.9209     0.8906     0.8359     0.9209     0.9976     0.8776     0.8931     0.8931     0.9432     0.7571     0.9494     0.9078     0.9383     0.9911     0.9269     0.9209     0.7500     0.9209     0.9209     0.9209     0.9209     0.9209     0.8906     0.8359     0.9209     0.9976     0.8776     0.9253     0.9253     0.9432     0.7571     0.9494     0.9078     0.9383     0.9911     0.9269     0.9209     0.7500     0.9209     0.9209     0.9209     0.9209     0.9209     0.8906     0.8359     0.9209     0.9976     0.8776     0.9289     0.9289     0.9432     0.7571     0.9494     0.9078     0.9383     0.9911     0.9269     0.9209     0.7500     0.9209     0.9209     0.9209     0.9209     0.9209     0.8906     0.8359     0.9209     0.9976     0.8776     0.9189     0.9189     0.9432     0.7571     0.9494     0.9078     0.9383     0.9911     0.9269     0.9209     0.7500     0.9209     0.9209     0.9209     0.9209     0.9209     0.8906     0.8359     0.9209     0.9976     0.8776     0.8931     0.8931     0.9432     0.7571     0.9494     0.9078     0.9383     0.9911     0.9269     0.9209     0.7500     0.9209     0.9209     0.9209     0.9209     0.9209     0.8906     0.8359     0.9209     0.9976     0.8776     0.9175     0.9175     0.9432     0.7571     0.9494     0.9078     0.9383     0.9911     0.9269     0.9209     0.7500     0.9209     0.9209     0.9209     0.9209     0.9209     0.8906     0.8359     0.9209     0.9976     0.8776     0.9432     0.9432     0.9432     0.7571     0.9494     0.9078     0.9383     0.9911     0.9269     0.9209     0.7500     0.9209     0.9209     0.9209     0.9209     0.9209     0.8906     0.8359     0.9209     0.9976     0.8776     0.8702     0.8702     0.9432     0.7571     0.9494     0.9078     0.9383     0.9911     0.9269     0.9209     0.7500     0.9209     0.9209     0.9209     0.9209     0.9209     0.8906     0.8359     0.9209     0.9976     0.8776     0.8943     0.8943     0.9432     0.7571     0.9494     0.9078     0.9383     0.9911     0.9269     0.9209     0.7500     0.9209     0.9209     0.9209     0.9209     0.9209     0.8906     0.8359     0.9209     0.9976     0.8776     0.9336     0.9117     0.9432     0.7571     0.9494     0.9078     0.9383     0.9911     0.9269     0.9209     0.7500
09/30/2008_24:00     0.9209     0.9209     0.9209     0.9209     0.9209     0.8906     0.8359     0.9209     0.9976     0.8776     0.9289     0.9289     0.9432     0.7571     0.9494     0.9078     0.9383     0.9911     0.9269     0.9209     0.7500     0.9209     0.9209     0.9209     0.9209     0.9209     0.8906     0.8359     0.9209     0.9976     0.8776     0.9003     0.9003     0.9432     0.7571     0.9494     0.9078     0.9383     0.9911     0.9269     0.9209     0.7500     0.9209     0.9209     0.9209     0.9209     0.9209     0.8906     0.8359     0.9209     0.9976     0.8776     0.9432     0.9432     0.9432     0.7571     0.9494     0.9078     0.9383     0.9911     0.9269     0.9209     0.7500     0.9209     0.9209     0.9209     0.9209     0.9209     0.8906     0.8359     0.9209     0.9976     0.8776     0.9146     0.9146     0.9432     0.7571     0.9494     0.9078     0.9383     0.9911     0.9269     0.9209     0.7500     0.9209     0.9209     0.9209     0.9209     0.9209     0.8906     0.8359     0.9209     0.9976     0.8776     0.9239     0.9239     0.9432     0.7571     0.9494     0.9078     0.9383     0.9911     0.9269     0.9209     0.7500     0.9209     0.9209     0.9209     0.9209     0.9209     0.8906     0.8359     0.9209     0.9976     0.8776     0.9074     0.9074     0.9432     0.7571     0.9494     0.9078     0.9383     0.9911     0.9269     0.9209     0.7500     0.9209     0.9209     0.9209     0.9209     0.9209     0.8906     0.8359     0.9209     0.9976     0.8776     0.9220     0.9220     0.9432     0.7571     0.9494     0.9078     0.9383     0.9911     0.9269     0.9209     0.7500     0.9209     0.9209     0.9209     0.9209     0.9209     0.8906     0.8359     0.9209     0.9976     0.8776     0.9504     0.9504     0.9432     0.7571     0.9494     0.9078     0.9383     0.9911     0.9269     0.9209     0.7500     0.9209     0.9209     0.9209     0.9209     0.9209     0.8906     0.8359     0.9209     0.9976     0.8776     0.9504     0.9504     0.9432     0.7571     0.9494     0.9078     0.9383     0.9911     0.9269     0.9209     0.7500     0.9209     0.9209     0.9209     0.9209     0.9209     0.8906     0.8359     0.9209     0.9976     0.8776     0.9146     0.9146     0.9432     0.7571     0.9494     0.9078     0.9383     0.9911     0.9269     0.9209     0.7500     0.9209     0.9209     0.9209     0.9209     0.9209     0.8906     0.8359     0.9209     0.9976     0.8776     0.9146     0.9146     0.9432     0.7571     0.9494     0.9078     0.9383     0.9911     0.9269     0.9209     0.7500     0.9209     0.9209     0.9209     0.9209     0.9209     0.8906     0.8359     0.9209     0.9976     0.8776     0.9194     0.9194     0.9432     0.7571     0.9494     0.9078     0.9383     0.9911     0.9269     0.9209     0.7500     0.9209     0.9209     0.9209     0.9209     0.9209     0.8906     0.8359     0.9209     0.9976     0.8776     0.9253     0.9253     0.9432     0.7571     0.9494     0.9078     0.9383     0.9911     0.9269     0.9209     0.7500     0.9209     0.9209     0.9209     0.9209     0.9209     0.8906     0.8359     0.9209     0.9976     0.8776     0.9289     0.9289     0.9432     0.7571     0.9494     0.9078     0.9383     0.9911     0.9269     0.9209     0.7500     0.9209     0.9209     0.9209     0.9209     0.9209     0.8906     0.8359     0.9209     0.9976     0.8776     0.9183     0.9183     0.9432     0.7571     0.9494     0.9078     0.9383     0.9911     0.9269     0.9209     0.7500     0.9209     0.9209     0.9209     0.9209     0.9209     0.8906     0.8359     0.9209     0.9976     0.8776     0.9290     0.9290     0.9432     0.7571     0.9494     0.9078     0.9383     0.9911     0.9269     0.9209     0.7500     0.9209     0.9209     0.9209     0.9209     0.9209     0.8906     0.8359     0.9209     0.9976     0.8776     0.9166     0.9166     0.9432     0.7571     0.9494     0.9078     0.9383     0.9911     0.9269     0.9209     0.7500     0.9209     0.9209     0.9209     0.9209     0.9209     0.8906     0.8359     0.9209     0.9976     0.8776     0.9484     0.9484     0.9432     0.7571     0.9494     0.9078     0.9383     0.9911     0.9269     0.9209     0.7500     0.9209     0.9209     0.9209     0.9209     0.9209     0.8906     0.8359     0.9209     0.9976     0.8776     0.8699     0.8699     0.9432     0.7571     0.9494     0.9078     0.9383     0.9911     0.9269     0.9209     0.7500     0.9209     0.9209     0.9209     0.9209     0.9209     0.8906     0.8359     0.9209     0.9976     0.8776     0.8943     0.8943     0.9432     0.7571     0.9494     0.9078     0.9383     0.9911     0.9269     0.9209     0.7500     0.9209     0.9209     0.9209     0.9209     0.9209     0.8906     0.8359     0.9209     0.9976     0.8776     0.9336     0.9117     0.9432     0.7571     0.9494     0.9078     0.9383     0.9911     0.9269     0.9209     0.7500
09/30/2009_24:00     0.9209     0.9209     0.9209     0.9209     0.9209     0.8906     0.8359     0.9209     0.9976     0.8776     0.9289     0.9289     0.9432     0.7571     0.9494     0.9078     0.9383     0.9911     0.9269     0.9209     0.7500     0.9209     0.9209     0.9209     0.9209     0.9209     0.8906     0.8359     0.9209     0.9976     0.8776     0.9003     0.9003     0.9432     0.7571     0.9494     0.9078     0.9383     0.9911     0.9269     0.9209     0.7500     0.9209     0.9209     0.9209     0.9209     0.9209     0.8906     0.8359     0.9209     0.9976     0.8776     0.9432     0.9432     0.9432     0.7571     0.9494     0.9078     0.9383     0.9911     0.9269     0.9209     0.7500     0.9209     0.9209     0.9209     0.9209     0.9209     0.8906     0.8359     0.9209     0.9976     0.8776     0.9146     0.9146     0.9432     0.7571     0.9494     0.9078     0.9383     0.9911     0.9269     0.9209     0.7500     0.9209     0.9209     0.9209     0.9209     0.9209     0.8906     0.8359     0.9209     0.9976     0.8776     0.9224     0.9224     0.9432     0.7571     0.9494     0.9078     0.9383     0.9911     0.9269     0.9209     0.7500     0.9209     0.9209     0.9209     0.9209     0.9209     0.8906     0.8359     0.9209     0.9976     0.8776     0.9074     0.9074     0.9432     0.7571     0.9494     0.9078     0.9383     0.9911     0.9269     0.9209     0.7500     0.9209     0.9209     0.9209     0.9209     0.9209     0.8906     0.8359     0.9209     0.9976     0.8776     0.9208     0.9208     0.9432     0.7571     0.9494     0.9078     0.9383     0.9911     0.9269     0.9209     0.7500     0.9209     0.9209     0.9209     0.9209     0.9209     0.8906     0.8359     0.9209     0.9976     0.8776     0.9504     0.9504     0.9432     0.7571     0.9494     0.9078     0.9383     0.9911     0.9269     0.9209     0.7500     0.9209     0.9209     0.9209     0.9209     0.9209     0.8906     0.8359     0.9209     0.9976     0.8776     0.9504     0.9504     0.9432     0.7571     0.9494     0.9078     0.9383     0.9911     0.9269     0.9209     0.7500     0.9209     0.9209     0.9209     0.9209     0.9209     0.8906     0.8359     0.9209     0.9976     0.8776     0.9146     0.9146     0.9432     0.7571     0.9494     0.9078     0.9383     0.9911     0.9269     0.9209     0.7500     0.9209     0.9209     0.9209     0.9209     0.9209     0.8906     0.8359     0.9209     0.9976     0.8776     0.9146     0.9146     0.9432     0.7571     0.9494     0.9078     0.9383     0.9911     0.9269     0.9209     0.7500     0.9209     0.9209     0.9209     0.9209     0.9209     0.8906     0.8359     0.9209     0.9976     0.8776     0.9180     0.9180     0.9432     0.7571     0.9494     0.9078     0.9383     0.9911     0.9269     0.9209     0.7500     0.9209     0.9209     0.9209     0.9209     0.9209     0.8906     0.8359     0.9209     0.9976     0.8776     0.9253     0.9253     0.9432     0.7571     0.9494     0.9078     0.9383     0.9911     0.9269     0.9209     0.7500     0.9209     0.9209     0.9209     0.9209     0.9209     0.8906     0.8359     0.9209     0.9976     0.8776     0.9289     0.9289     0.9432     0.7571     0.9494     0.9078     0.9383     0.9911     0.9269     0.9209     0.7500     0.9209     0.9209     0.9209     0.9209     0.9209     0.8906     0.8359     0.9209     0.9976     0.8776     0.9176     0.9176     0.9432     0.7571     0.9494     0.9078     0.9383     0.9911     0.9269     0.9209     0.7500     0.9209     0.9209     0.9209     0.9209     0.9209     0.8906     0.8359     0.9209     0.9976     0.8776     0.9284     0.9284     0.9432     0.7571     0.9494     0.9078     0.9383     0.9911     0.9269     0.9209     0.7500     0.9209     0.9209     0.9209     0.9209     0.9209     0.8906     0.8359     0.9209     0.9976     0.8776     0.9156     0.9156     0.9432     0.7571     0.9494     0.9078     0.9383     0.9911     0.9269     0.9209     0.7500     0.9209     0.9209     0.9209     0.9209     0.9209     0.8906     0.8359     0.9209     0.9976     0.8776     0.9457     0.9457     0.9432     0.7571     0.9494     0.9078     0.9383     0.9911     0.9269     0.9209     0.7500     0.9209     0.9209     0.9209     0.9209     0.9209     0.8906     0.8359     0.9209     0.9976     0.8776     0.8696     0.8696     0.9432     0.7571     0.9494     0.9078     0.9383     0.9911     0.9269     0.9209     0.7500     0.9209     0.9209     0.9209     0.9209     0.9209     0.8906     0.8359     0.9209     0.9976     0.8776     0.8943     0.8943     0.9432     0.7571     0.9494     0.9078     0.9383     0.9911     0.9269     0.9209     0.7500     0.9209     0.9209     0.9209     0.9209     0.9209     0.8906     0.8359     0.9209     0.9976     0.8776     0.9336     0.9117     0.9432     0.7571     0.9494     0.9078     0.9383     0.9911     0.9269     0.9209     0.7500
09/30/2011_24:00     0.9209     0.9209     0.9209     0.9209     0.9209     0.8906     0.8359     0.9209     0.9976     0.8776     0.9289     0.9289     0.9432     0.7571     0.9494     0.9078     0.9383     0.9911     0.9269     0.9209     0.7500     0.9209     0.9209     0.9209     0.9209     0.9209     0.8906     0.8359     0.9209     0.9976     0.8776     0.9003     0.9003     0.9432     0.7571     0.9494     0.9078     0.9383     0.9911     0.9269     0.9209     0.7500     0.9209     0.9209     0.9209     0.9209     0.9209     0.8906     0.8359     0.9209     0.9976     0.8776     0.9432     0.9432     0.9432     0.7571     0.9494     0.9078     0.9383     0.9911     0.9269     0.9209     0.7500     0.9209     0.9209     0.9209     0.9209     0.9209     0.8906     0.8359     0.9209     0.9976     0.8776     0.9146     0.9146     0.9432     0.7571     0.9494     0.9078     0.9383     0.9911     0.9269     0.9209     0.7500     0.9209     0.9209     0.9209     0.9209     0.9209     0.8906     0.8359     0.9209     0.9976     0.8776     0.9208     0.9208     0.9432     0.7571     0.9494     0.9078     0.9383     0.9911     0.9269     0.9209     0.7500     0.9209     0.9209     0.9209     0.9209     0.9209     0.8906     0.8359     0.9209     0.9976     0.8776     0.9074     0.9074     0.9432     0.7571     0.9494     0.9078     0.9383     0.9911     0.9269     0.9209     0.7500     0.9209     0.9209     0.9209     0.9209     0.9209     0.8906     0.8359     0.9209     0.9976     0.8776     0.9196     0.9196     0.9432     0.7571     0.9494     0.9078     0.9383     0.9911     0.9269     0.9209     0.7500     0.9209     0.9209     0.9209     0.9209     0.9209     0.8906     0.8359     0.9209     0.9976     0.8776     0.9504     0.9504     0.9432     0.7571     0.9494     0.9078     0.9383     0.9911     0.9269     0.9209     0.7500     0.9209     0.9209     0.9209     0.9209     0.9209     0.8906     0.8359     0.9209     0.9976     0.8776     0.9504     0.9504     0.9432     0.7571     0.9494     0.9078     0.9383     0.9911     0.9269     0.9209     0.7500     0.9209     0.9209     0.9209     0.9209     0.9209     0.8906     0.8359     0.9209     0.9976     0.8776     0.9146     0.9146     0.9432     0.7571     0.9494     0.9078     0.9383     0.9911     0.9269     0.9209     0.7500     0.9209     0.9209     0.9209     0.9209     0.9209     0.8906     0.8359     0.9209     0.9976     0.8776     0.9146     0.9146     0.9432     0.7571     0.9494     0.9078     0.9383     0.9911     0.9269     0.9209     0.7500     0.9209     0.9209     0.9209     0.9209     0.9209     0.8906     0.8359     0.9209     0.9976     0.8776     0.9166     0.9166     0.9432     0.7571     0.9494     0.9078     0.9383     0.9911     0.9269     0.9209     0.7500     0.9209     0.9209     0.9209     0.9209     0.9209     0.8906     0.8359     0.9209     0.9976     0.8776     0.9253     0.9253     0.9432     0.7571     0.9494     0.9078     0.9383     0.9911     0.9269     0.9209     0.7500     0.9209     0.9209     0.9209     0.9209     0.9209     0.8906     0.8359     0.9209     0.9976     0.8776     0.9289     0.9289     0.9432     0.7571     0.9494     0.9078     0.9383     0.9911     0.9269     0.9209     0.7500     0.9209     0.9209     0.9209     0.9209     0.9209     0.8906     0.8359     0.9209     0.9976     0.8776     0.9171     0.9171     0.9432     0.7571     0.9494     0.9078     0.9383     0.9911     0.9269     0.9209     0.7500     0.9209     0.9209     0.9209     0.9209     0.9209     0.8906     0.8359     0.9209     0.9976     0.8776     0.9278     0.9278     0.9432     0.7571     0.9494     0.9078     0.9383     0.9911     0.9269     0.9209     0.7500     0.9209     0.9209     0.9209     0.9209     0.9209     0.8906     0.8359     0.9209     0.9976     0.8776     0.9147     0.9147     0.9432     0.7571     0.9494     0.9078     0.9383     0.9911     0.9269     0.9209     0.7500     0.9209     0.9209     0.9209     0.9209     0.9209     0.8906     0.8359     0.9209     0.9976     0.8776     0.9431     0.9431     0.9432     0.7571     0.9494     0.9078     0.9383     0.9911     0.9269     0.9209     0.7500     0.9209     0.9209     0.9209     0.9209     0.9209     0.8906     0.8359     0.9209     0.9976     0.8776     0.8693     0.8693     0.9432     0.7571     0.9494     0.9078     0.9383     0.9911     0.9269     0.9209     0.7500     0.9209     0.9209     0.9209     0.9209     0.9209     0.8906     0.8359     0.9209     0.9976     0.8776     0.8943     0.8943     0.9432     0.7571     0.9494     0.9078     0.9383     0.9911     0.9269     0.9209     0.7500     0.9209     0.9209     0.9209     0.9209     0.9209     0.8906     0.8359     0.9209     0.9976     0.8776     0.9336     0.9117     0.9432     0.7571     0.9494     0.9078     0.9383     0.9911     0.9269     0.9209     0.7500
09/30/2012_24:00     0.9209     0.9209     0.9209     0.9209     0.9209     0.8906     0.8359     0.9209     0.9976     0.8776     0.8501     0.8501     0.9432     0.7571     0.9494     0.9078     0.9383     0.9911     0.9269     0.9209     0.7500     0.9209     0.9209     0.9209     0.9209     0.9209     0.8906     0.8359     0.9209     0.9976     0.8776     0.9003     0.9003     0.9432     0.7571     0.9494     0.9078     0.9383     0.9911     0.9269     0.9209     0.7500     0.9209     0.9209     0.9209     0.9209     0.9209     0.8906     0.8359     0.9209     0.9976     0.8776     0.9432     0.9432     0.9432     0.7571     0.9494     0.9078     0.9383     0.9911     0.9269     0.9209     0.7500     0.9209     0.9209     0.9209     0.9209     0.9209     0.8906     0.8359     0.9209     0.9976     0.8776     0.8501     0.8501     0.9432     0.7571     0.9494     0.9078     0.9383     0.9911     0.9269     0.9209     0.7500     0.9209     0.9209     0.9209     0.9209     0.9209     0.8906     0.8359     0.9209     0.9976     0.8776     0.9192     0.9192     0.9432     0.7571     0.9494     0.9078     0.9383     0.9911     0.9269     0.9209     0.7500     0.9209     0.9209     0.9209     0.9209     0.9209     0.8906     0.8359     0.9209     0.9976     0.8776     0.9074     0.9074     0.9432     0.7571     0.9494     0.9078     0.9383     0.9911     0.9269     0.9209     0.7500     0.9209     0.9209     0.9209     0.9209     0.9209     0.8906     0.8359     0.9209     0.9976     0.8776     0.8501     0.8501     0.9432     0.7571     0.9494     0.9078     0.9383     0.9911     0.9269     0.9209     0.7500     0.9209     0.9209     0.9209     0.9209     0.9209     0.8906     0.8359     0.9209     0.9976     0.8776     0.8501     0.8501     0.9432     0.7571     0.9494     0.9078     0.9383     0.9911     0.9269     0.9209     0.7500     0.9209     0.9209     0.9209     0.9209     0.9209     0.8906     0.8359     0.9209     0.9976     0.8776     0.8645     0.8645     0.9432     0.7571     0.9494     0.9078     0.9383     0.9911     0.9269     0.9209     0.7500     0.9209     0.9209     0.9209     0.9209     0.9209     0.8906     0.8359     0.9209     0.9976     0.8776     0.9146     0.9146     0.9432     0.7571     0.9494     0.9078     0.9383     0.9911     0.9269     0.9209     0.7500     0.9209     0.9209     0.9209     0.9209     0.9209     0.8906     0.8359     0.9209     0.9976     0.8776     0.9146     0.9146     0.9432     0.7571     0.9494     0.9078     0.9383     0.9911     0.9269     0.9209     0.7500     0.9209     0.9209     0.9209     0.9209     0.9209     0.8906     0.8359     0.9209     0.9976     0.8776     0.8501     0.8501     0.9432     0.7571     0.9494     0.9078     0.9383     0.9911     0.9269     0.9209     0.7500     0.9209     0.9209     0.9209     0.9209     0.9209     0.8906     0.8359     0.9209     0.9976     0.8776     0.9253     0.9253     0.9432     0.7571     0.9494     0.9078     0.9383     0.9911     0.9269     0.9209     0.7500     0.9209     0.9209     0.9209     0.9209     0.9209     0.8906     0.8359     0.9209     0.9976     0.8776     0.9289     0.9289     0.9432     0.7571     0.9494     0.9078     0.9383     0.9911     0.9269     0.9209     0.7500     0.9209     0.9209     0.9209     0.9209     0.9209     0.8906     0.8359     0.9209     0.9976     0.8776     0.8501     0.8501     0.9432     0.7571     0.9494     0.9078     0.9383     0.9911     0.9269     0.9209     0.7500     0.9209     0.9209     0.9209     0.9209     0.9209     0.8906     0.8359     0.9209     0.9976     0.8776     0.8645     0.8645     0.9432     0.7571     0.9494     0.9078     0.9383     0.9911     0.9269     0.9209     0.7500     0.9209     0.9209     0.9209     0.9209     0.9209     0.8906     0.8359     0.9209     0.9976     0.8776     0.8501     0.8501     0.9432     0.7571     0.9494     0.9078     0.9383     0.9911     0.9269     0.9209     0.7500     0.9209     0.9209     0.9209     0.9209     0.9209     0.8906     0.8359     0.9209     0.9976     0.8776     0.8788     0.8788     0.9432     0.7571     0.9494     0.9078     0.9383     0.9911     0.9269     0.9209     0.7500     0.9209     0.9209     0.9209     0.9209     0.9209     0.8906     0.8359     0.9209     0.9976     0.8776     0.8215     0.8215     0.9432     0.7571     0.9494     0.9078     0.9383     0.9911     0.9269     0.9209     0.7500     0.9209     0.9209     0.9209     0.9209     0.9209     0.8906     0.8359     0.9209     0.9976     0.8776     0.8943     0.8943     0.9432     0.7571     0.9494     0.9078     0.9383     0.9911     0.9269     0.9209     0.7500     0.9209     0.9209     0.9209     0.9209     0.9209     0.8906     0.8359     0.9209     0.9976     0.8776     0.9336     0.9117     0.9432     0.7571     0.9494     0.9078     0.9383     0.9911     0.9269     0.9209     0.7500
09/30/2013_24:00     0.9209     0.9209     0.9209     0.9209     0.9209     0.8906     0.8359     0.9209     0.9976     0.8776     0.8501     0.8501     0.9432     0.7571     0.9494     0.9078     0.9383     0.9911     0.9269     0.9209     0.7500     0.9209     0.9209     0.9209     0.9209     0.9209     0.8906     0.8359     0.9209     0.9976     0.8776     0.9003     0.9003     0.9432     0.7571     0.9494     0.9078     0.9383     0.9911     0.9269     0.9209     0.7500     0.9209     0.9209     0.9209     0.9209     0.9209     0.8906     0.8359     0.9209     0.9976     0.8776     0.9432     0.9432     0.9432     0.7571     0.9494     0.9078     0.9383     0.9911     0.9269     0.9209     0.7500     0.9209     0.9209     0.9209     0.9209     0.9209     0.8906     0.8359     0.9209     0.9976     0.8776     0.8501     0.8501     0.9432     0.7571     0.9494     0.9078     0.9383     0.9911     0.9269     0.9209     0.7500     0.9209     0.9209     0.9209     0.9209     0.9209     0.8906     0.8359     0.9209     0.9976     0.8776     0.9176     0.9176     0.9432     0.7571     0.9494     0.9078     0.9383     0.9911     0.9269     0.9209     0.7500     0.9209     0.9209     0.9209     0.9209     0.9209     0.8906     0.8359     0.9209     0.9976     0.8776     0.9074     0.9074     0.9432     0.7571     0.9494     0.9078     0.9383     0.9911     0.9269     0.9209     0.7500     0.9209     0.9209     0.9209     0.9209     0.9209     0.8906     0.8359     0.9209     0.9976     0.8776     0.8501     0.8501     0.9432     0.7571     0.9494     0.9078     0.9383     0.9911     0.9269     0.9209     0.7500     0.9209     0.9209     0.9209     0.9209     0.9209     0.8906     0.8359     0.9209     0.9976     0.8776     0.8501     0.8501     0.9432     0.7571     0.9494     0.9078     0.9383     0.9911     0.9269     0.9209     0.7500     0.9209     0.9209     0.9209     0.9209     0.9209     0.8906     0.8359     0.9209     0.9976     0.8776     0.8645     0.8645     0.9432     0.7571     0.9494     0.9078     0.9383     0.9911     0.9269     0.9209     0.7500     0.9209     0.9209     0.9209     0.9209     0.9209     0.8906     0.8359     0.9209     0.9976     0.8776     0.9146     0.9146     0.9432     0.7571     0.9494     0.9078     0.9383     0.9911     0.9269     0.9209     0.7500     0.9209     0.9209     0.9209     0.9209     0.9209     0.8906     0.8359     0.9209     0.9976     0.8776     0.9146     0.9146     0.9432     0.7571     0.9494     0.9078     0.9383     0.9911     0.9269     0.9209     0.7500     0.9209     0.9209     0.9209     0.9209     0.9209     0.8906     0.8359     0.9209     0.9976     0.8776     0.8501     0.8501     0.9432     0.7571     0.9494     0.9078     0.9383     0.9911     0.9269     0.9209     0.7500     0.9209     0.9209     0.9209     0.9209     0.9209     0.8906     0.8359     0.9209     0.9976     0.8776     0.9253     0.9253     0.9432     0.7571     0.9494     0.9078     0.9383     0.9911     0.9269     0.9209     0.7500     0.9209     0.9209     0.9209     0.9209     0.9209     0.8906     0.8359     0.9209     0.9976     0.8776     0.9289     0.9289     0.9432     0.7571     0.9494     0.9078     0.9383     0.9911     0.9269     0.9209     0.7500     0.9209     0.9209     0.9209     0.9209     0.9209     0.8906     0.8359     0.9209     0.9976     0.8776     0.8501     0.8501     0.9432     0.7571     0.9494     0.9078     0.9383     0.9911     0.9269     0.9209     0.7500     0.9209     0.9209     0.9209     0.9209     0.9209     0.8906     0.8359     0.9209     0.9976     0.8776     0.8645     0.8645     0.9432     0.7571     0.9494     0.9078     0.9383     0.9911     0.9269     0.9209     0.7500     0.9209     0.9209     0.9209     0.9209     0.9209     0.8906     0.8359     0.9209     0.9976     0.8776     0.8501     0.8501     0.9432     0.7571     0.9494     0.9078     0.9383     0.9911     0.9269     0.9209     0.7500     0.9209     0.9209     0.9209     0.9209     0.9209     0.8906     0.8359     0.9209     0.9976     0.8776     0.8788     0.8788     0.9432     0.7571     0.9494     0.9078     0.9383     0.9911     0.9269     0.9209     0.7500     0.9209     0.9209     0.9209     0.9209     0.9209     0.8906     0.8359     0.9209     0.9976     0.8776     0.8215     0.8215     0.9432     0.7571     0.9494     0.9078     0.9383     0.9911     0.9269     0.9209     0.7500     0.9209     0.9209     0.9209     0.9209     0.9209     0.8906     0.8359     0.9209     0.9976     0.8776     0.8943     0.8943     0.9432     0.7571     0.9494     0.9078     0.9383     0.9911     0.9269     0.9209     0.7500     0.9209     0.9209     0.9209     0.9209     0.9209     0.8906     0.8359     0.9209     0.9976     0.8776     0.9336     0.9117     0.9432     0.7571     0.9494     0.9078     0.9383     0.9911     0.9269     0.9209     0.7500
09/30/2014_24:00     0.9209     0.9209     0.9209     0.9209     0.9209     0.8906     0.8359     0.9209     0.9976     0.8776     0.8501     0.8501     0.9432     0.7571     0.9494     0.9078     0.9383     0.9911     0.9269     0.9209     0.7500     0.9209     0.9209     0.9209     0.9209     0.9209     0.8906     0.8359     0.9209     0.9976     0.8776     0.9003     0.9003     0.9432     0.7571     0.9494     0.9078     0.9383     0.9911     0.9269     0.9209     0.7500     0.9209     0.9209     0.9209     0.9209     0.9209     0.8906     0.8359     0.9209     0.9976     0.8776     0.9432     0.9432     0.9432     0.7571     0.9494     0.9078     0.9383     0.9911     0.9269     0.9209     0.7500     0.9209     0.9209     0.9209     0.9209     0.9209     0.8906     0.8359     0.9209     0.9976     0.8776     0.8501     0.8501     0.9432     0.7571     0.9494     0.9078     0.9383     0.9911     0.9269     0.9209     0.7500     0.9209     0.9209     0.9209     0.9209     0.9209     0.8906     0.8359     0.9209     0.9976     0.8776     0.9161     0.9161     0.9432     0.7571     0.9494     0.9078     0.9383     0.9911     0.9269     0.9209     0.7500     0.9209     0.9209     0.9209     0.9209     0.9209     0.8906     0.8359     0.9209     0.9976     0.8776     0.9074     0.9074     0.9432     0.7571     0.9494     0.9078     0.9383     0.9911     0.9269     0.9209     0.7500     0.9209     0.9209     0.9209     0.9209     0.9209     0.8906     0.8359     0.9209     0.9976     0.8776     0.8501     0.8501     0.9432     0.7571     0.9494     0.9078     0.9383     0.9911     0.9269     0.9209     0.7500     0.9209     0.9209     0.9209     0.9209     0.9209     0.8906     0.8359     0.9209     0.9976     0.8776     0.8501     0.8501     0.9432     0.7571     0.9494     0.9078     0.9383     0.9911     0.9269     0.9209     0.7500     0.9209     0.9209     0.9209     0.9209     0.9209     0.8906     0.8359     0.9209     0.9976     0.8776     0.8645     0.8645     0.9432     0.7571     0.9494     0.9078     0.9383     0.9911     0.9269     0.9209     0.7500     0.9209     0.9209     0.9209     0.9209     0.9209     0.8906     0.8359     0.9209     0.9976     0.8776     0.9146     0.9146     0.9432     0.7571     0.9494     0.9078     0.9383     0.9911     0.9269     0.9209     0.7500     0.9209     0.9209     0.9209     0.9209     0.9209     0.8906     0.8359     0.9209     0.9976     0.8776     0.9146     0.9146     0.9432     0.7571     0.9494     0.9078     0.9383     0.9911     0.9269     0.9209     0.7500     0.9209     0.9209     0.9209     0.9209     0.9209     0.8906     0.8359     0.9209     0.9976     0.8776     0.8501     0.8501     0.9432     0.7571     0.9494     0.9078     0.9383     0.9911     0.9269     0.9209     0.7500     0.9209     0.9209     0.9209     0.9209     0.9209     0.8906     0.8359     0.9209     0.9976     0.8776     0.9253     0.9253     0.9432     0.7571     0.9494     0.9078     0.9383     0.9911     0.9269     0.9209     0.7500     0.9209     0.9209     0.9209     0.9209     0.9209     0.8906     0.8359     0.9209     0.9976     0.8776     0.9289     0.9289     0.9432     0.7571     0.9494     0.9078     0.9383     0.9911     0.9269     0.9209     0.7500     0.9209     0.9209     0.9209     0.9209     0.9209     0.8906     0.8359     0.9209     0.9976     0.8776     0.8501     0.8501     0.9432     0.7571     0.9494     0.9078     0.9383     0.9911     0.9269     0.9209     0.7500     0.9209     0.9209     0.9209     0.9209     0.9209     0.8906     0.8359     0.9209     0.9976     0.8776     0.8645     0.8645     0.9432     0.7571     0.9494     0.9078     0.9383     0.9911     0.9269     0.9209     0.7500     0.9209     0.9209     0.9209     0.9209     0.9209     0.8906     0.8359     0.9209     0.9976     0.8776     0.8501     0.8501     0.9432     0.7571     0.9494     0.9078     0.9383     0.9911     0.9269     0.9209     0.7500     0.9209     0.9209     0.9209     0.9209     0.9209     0.8906     0.8359     0.9209     0.9976     0.8776     0.8788     0.8788     0.9432     0.7571     0.9494     0.9078     0.9383     0.9911     0.9269     0.9209     0.7500     0.9209     0.9209     0.9209     0.9209     0.9209     0.8906     0.8359     0.9209     0.9976     0.8776     0.8215     0.8215     0.9432     0.7571     0.9494     0.9078     0.9383     0.9911     0.9269     0.9209     0.7500     0.9209     0.9209     0.9209     0.9209     0.9209     0.8906     0.8359     0.9209     0.9976     0.8776     0.8943     0.8943     0.9432     0.7571     0.9494     0.9078     0.9383     0.9911     0.9269     0.9209     0.7500     0.9209     0.9209     0.9209     0.9209     0.9209     0.8906     0.8359     0.9209     0.9976     0.8776     0.9336     0.9117     0.9432     0.7571     0.9494     0.9078     0.9383     0.9911     0.9269     0.9209     0.7500
09/30/2015_24:00     0.9209     0.9209     0.9209     0.9209     0.9209     0.8906     0.8359     0.9209     0.9976     0.8776     0.8501     0.8501     0.9432     0.7571     0.9494     0.9078     0.9383     0.9911     0.9269     0.9209     0.7500     0.9209     0.9209     0.9209     0.9209     0.9209     0.8906     0.8359     0.9209     0.9976     0.8776     0.9003     0.9003     0.9432     0.7571     0.9494     0.9078     0.9383     0.9911     0.9269     0.9209     0.7500     0.9209     0.9209     0.9209     0.9209     0.9209     0.8906     0.8359     0.9209     0.9976     0.8776     0.9432     0.9432     0.9432     0.7571     0.9494     0.9078     0.9383     0.9911     0.9269     0.9209     0.7500     0.9209     0.9209     0.9209     0.9209     0.9209     0.8906     0.8359     0.9209     0.9976     0.8776     0.8501     0.8501     0.9432     0.7571     0.9494     0.9078     0.9383     0.9911     0.9269     0.9209     0.7500     0.9209     0.9209     0.9209     0.9209     0.9209     0.8906     0.8359     0.9209     0.9976     0.8776     0.8931     0.8931     0.9432     0.7571     0.9494     0.9078     0.9383     0.9911     0.9269     0.9209     0.7500     0.9209     0.9209     0.9209     0.9209     0.9209     0.8906     0.8359     0.9209     0.9976     0.8776     0.9074     0.9074     0.9432     0.7571     0.9494     0.9078     0.9383     0.9911     0.9269     0.9209     0.7500     0.9209     0.9209     0.9209     0.9209     0.9209     0.8906     0.8359     0.9209     0.9976     0.8776     0.8501     0.8501     0.9432     0.7571     0.9494     0.9078     0.9383     0.9911     0.9269     0.9209     0.7500     0.9209     0.9209     0.9209     0.9209     0.9209     0.8906     0.8359     0.9209     0.9976     0.8776     0.8501     0.8501     0.9432     0.7571     0.9494     0.9078     0.9383     0.9911     0.9269     0.9209     0.7500     0.9209     0.9209     0.9209     0.9209     0.9209     0.8906     0.8359     0.9209     0.9976     0.8776     0.8645     0.8645     0.9432     0.7571     0.9494     0.9078     0.9383     0.9911     0.9269     0.9209     0.7500     0.9209     0.9209     0.9209     0.9209     0.9209     0.8906     0.8359     0.9209     0.9976     0.8776     0.9146     0.9146     0.9432     0.7571     0.9494     0.9078     0.9383     0.9911     0.9269     0.9209     0.7500     0.9209     0.9209     0.9209     0.9209     0.9209     0.8906     0.8359     0.9209     0.9976     0.8776     0.9146     0.9146     0.9432     0.7571     0.9494     0.9078     0.9383     0.9911     0.9269     0.9209     0.7500     0.9209     0.9209     0.9209     0.9209     0.9209     0.8906     0.8359     0.9209     0.9976     0.8776     0.8501     0.8501     0.9432     0.7571     0.9494     0.9078     0.9383     0.9911     0.9269     0.9209     0.7500     0.9209     0.9209     0.9209     0.9209     0.9209     0.8906     0.8359     0.9209     0.9976     0.8776     0.9253     0.9253     0.9432     0.7571     0.9494     0.9078     0.9383     0.9911     0.9269     0.9209     0.7500     0.9209     0.9209     0.9209     0.9209     0.9209     0.8906     0.8359     0.9209     0.9976     0.8776     0.9289     0.9289     0.9432     0.7571     0.9494     0.9078     0.9383     0.9911     0.9269     0.9209     0.7500     0.9209     0.9209     0.9209     0.9209     0.9209     0.8906     0.8359     0.9209     0.9976     0.8776     0.8501     0.8501     0.9432     0.7571     0.9494     0.9078     0.9383     0.9911     0.9269     0.9209     0.7500     0.9209     0.9209     0.9209     0.9209     0.9209     0.8906     0.8359     0.9209     0.9976     0.8776     0.8645     0.8645     0.9432     0.7571     0.9494     0.9078     0.9383     0.9911     0.9269     0.9209     0.7500     0.9209     0.9209     0.9209     0.9209     0.9209     0.8906     0.8359     0.9209     0.9976     0.8776     0.8501     0.8501     0.9432     0.7571     0.9494     0.9078     0.9383     0.9911     0.9269     0.9209     0.7500     0.9209     0.9209     0.9209     0.9209     0.9209     0.8906     0.8359     0.9209     0.9976     0.8776     0.8788     0.8788     0.9650     0.7571     0.9494     0.9078     0.9383     0.9911     0.9269     0.9209     0.7500     0.9209     0.9209     0.9209     0.9209     0.9209     0.8906     0.8359     0.9209     0.9976     0.8776     0.8215     0.8215     0.9432     0.7571     0.9494     0.9078     0.9383     0.9911     0.9269     0.9209     0.7500     0.9209     0.9209     0.9209     0.9209     0.9209     0.8906     0.8359     0.9209     0.9976     0.8776     0.8943     0.8943     0.9432     0.7571     0.9494     0.9078     0.9383     0.9911     0.9269     0.9209     0.7500     0.9209     0.9209     0.9209     0.9209     0.9209     0.8906     0.8359     0.9209     0.9976     0.8776     0.9336     0.9117     0.9432     0.7571     0.9494     0.9078     0.9383     0.9911     0.9269     0.9209     0.7500
09/30/2016_24:00     0.9209     0.9209     0.9209     0.9209     0.9209     0.8906     0.8359     0.9209     0.9976     0.8776     0.8501     0.8501     0.9432     0.7571     0.9494     0.9078     0.9383     0.9911     0.9269     0.9209     0.7500     0.9209     0.9209     0.9209     0.9209     0.9209     0.8906     0.8359     0.9209     0.9976     0.8776     0.9003     0.9003     0.9432     0.7571     0.9494     0.9078     0.9383     0.9911     0.9269     0.9209     0.7500     0.9209     0.9209     0.9209     0.9209     0.9209     0.8906     0.8359     0.9209     0.9976     0.8776     0.9432     0.9432     0.9432     0.7571     0.9494     0.9078     0.9383     0.9911     0.9269     0.9209     0.7500     0.9209     0.9209     0.9209     0.9209     0.9209     0.8906     0.8359     0.9209     0.9976     0.8776     0.8501     0.8501     0.9432     0.7571     0.9494     0.9078     0.9383     0.9911     0.9269     0.9209     0.7500     0.9209     0.9209     0.9209     0.9209     0.9209     0.8906     0.8359     0.9209     0.9976     0.8776     0.8931     0.8931     0.9432     0.7571     0.9494     0.9078     0.9383     0.9911     0.9269     0.9209     0.7500     0.9209     0.9209     0.9209     0.9209     0.9209     0.8906     0.8359     0.9209     0.9976     0.8776     0.9074     0.9074     0.9432     0.7571     0.9494     0.9078     0.9383     0.9911     0.9269     0.9209     0.7500     0.9209     0.9209     0.9209     0.9209     0.9209     0.8906     0.8359     0.9209     0.9976     0.8776     0.8501     0.8501     0.9432     0.7571     0.9494     0.9078     0.9383     0.9911     0.9269     0.9209     0.7500     0.9209     0.9209     0.9209     0.9209     0.9209     0.8906     0.8359     0.9209     0.9976     0.8776     0.8501     0.8501     0.9432     0.7571     0.9494     0.9078     0.9383     0.9911     0.9269     0.9209     0.7500     0.9209     0.9209     0.9209     0.9209     0.9209     0.8906     0.8359     0.9209     0.9976     0.8776     0.8645     0.8645     0.9432     0.7571     0.9494     0.9078     0.9383     0.9911     0.9269     0.9209     0.7500     0.9209     0.9209     0.9209     0.9209     0.9209     0.8906     0.8359     0.9209     0.9976     0.8776     0.9146     0.9146     0.9432     0.7571     0.9494     0.9078     0.9383     0.9911     0.9269     0.9209     0.7500     0.9209     0.9209     0.9209     0.9209     0.9209     0.8906     0.8359     0.9209     0.9976     0.8776     0.9146     0.9146     0.9432     0.7571     0.9494     0.9078     0.9383     0.9911     0.9269     0.9209     0.7500     0.9209     0.9209     0.9209     0.9209     0.9209     0.8906     0.8359     0.9209     0.9976     0.8776     0.8501     0.8501     0.9432     0.7571     0.9494     0.9078     0.9383     0.9911     0.9269     0.9209     0.7500     0.9209     0.9209     0.9209     0.9209     0.9209     0.8906     0.8359     0.9209     0.9976     0.8776     0.9253     0.9253     0.9432     0.7571     0.9494     0.9078     0.9383     0.9911     0.9269     0.9209     0.7500     0.9209     0.9209     0.9209     0.9209     0.9209     0.8906     0.8359     0.9209     0.9976     0.8776     0.9289     0.9289     0.9432     0.7571     0.9494     0.9078     0.9383     0.9911     0.9269     0.9209     0.7500     0.9209     0.9209     0.9209     0.9209     0.9209     0.8906     0.8359     0.9209     0.9976     0.8776     0.8501     0.8501     0.9432     0.7571     0.9494     0.9078     0.9383     0.9911     0.9269     0.9209     0.7500     0.9209     0.9209     0.9209     0.9209     0.9209     0.8906     0.8359     0.9209     0.9976     0.8776     0.8645     0.8645     0.9432     0.7571     0.9494     0.9078     0.9383     0.9911     0.9269     0.9209     0.7500     0.9209     0.9209     0.9209     0.9209     0.9209     0.8906     0.8359     0.9209     0.9976     0.8776     0.8501     0.8501     0.9432     0.7571     0.9494     0.9078     0.9383     0.9911     0.9269     0.9209     0.7500     0.9209     0.9209     0.9209     0.9209     0.9209     0.8906     0.8359     0.9209     0.9976     0.8776     0.8788     0.8788     0.9650     0.7571     0.9494     0.9078     0.9383     0.9911     0.9269     0.9209     0.7500     0.9209     0.9209     0.9209     0.9209     0.9209     0.8906     0.8359     0.9209     0.9976     0.8776     0.8215     0.8215     0.9432     0.7571     0.9494     0.9078     0.9383     0.9911     0.9269     0.9209     0.7500     0.9209     0.9209     0.9209     0.9209     0.9209     0.8906     0.8359     0.9209     0.9976     0.8776     0.8943     0.8943     0.9432     0.7571     0.9494     0.9078     0.9383     0.9911     0.9269     0.9209     0.7500     0.9209     0.9209     0.9209     0.9209     0.9209     0.8906     0.8359     0.9209     0.9976     0.8776     0.9336     0.9117     0.9432     0.7571     0.9494     0.9078     0.9383     0.9911     0.9269     0.9209     0.7500
09/30/2017_24:00     0.9209     0.9209     0.9209     0.9209     0.9209     0.8906     0.8359     0.9209     0.9976     0.8776     0.8501     0.8501     0.9432     0.7571     0.9494     0.9078     0.9383     0.9911     0.9269     0.9209     0.7500     0.9209     0.9209     0.9209     0.9209     0.9209     0.8906     0.8359     0.9209     0.9976     0.8776     0.9003     0.9003     0.9432     0.7571     0.9494     0.9078     0.9383     0.9911     0.9269     0.9209     0.7500     0.9209     0.9209     0.9209     0.9209     0.9209     0.8906     0.8359     0.9209     0.9976     0.8776     0.9432     0.9432     0.9432     0.7571     0.9494     0.9078     0.9383     0.9911     0.9269     0.9209     0.7500     0.9209     0.9209     0.9209     0.9209     0.9209     0.8906     0.8359     0.9209     0.9976     0.8776     0.8501     0.8501     0.9432     0.7571     0.9494     0.9078     0.9383     0.9911     0.9269     0.9209     0.7500     0.9209     0.9209     0.9209     0.9209     0.9209     0.8906     0.8359     0.9209     0.9976     0.8776     0.8931     0.8931     0.9432     0.7571     0.9494     0.9078     0.9383     0.9911     0.9269     0.9209     0.7500     0.9209     0.9209     0.9209     0.9209     0.9209     0.8906     0.8359     0.9209     0.9976     0.8776     0.9074     0.9074     0.9432     0.7571     0.9494     0.9078     0.9383     0.9911     0.9269     0.9209     0.7500     0.9209     0.9209     0.9209     0.9209     0.9209     0.8906     0.8359     0.9209     0.9976     0.8776     0.8501     0.8501     0.9432     0.7571     0.9494     0.9078     0.9383     0.9911     0.9269     0.9209     0.7500     0.9209     0.9209     0.9209     0.9209     0.9209     0.8906     0.8359     0.9209     0.9976     0.8776     0.8501     0.8501     0.9432     0.7571     0.9494     0.9078     0.9383     0.9911     0.9269     0.9209     0.7500     0.9209     0.9209     0.9209     0.9209     0.9209     0.8906     0.8359     0.9209     0.9976     0.8776     0.8645     0.8645     0.9432     0.7571     0.9494     0.9078     0.9383     0.9911     0.9269     0.9209     0.7500     0.9209     0.9209     0.9209     0.9209     0.9209     0.8906     0.8359     0.9209     0.9976     0.8776     0.9146     0.9146     0.9432     0.7571     0.9494     0.9078     0.9383     0.9911     0.9269     0.9209     0.7500     0.9209     0.9209     0.9209     0.9209     0.9209     0.8906     0.8359     0.9209     0.9976     0.8776     0.9146     0.9146     0.9432     0.7571     0.9494     0.9078     0.9383     0.9911     0.9269     0.9209     0.7500     0.9209     0.9209     0.9209     0.9209     0.9209     0.8906     0.8359     0.9209     0.9976     0.8776     0.8501     0.8501     0.9432     0.7571     0.9494     0.9078     0.9383     0.9911     0.9269     0.9209     0.7500     0.9209     0.9209     0.9209     0.9209     0.9209     0.8906     0.8359     0.9209     0.9976     0.8776     0.9253     0.9253     0.9432     0.7571     0.9494     0.9078     0.9383     0.9911     0.9269     0.9209     0.7500     0.9209     0.9209     0.9209     0.9209     0.9209     0.8906     0.8359     0.9209     0.9976     0.8776     0.9289     0.9289     0.9432     0.7571     0.9494     0.9078     0.9383     0.9911     0.9269     0.9209     0.7500     0.9209     0.9209     0.9209     0.9209     0.9209     0.8906     0.8359     0.9209     0.9976     0.8776     0.8501     0.8501     0.9432     0.7571     0.9494     0.9078     0.9383     0.9911     0.9269     0.9209     0.7500     0.9209     0.9209     0.9209     0.9209     0.9209     0.8906     0.8359     0.9209     0.9976     0.8776     0.8645     0.8645     0.9432     0.7571     0.9494     0.9078     0.9383     0.9911     0.9269     0.9209     0.7500     0.9209     0.9209     0.9209     0.9209     0.9209     0.8906     0.8359     0.9209     0.9976     0.8776     0.8501     0.8501     0.9432     0.7571     0.9494     0.9078     0.9383     0.9911     0.9269     0.9209     0.7500     0.9209     0.9209     0.9209     0.9209     0.9209     0.8906     0.8359     0.9209     0.9976     0.8776     0.8788     0.8788     0.9650     0.7571     0.9494     0.9078     0.9383     0.9911     0.9269     0.9209     0.7500     0.9209     0.9209     0.9209     0.9209     0.9209     0.8906     0.8359     0.9209     0.9976     0.8776     0.8215     0.8215     0.9432     0.7571     0.9494     0.9078     0.9383     0.9911     0.9269     0.9209     0.7500     0.9209     0.9209     0.9209     0.9209     0.9209     0.8906     0.8359     0.9209     0.9976     0.8776     0.8943     0.8943     0.9432     0.7571     0.9494     0.9078     0.9383     0.9911     0.9269     0.9209     0.7500     0.9209     0.9209     0.9209     0.9209     0.9209     0.8906     0.8359     0.9209     0.9976     0.8776     0.9336     0.9117     0.9432     0.7571     0.9494     0.9078     0.9383     0.9911     0.9269     0.9209     0.7500
09/30/2018_24:00     0.9209     0.9209     0.9209     0.9209     0.9209     0.8906     0.8359     0.9209     0.9976     0.8776     0.8501     0.8501     0.9432     0.7571     0.9494     0.9078     0.9383     0.9911     0.9269     0.9209     0.7500     0.9209     0.9209     0.9209     0.9209     0.9209     0.8906     0.8359     0.9209     0.9976     0.8776     0.9003     0.9003     0.9432     0.7571     0.9494     0.9078     0.9383     0.9911     0.9269     0.9209     0.7500     0.9209     0.9209     0.9209     0.9209     0.9209     0.8906     0.8359     0.9209     0.9976     0.8776     0.9432     0.9432     0.9432     0.7571     0.9494     0.9078     0.9383     0.9911     0.9269     0.9209     0.7500     0.9209     0.9209     0.9209     0.9209     0.9209     0.8906     0.8359     0.9209     0.9976     0.8776     0.8501     0.8501     0.9432     0.7571     0.9494     0.9078     0.9383     0.9911     0.9269     0.9209     0.7500     0.9209     0.9209     0.9209     0.9209     0.9209     0.8906     0.8359     0.9209     0.9976     0.8776     0.8931     0.8931     0.9432     0.7571     0.9494     0.9078     0.9383     0.9911     0.9269     0.9209     0.7500     0.9209     0.9209     0.9209     0.9209     0.9209     0.8906     0.8359     0.9209     0.9976     0.8776     0.9074     0.9074     0.9432     0.7571     0.9494     0.9078     0.9383     0.9911     0.9269     0.9209     0.7500     0.9209     0.9209     0.9209     0.9209     0.9209     0.8906     0.8359     0.9209     0.9976     0.8776     0.8501     0.8501     0.9432     0.7571     0.9494     0.9078     0.9383     0.9911     0.9269     0.9209     0.7500     0.9209     0.9209     0.9209     0.9209     0.9209     0.8906     0.8359     0.9209     0.9976     0.8776     0.8501     0.8501     0.9432     0.7571     0.9494     0.9078     0.9383     0.9911     0.9269     0.9209     0.7500     0.9209     0.9209     0.9209     0.9209     0.9209     0.8906     0.8359     0.9209     0.9976     0.8776     0.8645     0.8645     0.9432     0.7571     0.9494     0.9078     0.9383     0.9911     0.9269     0.9209     0.7500     0.9209     0.9209     0.9209     0.9209     0.9209     0.8906     0.8359     0.9209     0.9976     0.8776     0.9146     0.9146     0.9432     0.7571     0.9494     0.9078     0.9383     0.9911     0.9269     0.9209     0.7500     0.9209     0.9209     0.9209     0.9209     0.9209     0.8906     0.8359     0.9209     0.9976     0.8776     0.9146     0.9146     0.9432     0.7571     0.9494     0.9078     0.9383     0.9911     0.9269     0.9209     0.7500     0.9209     0.9209     0.9209     0.9209     0.9209     0.8906     0.8359     0.9209     0.9976     0.8776     0.8501     0.8501     0.9432     0.7571     0.9494     0.9078     0.9383     0.9911     0.9269     0.9209     0.7500     0.9209     0.9209     0.9209     0.9209     0.9209     0.8906     0.8359     0.9209     0.9976     0.8776     0.9253     0.9253     0.9432     0.7571     0.9494     0.9078     0.9383     0.9911     0.9269     0.9209     0.7500     0.9209     0.9209     0.9209     0.9209     0.9209     0.8906     0.8359     0.9209     0.9976     0.8776     0.9289     0.9289     0.9432     0.7571     0.9494     0.9078     0.9383     0.9911     0.9269     0.9209     0.7500     0.9209     0.9209     0.9209     0.9209     0.9209     0.8906     0.8359     0.9209     0.9976     0.8776     0.8501     0.8501     0.9432     0.7571     0.9494     0.9078     0.9383     0.9911     0.9269     0.9209     0.7500     0.9209     0.9209     0.9209     0.9209     0.9209     0.8906     0.8359     0.9209     0.9976     0.8776     0.8645     0.8645     0.9432     0.7571     0.9494     0.9078     0.9383     0.9911     0.9269     0.9209     0.7500     0.9209     0.9209     0.9209     0.9209     0.9209     0.8906     0.8359     0.9209     0.9976     0.8776     0.8501     0.8501     0.9432     0.7571     0.9494     0.9078     0.9383     0.9911     0.9269     0.9209     0.7500     0.9209     0.9209     0.9209     0.9209     0.9209     0.8906     0.8359     0.9209     0.9976     0.8776     0.8788     0.8788     0.9650     0.7571     0.9494     0.9078     0.9383     0.9911     0.9269     0.9209     0.7500     0.9209     0.9209     0.9209     0.9209     0.9209     0.8906     0.8359     0.9209     0.9976     0.8776     0.8215     0.8215     0.9432     0.7571     0.9494     0.9078     0.9383     0.9911     0.9269     0.9209     0.7500     0.9209     0.9209     0.9209     0.9209     0.9209     0.8906     0.8359     0.9209     0.9976     0.8776     0.8943     0.8943     0.9432     0.7571     0.9494     0.9078     0.9383     0.9911     0.9269     0.9209     0.7500     0.9209     0.9209     0.9209     0.9209     0.9209     0.8906     0.8359     0.9209     0.9976     0.8776     0.9336     0.9117     0.9432     0.7571     0.9494     0.9078     0.9383     0.9911     0.9269     0.9209     0.7500
09/30/2019_24:00     0.9209     0.9209     0.9209     0.9209     0.9209     0.8906     0.8359     0.9209     0.9976     0.8776     0.8501     0.8501     0.9432     0.7571     0.9494     0.9078     0.9383     0.9911     0.9269     0.9209     0.7500     0.9209     0.9209     0.9209     0.9209     0.9209     0.8906     0.8359     0.9209     0.9976     0.8776     0.9003     0.9003     0.9432     0.7571     0.9494     0.9078     0.9383     0.9911     0.9269     0.9209     0.7500     0.9209     0.9209     0.9209     0.9209     0.9209     0.8906     0.8359     0.9209     0.9976     0.8776     0.9432     0.9432     0.9432     0.7571     0.9494     0.9078     0.9383     0.9911     0.9269     0.9209     0.7500     0.9209     0.9209     0.9209     0.9209     0.9209     0.8906     0.8359     0.9209     0.9976     0.8776     0.8501     0.8501     0.9432     0.7571     0.9494     0.9078     0.9383     0.9911     0.9269     0.9209     0.7500     0.9209     0.9209     0.9209     0.9209     0.9209     0.8906     0.8359     0.9209     0.9976     0.8776     0.8931     0.8931     0.9432     0.7571     0.9494     0.9078     0.9383     0.9911     0.9269     0.9209     0.7500     0.9209     0.9209     0.9209     0.9209     0.9209     0.8906     0.8359     0.9209     0.9976     0.8776     0.9074     0.9074     0.9432     0.7571     0.9494     0.9078     0.9383     0.9911     0.9269     0.9209     0.7500     0.9209     0.9209     0.9209     0.9209     0.9209     0.8906     0.8359     0.9209     0.9976     0.8776     0.8501     0.8501     0.9432     0.7571     0.9494     0.9078     0.9383     0.9911     0.9269     0.9209     0.7500     0.9209     0.9209     0.9209     0.9209     0.9209     0.8906     0.8359     0.9209     0.9976     0.8776     0.8501     0.8501     0.9432     0.7571     0.9494     0.9078     0.9383     0.9911     0.9269     0.9209     0.7500     0.9209     0.9209     0.9209     0.9209     0.9209     0.8906     0.8359     0.9209     0.9976     0.8776     0.8645     0.8645     0.9432     0.7571     0.9494     0.9078     0.9383     0.9911     0.9269     0.9209     0.7500     0.9209     0.9209     0.9209     0.9209     0.9209     0.8906     0.8359     0.9209     0.9976     0.8776     0.9146     0.9146     0.9432     0.7571     0.9494     0.9078     0.9383     0.9911     0.9269     0.9209     0.7500     0.9209     0.9209     0.9209     0.9209     0.9209     0.8906     0.8359     0.9209     0.9976     0.8776     0.9146     0.9146     0.9432     0.7571     0.9494     0.9078     0.9383     0.9911     0.9269     0.9209     0.7500     0.9209     0.9209     0.9209     0.9209     0.9209     0.8906     0.8359     0.9209     0.9976     0.8776     0.8501     0.8501     0.9432     0.7571     0.9494     0.9078     0.9383     0.9911     0.9269     0.9209     0.7500     0.9209     0.9209     0.9209     0.9209     0.9209     0.8906     0.8359     0.9209     0.9976     0.8776     0.9253     0.9253     0.9432     0.7571     0.9494     0.9078     0.9383     0.9911     0.9269     0.9209     0.7500     0.9209     0.9209     0.9209     0.9209     0.9209     0.8906     0.8359     0.9209     0.9976     0.8776     0.9289     0.9289     0.9432     0.7571     0.9494     0.9078     0.9383     0.9911     0.9269     0.9209     0.7500     0.9209     0.9209     0.9209     0.9209     0.9209     0.8906     0.8359     0.9209     0.9976     0.8776     0.8501     0.8501     0.9432     0.7571     0.9494     0.9078     0.9383     0.9911     0.9269     0.9209     0.7500     0.9209     0.9209     0.9209     0.9209     0.9209     0.8906     0.8359     0.9209     0.9976     0.8776     0.8645     0.8645     0.9432     0.7571     0.9494     0.9078     0.9383     0.9911     0.9269     0.9209     0.7500     0.9209     0.9209     0.9209     0.9209     0.9209     0.8906     0.8359     0.9209     0.9976     0.8776     0.8501     0.8501     0.9432     0.7571     0.9494     0.9078     0.9383     0.9911     0.9269     0.9209     0.7500     0.9209     0.9209     0.9209     0.9209     0.9209     0.8906     0.8359     0.9209     0.9976     0.8776     0.8788     0.8788     0.9650     0.7571     0.9494     0.9078     0.9383     0.9911     0.9269     0.9209     0.7500     0.9209     0.9209     0.9209     0.9209     0.9209     0.8906     0.8359     0.9209     0.9976     0.8776     0.8215     0.8215     0.9432     0.7571     0.9494     0.9078     0.9383     0.9911     0.9269     0.9209     0.7500     0.9209     0.9209     0.9209     0.9209     0.9209     0.8906     0.8359     0.9209     0.9976     0.8776     0.8943     0.8943     0.9432     0.7571     0.9494     0.9078     0.9383     0.9911     0.9269     0.9209     0.7500     0.9209     0.9209     0.9209     0.9209     0.9209     0.8906     0.8359     0.9209     0.9976     0.8776     0.9336     0.9117     0.9432     0.7571     0.9494     0.9078     0.9383     0.9911     0.9269     0.9209     0.7500
09/30/2020_24:00     0.9209     0.9209     0.9209     0.9209     0.9209     0.8906     0.8359     0.9209     0.9976     0.8776     0.8501     0.8501     0.9432     0.7571     0.9494     0.9078     0.9383     0.9911     0.9269     0.9209     0.7500     0.9209     0.9209     0.9209     0.9209     0.9209     0.8906     0.8359     0.9209     0.9976     0.8776     0.9003     0.9003     0.9432     0.7571     0.9494     0.9078     0.9383     0.9911     0.9269     0.9209     0.7500     0.9209     0.9209     0.9209     0.9209     0.9209     0.8906     0.8359     0.9209     0.9976     0.8776     0.9432     0.9432     0.9432     0.7571     0.9494     0.9078     0.9383     0.9911     0.9269     0.9209     0.7500     0.9209     0.9209     0.9209     0.9209     0.9209     0.8906     0.8359     0.9209     0.9976     0.8776     0.8501     0.8501     0.9432     0.7571     0.9494     0.9078     0.9383     0.9911     0.9269     0.9209     0.7500     0.9209     0.9209     0.9209     0.9209     0.9209     0.8906     0.8359     0.9209     0.9976     0.8776     0.8931     0.8931     0.9432     0.7571     0.9494     0.9078     0.9383     0.9911     0.9269     0.9209     0.7500     0.9209     0.9209     0.9209     0.9209     0.9209     0.8906     0.8359     0.9209     0.9976     0.8776     0.9074     0.9074     0.9432     0.7571     0.9494     0.9078     0.9383     0.9911     0.9269     0.9209     0.7500     0.9209     0.9209     0.9209     0.9209     0.9209     0.8906     0.8359     0.9209     0.9976     0.8776     0.8501     0.8501     0.9432     0.7571     0.9494     0.9078     0.9383     0.9911     0.9269     0.9209     0.7500     0.9209     0.9209     0.9209     0.9209     0.9209     0.8906     0.8359     0.9209     0.9976     0.8776     0.8501     0.8501     0.9432     0.7571     0.9494     0.9078     0.9383     0.9911     0.9269     0.9209     0.7500     0.9209     0.9209     0.9209     0.9209     0.9209     0.8906     0.8359     0.9209     0.9976     0.8776     0.8645     0.8645     0.9432     0.7571     0.9494     0.9078     0.9383     0.9911     0.9269     0.9209     0.7500     0.9209     0.9209     0.9209     0.9209     0.9209     0.8906     0.8359     0.9209     0.9976     0.8776     0.9146     0.9146     0.9432     0.7571     0.9494     0.9078     0.9383     0.9911     0.9269     0.9209     0.7500     0.9209     0.9209     0.9209     0.9209     0.9209     0.8906     0.8359     0.9209     0.9976     0.8776     0.9146     0.9146     0.9432     0.7571     0.9494     0.9078     0.9383     0.9911     0.9269     0.9209     0.7500     0.9209     0.9209     0.9209     0.9209     0.9209     0.8906     0.8359     0.9209     0.9976     0.8776     0.8501     0.8501     0.9432     0.7571     0.9494     0.9078     0.9383     0.9911     0.9269     0.9209     0.7500     0.9209     0.9209     0.9209     0.9209     0.9209     0.8906     0.8359     0.9209     0.9976     0.8776     0.9253     0.9253     0.9432     0.7571     0.9494     0.9078     0.9383     0.9911     0.9269     0.9209     0.7500     0.9209     0.9209     0.9209     0.9209     0.9209     0.8906     0.8359     0.9209     0.9976     0.8776     0.9289     0.9289     0.9432     0.7571     0.9494     0.9078     0.9383     0.9911     0.9269     0.9209     0.7500     0.9209     0.9209     0.9209     0.9209     0.9209     0.8906     0.8359     0.9209     0.9976     0.8776     0.8501     0.8501     0.9432     0.7571     0.9494     0.9078     0.9383     0.9911     0.9269     0.9209     0.7500     0.9209     0.9209     0.9209     0.9209     0.9209     0.8906     0.8359     0.9209     0.9976     0.8776     0.8645     0.8645     0.9432     0.7571     0.9494     0.9078     0.9383     0.9911     0.9269     0.9209     0.7500     0.9209     0.9209     0.9209     0.9209     0.9209     0.8906     0.8359     0.9209     0.9976     0.8776     0.8501     0.8501     0.9432     0.7571     0.9494     0.9078     0.9383     0.9911     0.9269     0.9209     0.7500     0.9209     0.9209     0.9209     0.9209     0.9209     0.8906     0.8359     0.9209     0.9976     0.8776     0.8788     0.8788     0.9650     0.7571     0.9494     0.9078     0.9383     0.9911     0.9269     0.9209     0.7500     0.9209     0.9209     0.9209     0.9209     0.9209     0.8906     0.8359     0.9209     0.9976     0.8776     0.8215     0.8215     0.9432     0.7571     0.9494     0.9078     0.9383     0.9911     0.9269     0.9209     0.7500     0.9209     0.9209     0.9209     0.9209     0.9209     0.8906     0.8359     0.9209     0.9976     0.8776     0.8943     0.8943     0.9432     0.7571     0.9494     0.9078     0.9383     0.9911     0.9269     0.9209     0.7500     0.9209     0.9209     0.9209     0.9209     0.9209     0.8906     0.8359     0.9209     0.9976     0.8776     0.9336     0.9117     0.9432     0.7571     0.9494     0.9078     0.9383     0.9911     0.9269     0.9209     0.7500
09/30/2021_24:00     0.9209     0.9209     0.9209     0.9209     0.9209     0.8906     0.8359     0.9209     0.9976     0.8776     0.8501     0.8501     0.9432     0.7571     0.9494     0.9078     0.9383     0.9911     0.9269     0.9209     0.7500     0.9209     0.9209     0.9209     0.9209     0.9209     0.8906     0.8359     0.9209     0.9976     0.8776     0.9003     0.9003     0.9432     0.7571     0.9494     0.9078     0.9383     0.9911     0.9269     0.9209     0.7500     0.9209     0.9209     0.9209     0.9209     0.9209     0.8906     0.8359     0.9209     0.9976     0.8776     0.9432     0.9432     0.9432     0.7571     0.9494     0.9078     0.9383     0.9911     0.9269     0.9209     0.7500     0.9209     0.9209     0.9209     0.9209     0.9209     0.8906     0.8359     0.9209     0.9976     0.8776     0.8501     0.8501     0.9432     0.7571     0.9494     0.9078     0.9383     0.9911     0.9269     0.9209     0.7500     0.9209     0.9209     0.9209     0.9209     0.9209     0.8906     0.8359     0.9209     0.9976     0.8776     0.8931     0.8931     0.9432     0.7571     0.9494     0.9078     0.9383     0.9911     0.9269     0.9209     0.7500     0.9209     0.9209     0.9209     0.9209     0.9209     0.8906     0.8359     0.9209     0.9976     0.8776     0.9074     0.9074     0.9432     0.7571     0.9494     0.9078     0.9383     0.9911     0.9269     0.9209     0.7500     0.9209     0.9209     0.9209     0.9209     0.9209     0.8906     0.8359     0.9209     0.9976     0.8776     0.8501     0.8501     0.9432     0.7571     0.9494     0.9078     0.9383     0.9911     0.9269     0.9209     0.7500     0.9209     0.9209     0.9209     0.9209     0.9209     0.8906     0.8359     0.9209     0.9976     0.8776     0.8501     0.8501     0.9432     0.7571     0.9494     0.9078     0.9383     0.9911     0.9269     0.9209     0.7500     0.9209     0.9209     0.9209     0.9209     0.9209     0.8906     0.8359     0.9209     0.9976     0.8776     0.8645     0.8645     0.9432     0.7571     0.9494     0.9078     0.9383     0.9911     0.9269     0.9209     0.7500     0.9209     0.9209     0.9209     0.9209     0.9209     0.8906     0.8359     0.9209     0.9976     0.8776     0.9146     0.9146     0.9432     0.7571     0.9494     0.9078     0.9383     0.9911     0.9269     0.9209     0.7500     0.9209     0.9209     0.9209     0.9209     0.9209     0.8906     0.8359     0.9209     0.9976     0.8776     0.9146     0.9146     0.9432     0.7571     0.9494     0.9078     0.9383     0.9911     0.9269     0.9209     0.7500     0.9209     0.9209     0.9209     0.9209     0.9209     0.8906     0.8359     0.9209     0.9976     0.8776     0.8501     0.8501     0.9432     0.7571     0.9494     0.9078     0.9383     0.9911     0.9269     0.9209     0.7500     0.9209     0.9209     0.9209     0.9209     0.9209     0.8906     0.8359     0.9209     0.9976     0.8776     0.9253     0.9253     0.9432     0.7571     0.9494     0.9078     0.9383     0.9911     0.9269     0.9209     0.7500     0.9209     0.9209     0.9209     0.9209     0.9209     0.8906     0.8359     0.9209     0.9976     0.8776     0.9289     0.9289     0.9432     0.7571     0.9494     0.9078     0.9383     0.9911     0.9269     0.9209     0.7500     0.9209     0.9209     0.9209     0.9209     0.9209     0.8906     0.8359     0.9209     0.9976     0.8776     0.8501     0.8501     0.9432     0.7571     0.9494     0.9078     0.9383     0.9911     0.9269     0.9209     0.7500     0.9209     0.9209     0.9209     0.9209     0.9209     0.8906     0.8359     0.9209     0.9976     0.8776     0.8645     0.8645     0.9432     0.7571     0.9494     0.9078     0.9383     0.9911     0.9269     0.9209     0.7500     0.9209     0.9209     0.9209     0.9209     0.9209     0.8906     0.8359     0.9209     0.9976     0.8776     0.8501     0.8501     0.9432     0.7571     0.9494     0.9078     0.9383     0.9911     0.9269     0.9209     0.7500     0.9209     0.9209     0.9209     0.9209     0.9209     0.8906     0.8359     0.9209     0.9976     0.8776     0.8788     0.8788     0.9650     0.7571     0.9494     0.9078     0.9383     0.9911     0.9269     0.9209     0.7500     0.9209     0.9209     0.9209     0.9209     0.9209     0.8906     0.8359     0.9209     0.9976     0.8776     0.8215     0.8215     0.9432     0.7571     0.9494     0.9078     0.9383     0.9911     0.9269     0.9209     0.7500     0.9209     0.9209     0.9209     0.9209     0.9209     0.8906     0.8359     0.9209     0.9976     0.8776     0.8943     0.8943     0.9432     0.7571     0.9494     0.9078     0.9383     0.9911     0.9269     0.9209     0.7500     0.9209     0.9209     0.9209     0.9209     0.9209     0.8906     0.8359     0.9209     0.9976     0.8776     0.9336     0.9117     0.9432     0.7571     0.9494     0.9078     0.9383     0.9911     0.9269     0.9209     0.7500