C*******************************************************************************
C
C                  INTEGRATED WATER FLOW MODEL (IWFM)
C                      *** IWFM-2024.2.1594 ***
C
C*******************************************************************************
C
C              RICE/REFUGE OPERATION FLOW RATE DATA FILE
C                         Root Zone Component
C
C             Project:  C2VSim Fine Grid (C2VSimFG)
C                       California Central Valley Groundwater-Surface Water Simulation Mode
C             Filename: C2VSimFG_PondedCrop_Operations.dat
C             Version:  C2VSimFG_v1.5     May 2025
C             
C*******************************************************************************
C
C                         ***** Version 1.5 Model Disclaimer *****
C
C          This is Version 1.5 of C2VSimFG and is subject to change.  Users of
C          this version should be aware that this model is undergoing active
C          development and adjustment. Users of this model do so at their own
C          risk subject to the GNU General Public License below. The Department 
C          does not guarantee the accuracy, completeness, or timeliness of the 
C          information provided. Neither the Department of Water Resources nor 
C          any of the sources of the information used by the Department in the
C          development of this model shall be responsible for any errors or 
C          omissions, for the use, or results obtained from the use of this model.
C
C*******************************************************************************
C
C  California Central Valley Groundwater-Surface Water Flow Model - Fine Grid (C2VSimFG)
C  Copyright (C) 2012-2025
C  State of California, Department of Water Resources
C
C  This model is free. You can redistribute it and/or modify it
C  under the terms of the GNU General Public License as published
C  by the Free Software Foundation; either version 2 of the License,
C  or (at your option) any later version.
C
C  This model is distributed WITHOUT ANY WARRANTY; without even
C  the implied warranty of MERCHANTABILITY or FITNESS FOR A
C  PARTICULAR PURPOSE.  See the GNU General Public License for
C  more details. (http://www.gnu.org/licenses/gpl.html)
C
C  The GNU General Public License is available from the Free Software
C  Foundation, Inc., 59 Temple Place - Suite 330, Boston, MA  02111-1307, USA.
C
C  For technical support, e-mail: C2VSimFGtechsupport@water.ca.gov
C
C
C    C2VSimFG/SGMA Contact:
C          Craig Altare,  Section Manager, Modeling and Tools Support, 
C                         Sustainable Groundwater Management Office, DWR
C            craig.altare@water.ca.gov
C
C    IWFM Contact:
C          Emin Can Dogrul PhD, PE, Senior Engineer, DWR
C            can.dogrul@water.ca.gov
C
C*******************************************************************************
C                           File Description
C
C   This data file contains a set of flow rates (in units of L/T) to be used for 
C   simulating the rice and refuge return flows, re-use and water application rates 
C   for non-flooded rice decomposition. These values are correlated to individual 
C   grid elements through the Rice/Refuge Data File.
C
C*******************************************************************************
C               Rice/Refuge Operation Flow Rate Data Specifications
C
C   NCOLFLW  ; Number of data columns
C   FACTFLW  ; Conversion factor for operation flow rates 
C               It is used to convert only the spatial component of the unit; 
C               DO NOT include the conversion factor for time component of the unit.
C               * e.g. Unit of depth listed in this file        = INCHES/MONTH
C                      Consistent unit used in simulation       = FT/DAY 
C                      Enter FACTOPS (INCHES/MONTH -> FT/MONTH) = 8.333333E-02 
C                       (conversion of MONTH -> DAY is performed automatically) 
C   NSPFLW   ; Number of time steps to update the operation flow rates
C               * Enter any number if time-tracking option is on
C   NFQFLW   ; Repetition frequency of the operation flow rate data 
C               * Enter 0 if full time series data is supplied
C               * Enter any number if time-tracking option is on
C   DSSFL    ; The name of the DSS file for data input 
C               * Leave blank if DSS file is not used for data input
C
C-------------------------------------------------------------------------------
C         VALUE                                      DESCRIPTION
C-------------------------------------------------------------------------------
          11                                         / NCOLFLW
          1.0                                        / FACTFLW 
          1                                          / NSPFLW 
          0                                          / NFQFLW
                                                     / DSSFL
C----------------------------------------------------------------------------------------------
C                      Rice/Refuge Operation Flow Rate Data 
C                            (READ FROM THIS FILE)
C
C   List the rice/refuge operation flow rates below, if it will not be read from
C   a DSS file (i.e. DSSFL is left blank above).
C
C   TIME ;  Time
C   FLW  ;  Operation flow rates; [L/T]
C
C-----------------------------------------------------------------------------------------------------------
C   Column          1     2     3     4     5     6     7     8     9     10     11
C               Return Flow                         Reuse Flow               NFL_Depth
C   Time          RI_FL     RI_NFL     RI_NDC     RF_SL     RF_PR     RI_FL     RI_NFL     RI_NDC     RF_SL     RF_PR     Note: Zero acreage for NFL
C-----------------------------------------------------------------------------------------------------------                                                                                                                                                                        
10/31/1921_24:00     0.27     0.27     0.00     0.00     0.00     0.14     0.14     0.00     0.00     0.00     0.00
11/30/1921_24:00     0.12     0.12     0.00     0.00     0.00     0.06     0.06     0.00     0.00     0.00     0.00
12/31/1921_24:00     0.09     0.09     0.00     0.00     0.00     0.05     0.05     0.00     0.00     0.00     0.00
01/31/1922_24:00     0.08     0.08     0.00     0.00     0.00     0.04     0.04     0.00     0.00     0.00     0.00
02/28/1922_24:00     0.02     0.02     0.00     0.00     0.00     0.01     0.01     0.00     0.00     0.00     0.00
03/31/1922_24:00     0.00     0.00     0.00     0.00     0.00     0.00     0.00     0.00     0.00     0.00     0.00
04/30/1922_24:00     0.09     0.09     0.10     0.00     0.00     0.05     0.05     0.05     0.00     0.00     0.00
05/31/1922_24:00     0.27     0.27     0.27     0.00     0.00     0.14     0.14     0.14     0.00     0.00     0.00
06/30/1922_24:00     0.22     0.22     0.22     0.00     0.00     0.11     0.11     0.11     0.00     0.00     0.00
07/31/1922_24:00     0.23     0.23     0.23     0.00     0.00     0.12     0.12     0.12     0.00     0.00     0.00
08/31/1922_24:00     0.17     0.17     0.17     0.00     0.00     0.09     0.09     0.09     0.00     0.00     0.00
09/30/1922_24:00     0.03     0.03     0.03     0.00     0.00     0.02     0.02     0.02     0.00     0.00     0.00
10/31/1922_24:00     0.27     0.27     0.00     0.00     0.00     0.14     0.14     0.00     0.00     0.00     0.00
11/30/1922_24:00     0.12     0.12     0.00     0.00     0.00     0.06     0.06     0.00     0.00     0.00     0.00
12/31/1922_24:00     0.09     0.09     0.00     0.00     0.00     0.05     0.05     0.00     0.00     0.00     0.00
01/31/1923_24:00     0.08     0.08     0.00     0.00     0.00     0.04     0.04     0.00     0.00     0.00     0.00
02/28/1923_24:00     0.02     0.02     0.00     0.00     0.00     0.01     0.01     0.00     0.00     0.00     0.00
03/31/1923_24:00     0.00     0.00     0.00     0.00     0.00     0.00     0.00     0.00     0.00     0.00     0.00
04/30/1923_24:00     0.09     0.09     0.10     0.00     0.00     0.05     0.05     0.05     0.00     0.00     0.00
05/31/1923_24:00     0.27     0.27     0.27     0.00     0.00     0.14     0.14     0.14     0.00     0.00     0.00
06/30/1923_24:00     0.22     0.22     0.22     0.00     0.00     0.11     0.11     0.11     0.00     0.00     0.00
07/31/1923_24:00     0.23     0.23     0.23     0.00     0.00     0.12     0.12     0.12     0.00     0.00     0.00
08/31/1923_24:00     0.17     0.17     0.17     0.00     0.00     0.09     0.09     0.09     0.00     0.00     0.00
09/30/1923_24:00     0.03     0.03     0.03     0.00     0.00     0.02     0.02     0.02     0.00     0.00     0.00
10/31/1923_24:00     0.27     0.27     0.00     0.00     0.00     0.14     0.14     0.00     0.00     0.00     0.00
11/30/1923_24:00     0.12     0.12     0.00     0.00     0.00     0.06     0.06     0.00     0.00     0.00     0.00
12/31/1923_24:00     0.09     0.09     0.00     0.00     0.00     0.05     0.05     0.00     0.00     0.00     0.00
01/31/1924_24:00     0.08     0.08     0.00     0.00     0.00     0.04     0.04     0.00     0.00     0.00     0.00
02/29/1924_24:00     0.02     0.02     0.00     0.00     0.00     0.01     0.01     0.00     0.00     0.00     0.00
03/31/1924_24:00     0.00     0.00     0.00     0.00     0.00     0.00     0.00     0.00     0.00     0.00     0.00
04/30/1924_24:00     0.09     0.09     0.10     0.00     0.00     0.05     0.05     0.05     0.00     0.00     0.00
05/31/1924_24:00     0.27     0.27     0.27     0.00     0.00     0.14     0.14     0.14     0.00     0.00     0.00
06/30/1924_24:00     0.22     0.22     0.22     0.00     0.00     0.11     0.11     0.11     0.00     0.00     0.00
07/31/1924_24:00     0.23     0.23     0.23     0.00     0.00     0.12     0.12     0.12     0.00     0.00     0.00
08/31/1924_24:00     0.17     0.17     0.17     0.00     0.00     0.09     0.09     0.09     0.00     0.00     0.00
09/30/1924_24:00     0.03     0.03     0.03     0.00     0.00     0.02     0.02     0.02     0.00     0.00     0.00
10/31/1924_24:00     0.27     0.27     0.00     0.00     0.00     0.14     0.14     0.00     0.00     0.00     0.00
11/30/1924_24:00     0.12     0.12     0.00     0.00     0.00     0.06     0.06     0.00     0.00     0.00     0.00
12/31/1924_24:00     0.09     0.09     0.00     0.00     0.00     0.05     0.05     0.00     0.00     0.00     0.00
01/31/1925_24:00     0.08     0.08     0.00     0.00     0.00     0.04     0.04     0.00     0.00     0.00     0.00
02/28/1925_24:00     0.02     0.02     0.00     0.00     0.00     0.01     0.01     0.00     0.00     0.00     0.00
03/31/1925_24:00     0.00     0.00     0.00     0.00     0.00     0.00     0.00     0.00     0.00     0.00     0.00
04/30/1925_24:00     0.09     0.09     0.10     0.00     0.00     0.05     0.05     0.05     0.00     0.00     0.00
05/31/1925_24:00     0.27     0.27     0.27     0.00     0.00     0.14     0.14     0.14     0.00     0.00     0.00
06/30/1925_24:00     0.22     0.22     0.22     0.00     0.00     0.11     0.11     0.11     0.00     0.00     0.00
07/31/1925_24:00     0.23     0.23     0.23     0.00     0.00     0.12     0.12     0.12     0.00     0.00     0.00
08/31/1925_24:00     0.17     0.17     0.17     0.00     0.00     0.09     0.09     0.09     0.00     0.00     0.00
09/30/1925_24:00     0.03     0.03     0.03     0.00     0.00     0.02     0.02     0.02     0.00     0.00     0.00
10/31/1925_24:00     0.27     0.27     0.00     0.00     0.00     0.14     0.14     0.00     0.00     0.00     0.00
11/30/1925_24:00     0.12     0.12     0.00     0.00     0.00     0.06     0.06     0.00     0.00     0.00     0.00
12/31/1925_24:00     0.09     0.09     0.00     0.00     0.00     0.05     0.05     0.00     0.00     0.00     0.00
01/31/1926_24:00     0.08     0.08     0.00     0.00     0.00     0.04     0.04     0.00     0.00     0.00     0.00
02/28/1926_24:00     0.02     0.02     0.00     0.00     0.00     0.01     0.01     0.00     0.00     0.00     0.00
03/31/1926_24:00     0.00     0.00     0.00     0.00     0.00     0.00     0.00     0.00     0.00     0.00     0.00
04/30/1926_24:00     0.09     0.09     0.10     0.00     0.00     0.05     0.05     0.05     0.00     0.00     0.00
05/31/1926_24:00     0.27     0.27     0.27     0.00     0.00     0.14     0.14     0.14     0.00     0.00     0.00
06/30/1926_24:00     0.22     0.22     0.22     0.00     0.00     0.11     0.11     0.11     0.00     0.00     0.00
07/31/1926_24:00     0.23     0.23     0.23     0.00     0.00     0.12     0.12     0.12     0.00     0.00     0.00
08/31/1926_24:00     0.17     0.17     0.17     0.00     0.00     0.09     0.09     0.09     0.00     0.00     0.00
09/30/1926_24:00     0.03     0.03     0.03     0.00     0.00     0.02     0.02     0.02     0.00     0.00     0.00
10/31/1926_24:00     0.27     0.27     0.00     0.00     0.00     0.14     0.14     0.00     0.00     0.00     0.00
11/30/1926_24:00     0.12     0.12     0.00     0.00     0.00     0.06     0.06     0.00     0.00     0.00     0.00
12/31/1926_24:00     0.09     0.09     0.00     0.00     0.00     0.05     0.05     0.00     0.00     0.00     0.00
01/31/1927_24:00     0.08     0.08     0.00     0.00     0.00     0.04     0.04     0.00     0.00     0.00     0.00
02/28/1927_24:00     0.02     0.02     0.00     0.00     0.00     0.01     0.01     0.00     0.00     0.00     0.00
03/31/1927_24:00     0.00     0.00     0.00     0.00     0.00     0.00     0.00     0.00     0.00     0.00     0.00
04/30/1927_24:00     0.09     0.09     0.10     0.00     0.00     0.05     0.05     0.05     0.00     0.00     0.00
05/31/1927_24:00     0.27     0.27     0.27     0.00     0.00     0.14     0.14     0.14     0.00     0.00     0.00
06/30/1927_24:00     0.22     0.22     0.22     0.00     0.00     0.11     0.11     0.11     0.00     0.00     0.00
07/31/1927_24:00     0.23     0.23     0.23     0.00     0.00     0.12     0.12     0.12     0.00     0.00     0.00
08/31/1927_24:00     0.17     0.17     0.17     0.00     0.00     0.09     0.09     0.09     0.00     0.00     0.00
09/30/1927_24:00     0.03     0.03     0.03     0.00     0.00     0.02     0.02     0.02     0.00     0.00     0.00
10/31/1927_24:00     0.27     0.27     0.00     0.00     0.00     0.14     0.14     0.00     0.00     0.00     0.00
11/30/1927_24:00     0.12     0.12     0.00     0.00     0.00     0.06     0.06     0.00     0.00     0.00     0.00
12/31/1927_24:00     0.09     0.09     0.00     0.00     0.00     0.05     0.05     0.00     0.00     0.00     0.00
01/31/1928_24:00     0.08     0.08     0.00     0.00     0.00     0.04     0.04     0.00     0.00     0.00     0.00
02/29/1928_24:00     0.02     0.02     0.00     0.00     0.00     0.01     0.01     0.00     0.00     0.00     0.00
03/31/1928_24:00     0.00     0.00     0.00     0.00     0.00     0.00     0.00     0.00     0.00     0.00     0.00
04/30/1928_24:00     0.09     0.09     0.10     0.00     0.00     0.05     0.05     0.05     0.00     0.00     0.00
05/31/1928_24:00     0.27     0.27     0.27     0.00     0.00     0.14     0.14     0.14     0.00     0.00     0.00
06/30/1928_24:00     0.22     0.22     0.22     0.00     0.00     0.11     0.11     0.11     0.00     0.00     0.00
07/31/1928_24:00     0.23     0.23     0.23     0.00     0.00     0.12     0.12     0.12     0.00     0.00     0.00
08/31/1928_24:00     0.17     0.17     0.17     0.00     0.00     0.09     0.09     0.09     0.00     0.00     0.00
09/30/1928_24:00     0.03     0.03     0.03     0.00     0.00     0.02     0.02     0.02     0.00     0.00     0.00
10/31/1928_24:00     0.27     0.27     0.00     0.00     0.00     0.14     0.14     0.00     0.00     0.00     0.00
11/30/1928_24:00     0.12     0.12     0.00     0.00     0.00     0.06     0.06     0.00     0.00     0.00     0.00
12/31/1928_24:00     0.09     0.09     0.00     0.00     0.00     0.05     0.05     0.00     0.00     0.00     0.00
01/31/1929_24:00     0.08     0.08     0.00     0.00     0.00     0.04     0.04     0.00     0.00     0.00     0.00
02/28/1929_24:00     0.02     0.02     0.00     0.00     0.00     0.01     0.01     0.00     0.00     0.00     0.00
03/31/1929_24:00     0.00     0.00     0.00     0.00     0.00     0.00     0.00     0.00     0.00     0.00     0.00
04/30/1929_24:00     0.09     0.09     0.10     0.00     0.00     0.05     0.05     0.05     0.00     0.00     0.00
05/31/1929_24:00     0.27     0.27     0.27     0.00     0.00     0.14     0.14     0.14     0.00     0.00     0.00
06/30/1929_24:00     0.22     0.22     0.22     0.00     0.00     0.11     0.11     0.11     0.00     0.00     0.00
07/31/1929_24:00     0.23     0.23     0.23     0.00     0.00     0.12     0.12     0.12     0.00     0.00     0.00
08/31/1929_24:00     0.17     0.17     0.17     0.00     0.00     0.09     0.09     0.09     0.00     0.00     0.00
09/30/1929_24:00     0.03     0.03     0.03     0.00     0.00     0.02     0.02     0.02     0.00     0.00     0.00
10/31/1929_24:00     0.27     0.27     0.00     0.00     0.00     0.14     0.14     0.00     0.00     0.00     0.00
11/30/1929_24:00     0.12     0.12     0.00     0.00     0.00     0.06     0.06     0.00     0.00     0.00     0.00
12/31/1929_24:00     0.09     0.09     0.00     0.00     0.00     0.05     0.05     0.00     0.00     0.00     0.00
01/31/1930_24:00     0.08     0.08     0.00     0.00     0.00     0.04     0.04     0.00     0.00     0.00     0.00
02/28/1930_24:00     0.02     0.02     0.00     0.00     0.00     0.01     0.01     0.00     0.00     0.00     0.00
03/31/1930_24:00     0.00     0.00     0.00     0.00     0.00     0.00     0.00     0.00     0.00     0.00     0.00
04/30/1930_24:00     0.09     0.09     0.10     0.00     0.00     0.05     0.05     0.05     0.00     0.00     0.00
05/31/1930_24:00     0.27     0.27     0.27     0.00     0.00     0.14     0.14     0.14     0.00     0.00     0.00
06/30/1930_24:00     0.22     0.22     0.22     0.00     0.00     0.11     0.11     0.11     0.00     0.00     0.00
07/31/1930_24:00     0.23     0.23     0.23     0.00     0.00     0.12     0.12     0.12     0.00     0.00     0.00
08/31/1930_24:00     0.17     0.17     0.17     0.00     0.00     0.09     0.09     0.09     0.00     0.00     0.00
09/30/1930_24:00     0.03     0.03     0.03     0.00     0.00     0.02     0.02     0.02     0.00     0.00     0.00
10/31/1930_24:00     0.27     0.27     0.00     0.00     0.00     0.14     0.14     0.00     0.00     0.00     0.00
11/30/1930_24:00     0.12     0.12     0.00     0.00     0.00     0.06     0.06     0.00     0.00     0.00     0.00
12/31/1930_24:00     0.09     0.09     0.00     0.00     0.00     0.05     0.05     0.00     0.00     0.00     0.00
01/31/1931_24:00     0.08     0.08     0.00     0.00     0.00     0.04     0.04     0.00     0.00     0.00     0.00
02/28/1931_24:00     0.02     0.02     0.00     0.00     0.00     0.01     0.01     0.00     0.00     0.00     0.00
03/31/1931_24:00     0.00     0.00     0.00     0.00     0.00     0.00     0.00     0.00     0.00     0.00     0.00
04/30/1931_24:00     0.09     0.09     0.10     0.00     0.00     0.05     0.05     0.05     0.00     0.00     0.00
05/31/1931_24:00     0.27     0.27     0.27     0.00     0.00     0.14     0.14     0.14     0.00     0.00     0.00
06/30/1931_24:00     0.22     0.22     0.22     0.00     0.00     0.11     0.11     0.11     0.00     0.00     0.00
07/31/1931_24:00     0.23     0.23     0.23     0.00     0.00     0.12     0.12     0.12     0.00     0.00     0.00
08/31/1931_24:00     0.17     0.17     0.17     0.00     0.00     0.09     0.09     0.09     0.00     0.00     0.00
09/30/1931_24:00     0.03     0.03     0.03     0.00     0.00     0.02     0.02     0.02     0.00     0.00     0.00
10/31/1931_24:00     0.27     0.27     0.00     0.00     0.00     0.14     0.14     0.00     0.00     0.00     0.00
11/30/1931_24:00     0.12     0.12     0.00     0.00     0.00     0.06     0.06     0.00     0.00     0.00     0.00
12/31/1931_24:00     0.09     0.09     0.00     0.00     0.00     0.05     0.05     0.00     0.00     0.00     0.00
01/31/1932_24:00     0.08     0.08     0.00     0.00     0.00     0.04     0.04     0.00     0.00     0.00     0.00
02/29/1932_24:00     0.02     0.02     0.00     0.00     0.00     0.01     0.01     0.00     0.00     0.00     0.00
03/31/1932_24:00     0.00     0.00     0.00     0.00     0.00     0.00     0.00     0.00     0.00     0.00     0.00
04/30/1932_24:00     0.09     0.09     0.10     0.00     0.00     0.05     0.05     0.05     0.00     0.00     0.00
05/31/1932_24:00     0.27     0.27     0.27     0.00     0.00     0.14     0.14     0.14     0.00     0.00     0.00
06/30/1932_24:00     0.22     0.22     0.22     0.00     0.00     0.11     0.11     0.11     0.00     0.00     0.00
07/31/1932_24:00     0.23     0.23     0.23     0.00     0.00     0.12     0.12     0.12     0.00     0.00     0.00
08/31/1932_24:00     0.17     0.17     0.17     0.00     0.00     0.09     0.09     0.09     0.00     0.00     0.00
09/30/1932_24:00     0.03     0.03     0.03     0.00     0.00     0.02     0.02     0.02     0.00     0.00     0.00
10/31/1932_24:00     0.27     0.27     0.00     0.00     0.00     0.14     0.14     0.00     0.00     0.00     0.00
11/30/1932_24:00     0.12     0.12     0.00     0.00     0.00     0.06     0.06     0.00     0.00     0.00     0.00
12/31/1932_24:00     0.09     0.09     0.00     0.00     0.00     0.05     0.05     0.00     0.00     0.00     0.00
01/31/1933_24:00     0.08     0.08     0.00     0.00     0.00     0.04     0.04     0.00     0.00     0.00     0.00
02/28/1933_24:00     0.02     0.02     0.00     0.00     0.00     0.01     0.01     0.00     0.00     0.00     0.00
03/31/1933_24:00     0.00     0.00     0.00     0.00     0.00     0.00     0.00     0.00     0.00     0.00     0.00
04/30/1933_24:00     0.09     0.09     0.10     0.00     0.00     0.05     0.05     0.05     0.00     0.00     0.00
05/31/1933_24:00     0.27     0.27     0.27     0.00     0.00     0.14     0.14     0.14     0.00     0.00     0.00
06/30/1933_24:00     0.22     0.22     0.22     0.00     0.00     0.11     0.11     0.11     0.00     0.00     0.00
07/31/1933_24:00     0.23     0.23     0.23     0.00     0.00     0.12     0.12     0.12     0.00     0.00     0.00
08/31/1933_24:00     0.17     0.17     0.17     0.00     0.00     0.09     0.09     0.09     0.00     0.00     0.00
09/30/1933_24:00     0.03     0.03     0.03     0.00     0.00     0.02     0.02     0.02     0.00     0.00     0.00
10/31/1933_24:00     0.27     0.27     0.00     0.00     0.00     0.14     0.14     0.00     0.00     0.00     0.00
11/30/1933_24:00     0.12     0.12     0.00     0.00     0.00     0.06     0.06     0.00     0.00     0.00     0.00
12/31/1933_24:00     0.09     0.09     0.00     0.00     0.00     0.05     0.05     0.00     0.00     0.00     0.00
01/31/1934_24:00     0.08     0.08     0.00     0.00     0.00     0.04     0.04     0.00     0.00     0.00     0.00
02/28/1934_24:00     0.02     0.02     0.00     0.00     0.00     0.01     0.01     0.00     0.00     0.00     0.00
03/31/1934_24:00     0.00     0.00     0.00     0.00     0.00     0.00     0.00     0.00     0.00     0.00     0.00
04/30/1934_24:00     0.09     0.09     0.10     0.00     0.00     0.05     0.05     0.05     0.00     0.00     0.00
05/31/1934_24:00     0.27     0.27     0.27     0.00     0.00     0.14     0.14     0.14     0.00     0.00     0.00
06/30/1934_24:00     0.22     0.22     0.22     0.00     0.00     0.11     0.11     0.11     0.00     0.00     0.00
07/31/1934_24:00     0.23     0.23     0.23     0.00     0.00     0.12     0.12     0.12     0.00     0.00     0.00
08/31/1934_24:00     0.17     0.17     0.17     0.00     0.00     0.09     0.09     0.09     0.00     0.00     0.00
09/30/1934_24:00     0.03     0.03     0.03     0.00     0.00     0.02     0.02     0.02     0.00     0.00     0.00
10/31/1934_24:00     0.27     0.27     0.00     0.00     0.00     0.14     0.14     0.00     0.00     0.00     0.00
11/30/1934_24:00     0.12     0.12     0.00     0.00     0.00     0.06     0.06     0.00     0.00     0.00     0.00
12/31/1934_24:00     0.09     0.09     0.00     0.00     0.00     0.05     0.05     0.00     0.00     0.00     0.00
01/31/1935_24:00     0.08     0.08     0.00     0.00     0.00     0.04     0.04     0.00     0.00     0.00     0.00
02/28/1935_24:00     0.02     0.02     0.00     0.00     0.00     0.01     0.01     0.00     0.00     0.00     0.00
03/31/1935_24:00     0.00     0.00     0.00     0.00     0.00     0.00     0.00     0.00     0.00     0.00     0.00
04/30/1935_24:00     0.09     0.09     0.10     0.00     0.00     0.05     0.05     0.05     0.00     0.00     0.00
05/31/1935_24:00     0.27     0.27     0.27     0.00     0.00     0.14     0.14     0.14     0.00     0.00     0.00
06/30/1935_24:00     0.22     0.22     0.22     0.00     0.00     0.11     0.11     0.11     0.00     0.00     0.00
07/31/1935_24:00     0.23     0.23     0.23     0.00     0.00     0.12     0.12     0.12     0.00     0.00     0.00
08/31/1935_24:00     0.17     0.17     0.17     0.00     0.00     0.09     0.09     0.09     0.00     0.00     0.00
09/30/1935_24:00     0.03     0.03     0.03     0.00     0.00     0.02     0.02     0.02     0.00     0.00     0.00
10/31/1935_24:00     0.27     0.27     0.00     0.00     0.00     0.14     0.14     0.00     0.00     0.00     0.00
11/30/1935_24:00     0.12     0.12     0.00     0.00     0.00     0.06     0.06     0.00     0.00     0.00     0.00
12/31/1935_24:00     0.09     0.09     0.00     0.00     0.00     0.05     0.05     0.00     0.00     0.00     0.00
01/31/1936_24:00     0.08     0.08     0.00     0.00     0.00     0.04     0.04     0.00     0.00     0.00     0.00
02/29/1936_24:00     0.02     0.02     0.00     0.00     0.00     0.01     0.01     0.00     0.00     0.00     0.00
03/31/1936_24:00     0.00     0.00     0.00     0.00     0.00     0.00     0.00     0.00     0.00     0.00     0.00
04/30/1936_24:00     0.09     0.09     0.10     0.00     0.00     0.05     0.05     0.05     0.00     0.00     0.00
05/31/1936_24:00     0.27     0.27     0.27     0.00     0.00     0.14     0.14     0.14     0.00     0.00     0.00
06/30/1936_24:00     0.22     0.22     0.22     0.00     0.00     0.11     0.11     0.11     0.00     0.00     0.00
07/31/1936_24:00     0.23     0.23     0.23     0.00     0.00     0.12     0.12     0.12     0.00     0.00     0.00
08/31/1936_24:00     0.17     0.17     0.17     0.00     0.00     0.09     0.09     0.09     0.00     0.00     0.00
09/30/1936_24:00     0.03     0.03     0.03     0.00     0.00     0.02     0.02     0.02     0.00     0.00     0.00
10/31/1936_24:00     0.27     0.27     0.00     0.00     0.00     0.14     0.14     0.00     0.00     0.00     0.00
11/30/1936_24:00     0.12     0.12     0.00     0.00     0.00     0.06     0.06     0.00     0.00     0.00     0.00
12/31/1936_24:00     0.09     0.09     0.00     0.00     0.00     0.05     0.05     0.00     0.00     0.00     0.00
01/31/1937_24:00     0.08     0.08     0.00     0.00     0.00     0.04     0.04     0.00     0.00     0.00     0.00
02/28/1937_24:00     0.02     0.02     0.00     0.00     0.00     0.01     0.01     0.00     0.00     0.00     0.00
03/31/1937_24:00     0.00     0.00     0.00     0.00     0.00     0.00     0.00     0.00     0.00     0.00     0.00
04/30/1937_24:00     0.09     0.09     0.10     0.00     0.00     0.05     0.05     0.05     0.00     0.00     0.00
05/31/1937_24:00     0.27     0.27     0.27     0.00     0.00     0.14     0.14     0.14     0.00     0.00     0.00
06/30/1937_24:00     0.22     0.22     0.22     0.00     0.00     0.11     0.11     0.11     0.00     0.00     0.00
07/31/1937_24:00     0.23     0.23     0.23     0.00     0.00     0.12     0.12     0.12     0.00     0.00     0.00
08/31/1937_24:00     0.17     0.17     0.17     0.00     0.00     0.09     0.09     0.09     0.00     0.00     0.00
09/30/1937_24:00     0.03     0.03     0.03     0.00     0.00     0.02     0.02     0.02     0.00     0.00     0.00
10/31/1937_24:00     0.27     0.27     0.00     0.00     0.00     0.14     0.14     0.00     0.00     0.00     0.00
11/30/1937_24:00     0.12     0.12     0.00     0.00     0.00     0.06     0.06     0.00     0.00     0.00     0.00
12/31/1937_24:00     0.09     0.09     0.00     0.00     0.00     0.05     0.05     0.00     0.00     0.00     0.00
01/31/1938_24:00     0.08     0.08     0.00     0.00     0.00     0.04     0.04     0.00     0.00     0.00     0.00
02/28/1938_24:00     0.02     0.02     0.00     0.00     0.00     0.01     0.01     0.00     0.00     0.00     0.00
03/31/1938_24:00     0.00     0.00     0.00     0.00     0.00     0.00     0.00     0.00     0.00     0.00     0.00
04/30/1938_24:00     0.09     0.09     0.10     0.00     0.00     0.05     0.05     0.05     0.00     0.00     0.00
05/31/1938_24:00     0.27     0.27     0.27     0.00     0.00     0.14     0.14     0.14     0.00     0.00     0.00
06/30/1938_24:00     0.22     0.22     0.22     0.00     0.00     0.11     0.11     0.11     0.00     0.00     0.00
07/31/1938_24:00     0.23     0.23     0.23     0.00     0.00     0.12     0.12     0.12     0.00     0.00     0.00
08/31/1938_24:00     0.17     0.17     0.17     0.00     0.00     0.09     0.09     0.09     0.00     0.00     0.00
09/30/1938_24:00     0.03     0.03     0.03     0.00     0.00     0.02     0.02     0.02     0.00     0.00     0.00
10/31/1938_24:00     0.27     0.27     0.00     0.00     0.00     0.14     0.14     0.00     0.00     0.00     0.00
11/30/1938_24:00     0.12     0.12     0.00     0.00     0.00     0.06     0.06     0.00     0.00     0.00     0.00
12/31/1938_24:00     0.09     0.09     0.00     0.00     0.00     0.05     0.05     0.00     0.00     0.00     0.00
01/31/1939_24:00     0.08     0.08     0.00     0.00     0.00     0.04     0.04     0.00     0.00     0.00     0.00
02/28/1939_24:00     0.02     0.02     0.00     0.00     0.00     0.01     0.01     0.00     0.00     0.00     0.00
03/31/1939_24:00     0.00     0.00     0.00     0.00     0.00     0.00     0.00     0.00     0.00     0.00     0.00
04/30/1939_24:00     0.09     0.09     0.10     0.00     0.00     0.05     0.05     0.05     0.00     0.00     0.00
05/31/1939_24:00     0.27     0.27     0.27     0.00     0.00     0.14     0.14     0.14     0.00     0.00     0.00
06/30/1939_24:00     0.22     0.22     0.22     0.00     0.00     0.11     0.11     0.11     0.00     0.00     0.00
07/31/1939_24:00     0.23     0.23     0.23     0.00     0.00     0.12     0.12     0.12     0.00     0.00     0.00
08/31/1939_24:00     0.17     0.17     0.17     0.00     0.00     0.09     0.09     0.09     0.00     0.00     0.00
09/30/1939_24:00     0.03     0.03     0.03     0.00     0.00     0.02     0.02     0.02     0.00     0.00     0.00
10/31/1939_24:00     0.27     0.27     0.00     0.00     0.00     0.14     0.14     0.00     0.00     0.00     0.00
11/30/1939_24:00     0.12     0.12     0.00     0.00     0.00     0.06     0.06     0.00     0.00     0.00     0.00
12/31/1939_24:00     0.09     0.09     0.00     0.00     0.00     0.05     0.05     0.00     0.00     0.00     0.00
01/31/1940_24:00     0.08     0.08     0.00     0.00     0.00     0.04     0.04     0.00     0.00     0.00     0.00
02/29/1940_24:00     0.02     0.02     0.00     0.00     0.00     0.01     0.01     0.00     0.00     0.00     0.00
03/31/1940_24:00     0.00     0.00     0.00     0.00     0.00     0.00     0.00     0.00     0.00     0.00     0.00
04/30/1940_24:00     0.09     0.09     0.10     0.00     0.00     0.05     0.05     0.05     0.00     0.00     0.00
05/31/1940_24:00     0.27     0.27     0.27     0.00     0.00     0.14     0.14     0.14     0.00     0.00     0.00
06/30/1940_24:00     0.22     0.22     0.22     0.00     0.00     0.11     0.11     0.11     0.00     0.00     0.00
07/31/1940_24:00     0.23     0.23     0.23     0.00     0.00     0.12     0.12     0.12     0.00     0.00     0.00
08/31/1940_24:00     0.17     0.17     0.17     0.00     0.00     0.09     0.09     0.09     0.00     0.00     0.00
09/30/1940_24:00     0.03     0.03     0.03     0.00     0.00     0.02     0.02     0.02     0.00     0.00     0.00
10/31/1940_24:00     0.27     0.27     0.00     0.00     0.00     0.14     0.14     0.00     0.00     0.00     0.00
11/30/1940_24:00     0.12     0.12     0.00     0.00     0.00     0.06     0.06     0.00     0.00     0.00     0.00
12/31/1940_24:00     0.09     0.09     0.00     0.00     0.00     0.05     0.05     0.00     0.00     0.00     0.00
01/31/1941_24:00     0.08     0.08     0.00     0.00     0.00     0.04     0.04     0.00     0.00     0.00     0.00
02/28/1941_24:00     0.02     0.02     0.00     0.00     0.00     0.01     0.01     0.00     0.00     0.00     0.00
03/31/1941_24:00     0.00     0.00     0.00     0.00     0.00     0.00     0.00     0.00     0.00     0.00     0.00
04/30/1941_24:00     0.09     0.09     0.10     0.00     0.00     0.05     0.05     0.05     0.00     0.00     0.00
05/31/1941_24:00     0.27     0.27     0.27     0.00     0.00     0.14     0.14     0.14     0.00     0.00     0.00
06/30/1941_24:00     0.22     0.22     0.22     0.00     0.00     0.11     0.11     0.11     0.00     0.00     0.00
07/31/1941_24:00     0.23     0.23     0.23     0.00     0.00     0.12     0.12     0.12     0.00     0.00     0.00
08/31/1941_24:00     0.17     0.17     0.17     0.00     0.00     0.09     0.09     0.09     0.00     0.00     0.00
09/30/1941_24:00     0.03     0.03     0.03     0.00     0.00     0.02     0.02     0.02     0.00     0.00     0.00
10/31/1941_24:00     0.27     0.27     0.00     0.00     0.00     0.14     0.14     0.00     0.00     0.00     0.00
11/30/1941_24:00     0.12     0.12     0.00     0.00     0.00     0.06     0.06     0.00     0.00     0.00     0.00
12/31/1941_24:00     0.09     0.09     0.00     0.00     0.00     0.05     0.05     0.00     0.00     0.00     0.00
01/31/1942_24:00     0.08     0.08     0.00     0.00     0.00     0.04     0.04     0.00     0.00     0.00     0.00
02/28/1942_24:00     0.02     0.02     0.00     0.00     0.00     0.01     0.01     0.00     0.00     0.00     0.00
03/31/1942_24:00     0.00     0.00     0.00     0.00     0.00     0.00     0.00     0.00     0.00     0.00     0.00
04/30/1942_24:00     0.09     0.09     0.10     0.00     0.00     0.05     0.05     0.05     0.00     0.00     0.00
05/31/1942_24:00     0.27     0.27     0.27     0.00     0.00     0.14     0.14     0.14     0.00     0.00     0.00
06/30/1942_24:00     0.22     0.22     0.22     0.00     0.00     0.11     0.11     0.11     0.00     0.00     0.00
07/31/1942_24:00     0.23     0.23     0.23     0.00     0.00     0.12     0.12     0.12     0.00     0.00     0.00
08/31/1942_24:00     0.17     0.17     0.17     0.00     0.00     0.09     0.09     0.09     0.00     0.00     0.00
09/30/1942_24:00     0.03     0.03     0.03     0.00     0.00     0.02     0.02     0.02     0.00     0.00     0.00
10/31/1942_24:00     0.27     0.27     0.00     0.00     0.00     0.14     0.14     0.00     0.00     0.00     0.00
11/30/1942_24:00     0.12     0.12     0.00     0.00     0.00     0.06     0.06     0.00     0.00     0.00     0.00
12/31/1942_24:00     0.09     0.09     0.00     0.00     0.00     0.05     0.05     0.00     0.00     0.00     0.00
01/31/1943_24:00     0.08     0.08     0.00     0.00     0.00     0.04     0.04     0.00     0.00     0.00     0.00
02/28/1943_24:00     0.02     0.02     0.00     0.00     0.00     0.01     0.01     0.00     0.00     0.00     0.00
03/31/1943_24:00     0.00     0.00     0.00     0.00     0.00     0.00     0.00     0.00     0.00     0.00     0.00
04/30/1943_24:00     0.09     0.09     0.10     0.00     0.00     0.05     0.05     0.05     0.00     0.00     0.00
05/31/1943_24:00     0.27     0.27     0.27     0.00     0.00     0.14     0.14     0.14     0.00     0.00     0.00
06/30/1943_24:00     0.22     0.22     0.22     0.00     0.00     0.11     0.11     0.11     0.00     0.00     0.00
07/31/1943_24:00     0.23     0.23     0.23     0.00     0.00     0.12     0.12     0.12     0.00     0.00     0.00
08/31/1943_24:00     0.17     0.17     0.17     0.00     0.00     0.09     0.09     0.09     0.00     0.00     0.00
09/30/1943_24:00     0.03     0.03     0.03     0.00     0.00     0.02     0.02     0.02     0.00     0.00     0.00
10/31/1943_24:00     0.27     0.27     0.00     0.00     0.00     0.14     0.14     0.00     0.00     0.00     0.00
11/30/1943_24:00     0.12     0.12     0.00     0.00     0.00     0.06     0.06     0.00     0.00     0.00     0.00
12/31/1943_24:00     0.09     0.09     0.00     0.00     0.00     0.05     0.05     0.00     0.00     0.00     0.00
01/31/1944_24:00     0.08     0.08     0.00     0.00     0.00     0.04     0.04     0.00     0.00     0.00     0.00
02/29/1944_24:00     0.02     0.02     0.00     0.00     0.00     0.01     0.01     0.00     0.00     0.00     0.00
03/31/1944_24:00     0.00     0.00     0.00     0.00     0.00     0.00     0.00     0.00     0.00     0.00     0.00
04/30/1944_24:00     0.09     0.09     0.10     0.00     0.00     0.05     0.05     0.05     0.00     0.00     0.00
05/31/1944_24:00     0.27     0.27     0.27     0.00     0.00     0.14     0.14     0.14     0.00     0.00     0.00
06/30/1944_24:00     0.22     0.22     0.22     0.00     0.00     0.11     0.11     0.11     0.00     0.00     0.00
07/31/1944_24:00     0.23     0.23     0.23     0.00     0.00     0.12     0.12     0.12     0.00     0.00     0.00
08/31/1944_24:00     0.17     0.17     0.17     0.00     0.00     0.09     0.09     0.09     0.00     0.00     0.00
09/30/1944_24:00     0.03     0.03     0.03     0.00     0.00     0.02     0.02     0.02     0.00     0.00     0.00
10/31/1944_24:00     0.27     0.27     0.00     0.00     0.00     0.14     0.14     0.00     0.00     0.00     0.00
11/30/1944_24:00     0.12     0.12     0.00     0.00     0.00     0.06     0.06     0.00     0.00     0.00     0.00
12/31/1944_24:00     0.09     0.09     0.00     0.00     0.00     0.05     0.05     0.00     0.00     0.00     0.00
01/31/1945_24:00     0.08     0.08     0.00     0.00     0.00     0.04     0.04     0.00     0.00     0.00     0.00
02/28/1945_24:00     0.02     0.02     0.00     0.00     0.00     0.01     0.01     0.00     0.00     0.00     0.00
03/31/1945_24:00     0.00     0.00     0.00     0.00     0.00     0.00     0.00     0.00     0.00     0.00     0.00
04/30/1945_24:00     0.09     0.09     0.10     0.00     0.00     0.05     0.05     0.05     0.00     0.00     0.00
05/31/1945_24:00     0.27     0.27     0.27     0.00     0.00     0.14     0.14     0.14     0.00     0.00     0.00
06/30/1945_24:00     0.22     0.22     0.22     0.00     0.00     0.11     0.11     0.11     0.00     0.00     0.00
07/31/1945_24:00     0.23     0.23     0.23     0.00     0.00     0.12     0.12     0.12     0.00     0.00     0.00
08/31/1945_24:00     0.17     0.17     0.17     0.00     0.00     0.09     0.09     0.09     0.00     0.00     0.00
09/30/1945_24:00     0.03     0.03     0.03     0.00     0.00     0.02     0.02     0.02     0.00     0.00     0.00
10/31/1945_24:00     0.27     0.27     0.00     0.00     0.00     0.14     0.14     0.00     0.00     0.00     0.00
11/30/1945_24:00     0.12     0.12     0.00     0.00     0.00     0.06     0.06     0.00     0.00     0.00     0.00
12/31/1945_24:00     0.09     0.09     0.00     0.00     0.00     0.05     0.05     0.00     0.00     0.00     0.00
01/31/1946_24:00     0.08     0.08     0.00     0.00     0.00     0.04     0.04     0.00     0.00     0.00     0.00
02/28/1946_24:00     0.02     0.02     0.00     0.00     0.00     0.01     0.01     0.00     0.00     0.00     0.00
03/31/1946_24:00     0.00     0.00     0.00     0.00     0.00     0.00     0.00     0.00     0.00     0.00     0.00
04/30/1946_24:00     0.09     0.09     0.10     0.00     0.00     0.05     0.05     0.05     0.00     0.00     0.00
05/31/1946_24:00     0.27     0.27     0.27     0.00     0.00     0.14     0.14     0.14     0.00     0.00     0.00
06/30/1946_24:00     0.22     0.22     0.22     0.00     0.00     0.11     0.11     0.11     0.00     0.00     0.00
07/31/1946_24:00     0.23     0.23     0.23     0.00     0.00     0.12     0.12     0.12     0.00     0.00     0.00
08/31/1946_24:00     0.17     0.17     0.17     0.00     0.00     0.09     0.09     0.09     0.00     0.00     0.00
09/30/1946_24:00     0.03     0.03     0.03     0.00     0.00     0.02     0.02     0.02     0.00     0.00     0.00
10/31/1946_24:00     0.27     0.27     0.00     0.00     0.00     0.14     0.14     0.00     0.00     0.00     0.00
11/30/1946_24:00     0.12     0.12     0.00     0.00     0.00     0.06     0.06     0.00     0.00     0.00     0.00
12/31/1946_24:00     0.09     0.09     0.00     0.00     0.00     0.05     0.05     0.00     0.00     0.00     0.00
01/31/1947_24:00     0.08     0.08     0.00     0.00     0.00     0.04     0.04     0.00     0.00     0.00     0.00
02/28/1947_24:00     0.02     0.02     0.00     0.00     0.00     0.01     0.01     0.00     0.00     0.00     0.00
03/31/1947_24:00     0.00     0.00     0.00     0.00     0.00     0.00     0.00     0.00     0.00     0.00     0.00
04/30/1947_24:00     0.09     0.09     0.10     0.00     0.00     0.05     0.05     0.05     0.00     0.00     0.00
05/31/1947_24:00     0.27     0.27     0.27     0.00     0.00     0.14     0.14     0.14     0.00     0.00     0.00
06/30/1947_24:00     0.22     0.22     0.22     0.00     0.00     0.11     0.11     0.11     0.00     0.00     0.00
07/31/1947_24:00     0.23     0.23     0.23     0.00     0.00     0.12     0.12     0.12     0.00     0.00     0.00
08/31/1947_24:00     0.17     0.17     0.17     0.00     0.00     0.09     0.09     0.09     0.00     0.00     0.00
09/30/1947_24:00     0.03     0.03     0.03     0.00     0.00     0.02     0.02     0.02     0.00     0.00     0.00
10/31/1947_24:00     0.27     0.27     0.00     0.00     0.00     0.14     0.14     0.00     0.00     0.00     0.00
11/30/1947_24:00     0.12     0.12     0.00     0.00     0.00     0.06     0.06     0.00     0.00     0.00     0.00
12/31/1947_24:00     0.09     0.09     0.00     0.00     0.00     0.05     0.05     0.00     0.00     0.00     0.00
01/31/1948_24:00     0.08     0.08     0.00     0.00     0.00     0.04     0.04     0.00     0.00     0.00     0.00
02/29/1948_24:00     0.02     0.02     0.00     0.00     0.00     0.01     0.01     0.00     0.00     0.00     0.00
03/31/1948_24:00     0.00     0.00     0.00     0.00     0.00     0.00     0.00     0.00     0.00     0.00     0.00
04/30/1948_24:00     0.09     0.09     0.10     0.00     0.00     0.05     0.05     0.05     0.00     0.00     0.00
05/31/1948_24:00     0.27     0.27     0.27     0.00     0.00     0.14     0.14     0.14     0.00     0.00     0.00
06/30/1948_24:00     0.22     0.22     0.22     0.00     0.00     0.11     0.11     0.11     0.00     0.00     0.00
07/31/1948_24:00     0.23     0.23     0.23     0.00     0.00     0.12     0.12     0.12     0.00     0.00     0.00
08/31/1948_24:00     0.17     0.17     0.17     0.00     0.00     0.09     0.09     0.09     0.00     0.00     0.00
09/30/1948_24:00     0.03     0.03     0.03     0.00     0.00     0.02     0.02     0.02     0.00     0.00     0.00
10/31/1948_24:00     0.27     0.27     0.00     0.00     0.00     0.14     0.14     0.00     0.00     0.00     0.00
11/30/1948_24:00     0.12     0.12     0.00     0.00     0.00     0.06     0.06     0.00     0.00     0.00     0.00
12/31/1948_24:00     0.09     0.09     0.00     0.00     0.00     0.05     0.05     0.00     0.00     0.00     0.00
01/31/1949_24:00     0.08     0.08     0.00     0.00     0.00     0.04     0.04     0.00     0.00     0.00     0.00
02/28/1949_24:00     0.02     0.02     0.00     0.00     0.00     0.01     0.01     0.00     0.00     0.00     0.00
03/31/1949_24:00     0.00     0.00     0.00     0.00     0.00     0.00     0.00     0.00     0.00     0.00     0.00
04/30/1949_24:00     0.09     0.09     0.10     0.00     0.00     0.05     0.05     0.05     0.00     0.00     0.00
05/31/1949_24:00     0.27     0.27     0.27     0.00     0.00     0.14     0.14     0.14     0.00     0.00     0.00
06/30/1949_24:00     0.22     0.22     0.22     0.00     0.00     0.11     0.11     0.11     0.00     0.00     0.00
07/31/1949_24:00     0.23     0.23     0.23     0.00     0.00     0.12     0.12     0.12     0.00     0.00     0.00
08/31/1949_24:00     0.17     0.17     0.17     0.00     0.00     0.09     0.09     0.09     0.00     0.00     0.00
09/30/1949_24:00     0.03     0.03     0.03     0.00     0.00     0.02     0.02     0.02     0.00     0.00     0.00
10/31/1949_24:00     0.27     0.27     0.00     0.00     0.00     0.14     0.14     0.00     0.00     0.00     0.00
11/30/1949_24:00     0.12     0.12     0.00     0.00     0.00     0.06     0.06     0.00     0.00     0.00     0.00
12/31/1949_24:00     0.09     0.09     0.00     0.00     0.00     0.05     0.05     0.00     0.00     0.00     0.00
01/31/1950_24:00     0.08     0.08     0.00     0.00     0.00     0.04     0.04     0.00     0.00     0.00     0.00
02/28/1950_24:00     0.02     0.02     0.00     0.00     0.00     0.01     0.01     0.00     0.00     0.00     0.00
03/31/1950_24:00     0.00     0.00     0.00     0.00     0.00     0.00     0.00     0.00     0.00     0.00     0.00
04/30/1950_24:00     0.09     0.09     0.10     0.00     0.00     0.05     0.05     0.05     0.00     0.00     0.00
05/31/1950_24:00     0.27     0.27     0.27     0.00     0.00     0.14     0.14     0.14     0.00     0.00     0.00
06/30/1950_24:00     0.22     0.22     0.22     0.00     0.00     0.11     0.11     0.11     0.00     0.00     0.00
07/31/1950_24:00     0.23     0.23     0.23     0.00     0.00     0.12     0.12     0.12     0.00     0.00     0.00
08/31/1950_24:00     0.17     0.17     0.17     0.00     0.00     0.09     0.09     0.09     0.00     0.00     0.00
09/30/1950_24:00     0.03     0.03     0.03     0.00     0.00     0.02     0.02     0.02     0.00     0.00     0.00
10/31/1950_24:00     0.27     0.27     0.00     0.00     0.00     0.14     0.14     0.00     0.00     0.00     0.00
11/30/1950_24:00     0.12     0.12     0.00     0.00     0.00     0.06     0.06     0.00     0.00     0.00     0.00
12/31/1950_24:00     0.09     0.09     0.00     0.00     0.00     0.05     0.05     0.00     0.00     0.00     0.00
01/31/1951_24:00     0.08     0.08     0.00     0.00     0.00     0.04     0.04     0.00     0.00     0.00     0.00
02/28/1951_24:00     0.02     0.02     0.00     0.00     0.00     0.01     0.01     0.00     0.00     0.00     0.00
03/31/1951_24:00     0.00     0.00     0.00     0.00     0.00     0.00     0.00     0.00     0.00     0.00     0.00
04/30/1951_24:00     0.09     0.09     0.10     0.00     0.00     0.05     0.05     0.05     0.00     0.00     0.00
05/31/1951_24:00     0.27     0.27     0.27     0.00     0.00     0.14     0.14     0.14     0.00     0.00     0.00
06/30/1951_24:00     0.22     0.22     0.22     0.00     0.00     0.11     0.11     0.11     0.00     0.00     0.00
07/31/1951_24:00     0.23     0.23     0.23     0.00     0.00     0.12     0.12     0.12     0.00     0.00     0.00
08/31/1951_24:00     0.17     0.17     0.17     0.00     0.00     0.09     0.09     0.09     0.00     0.00     0.00
09/30/1951_24:00     0.03     0.03     0.03     0.00     0.00     0.02     0.02     0.02     0.00     0.00     0.00
10/31/1951_24:00     0.27     0.27     0.00     0.00     0.00     0.14     0.14     0.00     0.00     0.00     0.00
11/30/1951_24:00     0.12     0.12     0.00     0.00     0.00     0.06     0.06     0.00     0.00     0.00     0.00
12/31/1951_24:00     0.09     0.09     0.00     0.00     0.00     0.05     0.05     0.00     0.00     0.00     0.00
01/31/1952_24:00     0.08     0.08     0.00     0.00     0.00     0.04     0.04     0.00     0.00     0.00     0.00
02/29/1952_24:00     0.02     0.02     0.00     0.00     0.00     0.01     0.01     0.00     0.00     0.00     0.00
03/31/1952_24:00     0.00     0.00     0.00     0.00     0.00     0.00     0.00     0.00     0.00     0.00     0.00
04/30/1952_24:00     0.09     0.09     0.10     0.00     0.00     0.05     0.05     0.05     0.00     0.00     0.00
05/31/1952_24:00     0.27     0.27     0.27     0.00     0.00     0.14     0.14     0.14     0.00     0.00     0.00
06/30/1952_24:00     0.22     0.22     0.22     0.00     0.00     0.11     0.11     0.11     0.00     0.00     0.00
07/31/1952_24:00     0.23     0.23     0.23     0.00     0.00     0.12     0.12     0.12     0.00     0.00     0.00
08/31/1952_24:00     0.17     0.17     0.17     0.00     0.00     0.09     0.09     0.09     0.00     0.00     0.00
09/30/1952_24:00     0.03     0.03     0.03     0.00     0.00     0.02     0.02     0.02     0.00     0.00     0.00
10/31/1952_24:00     0.27     0.27     0.00     0.00     0.00     0.14     0.14     0.00     0.00     0.00     0.00
11/30/1952_24:00     0.12     0.12     0.00     0.00     0.00     0.06     0.06     0.00     0.00     0.00     0.00
12/31/1952_24:00     0.09     0.09     0.00     0.00     0.00     0.05     0.05     0.00     0.00     0.00     0.00
01/31/1953_24:00     0.08     0.08     0.00     0.00     0.00     0.04     0.04     0.00     0.00     0.00     0.00
02/28/1953_24:00     0.02     0.02     0.00     0.00     0.00     0.01     0.01     0.00     0.00     0.00     0.00
03/31/1953_24:00     0.00     0.00     0.00     0.00     0.00     0.00     0.00     0.00     0.00     0.00     0.00
04/30/1953_24:00     0.09     0.09     0.10     0.00     0.00     0.05     0.05     0.05     0.00     0.00     0.00
05/31/1953_24:00     0.27     0.27     0.27     0.00     0.00     0.14     0.14     0.14     0.00     0.00     0.00
06/30/1953_24:00     0.22     0.22     0.22     0.00     0.00     0.11     0.11     0.11     0.00     0.00     0.00
07/31/1953_24:00     0.23     0.23     0.23     0.00     0.00     0.12     0.12     0.12     0.00     0.00     0.00
08/31/1953_24:00     0.17     0.17     0.17     0.00     0.00     0.09     0.09     0.09     0.00     0.00     0.00
09/30/1953_24:00     0.03     0.03     0.03     0.00     0.00     0.02     0.02     0.02     0.00     0.00     0.00
10/31/1953_24:00     0.27     0.27     0.00     0.00     0.00     0.14     0.14     0.00     0.00     0.00     0.00
11/30/1953_24:00     0.12     0.12     0.00     0.00     0.00     0.06     0.06     0.00     0.00     0.00     0.00
12/31/1953_24:00     0.09     0.09     0.00     0.00     0.00     0.05     0.05     0.00     0.00     0.00     0.00
01/31/1954_24:00     0.08     0.08     0.00     0.00     0.00     0.04     0.04     0.00     0.00     0.00     0.00
02/28/1954_24:00     0.02     0.02     0.00     0.00     0.00     0.01     0.01     0.00     0.00     0.00     0.00
03/31/1954_24:00     0.00     0.00     0.00     0.00     0.00     0.00     0.00     0.00     0.00     0.00     0.00
04/30/1954_24:00     0.09     0.09     0.10     0.00     0.00     0.05     0.05     0.05     0.00     0.00     0.00
05/31/1954_24:00     0.27     0.27     0.27     0.00     0.00     0.14     0.14     0.14     0.00     0.00     0.00
06/30/1954_24:00     0.22     0.22     0.22     0.00     0.00     0.11     0.11     0.11     0.00     0.00     0.00
07/31/1954_24:00     0.23     0.23     0.23     0.00     0.00     0.12     0.12     0.12     0.00     0.00     0.00
08/31/1954_24:00     0.17     0.17     0.17     0.00     0.00     0.09     0.09     0.09     0.00     0.00     0.00
09/30/1954_24:00     0.03     0.03     0.03     0.00     0.00     0.02     0.02     0.02     0.00     0.00     0.00
10/31/1954_24:00     0.27     0.27     0.00     0.00     0.00     0.14     0.14     0.00     0.00     0.00     0.00
11/30/1954_24:00     0.12     0.12     0.00     0.00     0.00     0.06     0.06     0.00     0.00     0.00     0.00
12/31/1954_24:00     0.09     0.09     0.00     0.00     0.00     0.05     0.05     0.00     0.00     0.00     0.00
01/31/1955_24:00     0.08     0.08     0.00     0.00     0.00     0.04     0.04     0.00     0.00     0.00     0.00
02/28/1955_24:00     0.02     0.02     0.00     0.00     0.00     0.01     0.01     0.00     0.00     0.00     0.00
03/31/1955_24:00     0.00     0.00     0.00     0.00     0.00     0.00     0.00     0.00     0.00     0.00     0.00
04/30/1955_24:00     0.09     0.09     0.10     0.00     0.00     0.05     0.05     0.05     0.00     0.00     0.00
05/31/1955_24:00     0.27     0.27     0.27     0.00     0.00     0.14     0.14     0.14     0.00     0.00     0.00
06/30/1955_24:00     0.22     0.22     0.22     0.00     0.00     0.11     0.11     0.11     0.00     0.00     0.00
07/31/1955_24:00     0.23     0.23     0.23     0.00     0.00     0.12     0.12     0.12     0.00     0.00     0.00
08/31/1955_24:00     0.17     0.17     0.17     0.00     0.00     0.09     0.09     0.09     0.00     0.00     0.00
09/30/1955_24:00     0.03     0.03     0.03     0.00     0.00     0.02     0.02     0.02     0.00     0.00     0.00
10/31/1955_24:00     0.27     0.27     0.00     0.00     0.00     0.14     0.14     0.00     0.00     0.00     0.00
11/30/1955_24:00     0.12     0.12     0.00     0.00     0.00     0.06     0.06     0.00     0.00     0.00     0.00
12/31/1955_24:00     0.09     0.09     0.00     0.00     0.00     0.05     0.05     0.00     0.00     0.00     0.00
01/31/1956_24:00     0.08     0.08     0.00     0.00     0.00     0.04     0.04     0.00     0.00     0.00     0.00
02/29/1956_24:00     0.02     0.02     0.00     0.00     0.00     0.01     0.01     0.00     0.00     0.00     0.00
03/31/1956_24:00     0.00     0.00     0.00     0.00     0.00     0.00     0.00     0.00     0.00     0.00     0.00
04/30/1956_24:00     0.09     0.09     0.10     0.00     0.00     0.05     0.05     0.05     0.00     0.00     0.00
05/31/1956_24:00     0.27     0.27     0.27     0.00     0.00     0.14     0.14     0.14     0.00     0.00     0.00
06/30/1956_24:00     0.22     0.22     0.22     0.00     0.00     0.11     0.11     0.11     0.00     0.00     0.00
07/31/1956_24:00     0.23     0.23     0.23     0.00     0.00     0.12     0.12     0.12     0.00     0.00     0.00
08/31/1956_24:00     0.17     0.17     0.17     0.00     0.00     0.09     0.09     0.09     0.00     0.00     0.00
09/30/1956_24:00     0.03     0.03     0.03     0.00     0.00     0.02     0.02     0.02     0.00     0.00     0.00
10/31/1956_24:00     0.27     0.27     0.00     0.00     0.00     0.14     0.14     0.00     0.00     0.00     0.00
11/30/1956_24:00     0.12     0.12     0.00     0.00     0.00     0.06     0.06     0.00     0.00     0.00     0.00
12/31/1956_24:00     0.09     0.09     0.00     0.00     0.00     0.05     0.05     0.00     0.00     0.00     0.00
01/31/1957_24:00     0.08     0.08     0.00     0.00     0.00     0.04     0.04     0.00     0.00     0.00     0.00
02/28/1957_24:00     0.02     0.02     0.00     0.00     0.00     0.01     0.01     0.00     0.00     0.00     0.00
03/31/1957_24:00     0.00     0.00     0.00     0.00     0.00     0.00     0.00     0.00     0.00     0.00     0.00
04/30/1957_24:00     0.09     0.09     0.10     0.00     0.00     0.05     0.05     0.05     0.00     0.00     0.00
05/31/1957_24:00     0.27     0.27     0.27     0.00     0.00     0.14     0.14     0.14     0.00     0.00     0.00
06/30/1957_24:00     0.22     0.22     0.22     0.00     0.00     0.11     0.11     0.11     0.00     0.00     0.00
07/31/1957_24:00     0.23     0.23     0.23     0.00     0.00     0.12     0.12     0.12     0.00     0.00     0.00
08/31/1957_24:00     0.17     0.17     0.17     0.00     0.00     0.09     0.09     0.09     0.00     0.00     0.00
09/30/1957_24:00     0.03     0.03     0.03     0.00     0.00     0.02     0.02     0.02     0.00     0.00     0.00
10/31/1957_24:00     0.27     0.27     0.00     0.00     0.00     0.14     0.14     0.00     0.00     0.00     0.00
11/30/1957_24:00     0.12     0.12     0.00     0.00     0.00     0.06     0.06     0.00     0.00     0.00     0.00
12/31/1957_24:00     0.09     0.09     0.00     0.00     0.00     0.05     0.05     0.00     0.00     0.00     0.00
01/31/1958_24:00     0.08     0.08     0.00     0.00     0.00     0.04     0.04     0.00     0.00     0.00     0.00
02/28/1958_24:00     0.02     0.02     0.00     0.00     0.00     0.01     0.01     0.00     0.00     0.00     0.00
03/31/1958_24:00     0.00     0.00     0.00     0.00     0.00     0.00     0.00     0.00     0.00     0.00     0.00
04/30/1958_24:00     0.09     0.09     0.10     0.00     0.00     0.05     0.05     0.05     0.00     0.00     0.00
05/31/1958_24:00     0.27     0.27     0.27     0.00     0.00     0.14     0.14     0.14     0.00     0.00     0.00
06/30/1958_24:00     0.22     0.22     0.22     0.00     0.00     0.11     0.11     0.11     0.00     0.00     0.00
07/31/1958_24:00     0.23     0.23     0.23     0.00     0.00     0.12     0.12     0.12     0.00     0.00     0.00
08/31/1958_24:00     0.17     0.17     0.17     0.00     0.00     0.09     0.09     0.09     0.00     0.00     0.00
09/30/1958_24:00     0.03     0.03     0.03     0.00     0.00     0.02     0.02     0.02     0.00     0.00     0.00
10/31/1958_24:00     0.27     0.27     0.00     0.00     0.00     0.14     0.14     0.00     0.00     0.00     0.00
11/30/1958_24:00     0.12     0.12     0.00     0.00     0.00     0.06     0.06     0.00     0.00     0.00     0.00
12/31/1958_24:00     0.09     0.09     0.00     0.00     0.00     0.05     0.05     0.00     0.00     0.00     0.00
01/31/1959_24:00     0.08     0.08     0.00     0.00     0.00     0.04     0.04     0.00     0.00     0.00     0.00
02/28/1959_24:00     0.02     0.02     0.00     0.00     0.00     0.01     0.01     0.00     0.00     0.00     0.00
03/31/1959_24:00     0.00     0.00     0.00     0.00     0.00     0.00     0.00     0.00     0.00     0.00     0.00
04/30/1959_24:00     0.09     0.09     0.10     0.00     0.00     0.05     0.05     0.05     0.00     0.00     0.00
05/31/1959_24:00     0.27     0.27     0.27     0.00     0.00     0.14     0.14     0.14     0.00     0.00     0.00
06/30/1959_24:00     0.22     0.22     0.22     0.00     0.00     0.11     0.11     0.11     0.00     0.00     0.00
07/31/1959_24:00     0.23     0.23     0.23     0.00     0.00     0.12     0.12     0.12     0.00     0.00     0.00
08/31/1959_24:00     0.17     0.17     0.17     0.00     0.00     0.09     0.09     0.09     0.00     0.00     0.00
09/30/1959_24:00     0.03     0.03     0.03     0.00     0.00     0.02     0.02     0.02     0.00     0.00     0.00
10/31/1959_24:00     0.27     0.27     0.00     0.00     0.00     0.14     0.14     0.00     0.00     0.00     0.00
11/30/1959_24:00     0.12     0.12     0.00     0.00     0.00     0.06     0.06     0.00     0.00     0.00     0.00
12/31/1959_24:00     0.09     0.09     0.00     0.00     0.00     0.05     0.05     0.00     0.00     0.00     0.00
01/31/1960_24:00     0.08     0.08     0.00     0.00     0.00     0.04     0.04     0.00     0.00     0.00     0.00
02/29/1960_24:00     0.02     0.02     0.00     0.00     0.00     0.01     0.01     0.00     0.00     0.00     0.00
03/31/1960_24:00     0.00     0.00     0.00     0.00     0.00     0.00     0.00     0.00     0.00     0.00     0.00
04/30/1960_24:00     0.09     0.09     0.10     0.00     0.00     0.05     0.05     0.05     0.00     0.00     0.00
05/31/1960_24:00     0.27     0.27     0.27     0.00     0.00     0.14     0.14     0.14     0.00     0.00     0.00
06/30/1960_24:00     0.22     0.22     0.22     0.00     0.00     0.11     0.11     0.11     0.00     0.00     0.00
07/31/1960_24:00     0.23     0.23     0.23     0.00     0.00     0.12     0.12     0.12     0.00     0.00     0.00
08/31/1960_24:00     0.17     0.17     0.17     0.00     0.00     0.09     0.09     0.09     0.00     0.00     0.00
09/30/1960_24:00     0.03     0.03     0.03     0.00     0.00     0.02     0.02     0.02     0.00     0.00     0.00
10/31/1960_24:00     0.27     0.27     0.00     0.00     0.00     0.14     0.14     0.00     0.00     0.00     0.00
11/30/1960_24:00     0.12     0.12     0.00     0.00     0.00     0.06     0.06     0.00     0.00     0.00     0.00
12/31/1960_24:00     0.09     0.09     0.00     0.00     0.00     0.05     0.05     0.00     0.00     0.00     0.00
01/31/1961_24:00     0.08     0.08     0.00     0.00     0.00     0.04     0.04     0.00     0.00     0.00     0.00
02/28/1961_24:00     0.02     0.02     0.00     0.00     0.00     0.01     0.01     0.00     0.00     0.00     0.00
03/31/1961_24:00     0.00     0.00     0.00     0.00     0.00     0.00     0.00     0.00     0.00     0.00     0.00
04/30/1961_24:00     0.09     0.09     0.10     0.00     0.00     0.05     0.05     0.05     0.00     0.00     0.00
05/31/1961_24:00     0.27     0.27     0.27     0.00     0.00     0.14     0.14     0.14     0.00     0.00     0.00
06/30/1961_24:00     0.22     0.22     0.22     0.00     0.00     0.11     0.11     0.11     0.00     0.00     0.00
07/31/1961_24:00     0.23     0.23     0.23     0.00     0.00     0.12     0.12     0.12     0.00     0.00     0.00
08/31/1961_24:00     0.17     0.17     0.17     0.00     0.00     0.09     0.09     0.09     0.00     0.00     0.00
09/30/1961_24:00     0.03     0.03     0.03     0.00     0.00     0.02     0.02     0.02     0.00     0.00     0.00
10/31/1961_24:00     0.27     0.27     0.00     0.00     0.00     0.14     0.14     0.00     0.00     0.00     0.00
11/30/1961_24:00     0.12     0.12     0.00     0.00     0.00     0.06     0.06     0.00     0.00     0.00     0.00
12/31/1961_24:00     0.09     0.09     0.00     0.00     0.00     0.05     0.05     0.00     0.00     0.00     0.00
01/31/1962_24:00     0.08     0.08     0.00     0.00     0.00     0.04     0.04     0.00     0.00     0.00     0.00
02/28/1962_24:00     0.02     0.02     0.00     0.00     0.00     0.01     0.01     0.00     0.00     0.00     0.00
03/31/1962_24:00     0.00     0.00     0.00     0.00     0.00     0.00     0.00     0.00     0.00     0.00     0.00
04/30/1962_24:00     0.09     0.09     0.10     0.00     0.00     0.05     0.05     0.05     0.00     0.00     0.00
05/31/1962_24:00     0.27     0.27     0.27     0.00     0.00     0.14     0.14     0.14     0.00     0.00     0.00
06/30/1962_24:00     0.22     0.22     0.22     0.00     0.00     0.11     0.11     0.11     0.00     0.00     0.00
07/31/1962_24:00     0.23     0.23     0.23     0.00     0.00     0.12     0.12     0.12     0.00     0.00     0.00
08/31/1962_24:00     0.17     0.17     0.17     0.00     0.00     0.09     0.09     0.09     0.00     0.00     0.00
09/30/1962_24:00     0.03     0.03     0.03     0.00     0.00     0.02     0.02     0.02     0.00     0.00     0.00
10/31/1962_24:00     0.27     0.27     0.00     0.00     0.00     0.14     0.14     0.00     0.00     0.00     0.00
11/30/1962_24:00     0.12     0.12     0.00     0.00     0.00     0.06     0.06     0.00     0.00     0.00     0.00
12/31/1962_24:00     0.09     0.09     0.00     0.00     0.00     0.05     0.05     0.00     0.00     0.00     0.00
01/31/1963_24:00     0.08     0.08     0.00     0.00     0.00     0.04     0.04     0.00     0.00     0.00     0.00
02/28/1963_24:00     0.02     0.02     0.00     0.00     0.00     0.01     0.01     0.00     0.00     0.00     0.00
03/31/1963_24:00     0.00     0.00     0.00     0.00     0.00     0.00     0.00     0.00     0.00     0.00     0.00
04/30/1963_24:00     0.09     0.09     0.10     0.00     0.00     0.05     0.05     0.05     0.00     0.00     0.00
05/31/1963_24:00     0.27     0.27     0.27     0.00     0.00     0.14     0.14     0.14     0.00     0.00     0.00
06/30/1963_24:00     0.22     0.22     0.22     0.00     0.00     0.11     0.11     0.11     0.00     0.00     0.00
07/31/1963_24:00     0.23     0.23     0.23     0.00     0.00     0.12     0.12     0.12     0.00     0.00     0.00
08/31/1963_24:00     0.17     0.17     0.17     0.00     0.00     0.09     0.09     0.09     0.00     0.00     0.00
09/30/1963_24:00     0.03     0.03     0.03     0.00     0.00     0.02     0.02     0.02     0.00     0.00     0.00
10/31/1963_24:00     0.27     0.27     0.00     0.00     0.00     0.14     0.14     0.00     0.00     0.00     0.00
11/30/1963_24:00     0.12     0.12     0.00     0.00     0.00     0.06     0.06     0.00     0.00     0.00     0.00
12/31/1963_24:00     0.09     0.09     0.00     0.00     0.00     0.05     0.05     0.00     0.00     0.00     0.00
01/31/1964_24:00     0.08     0.08     0.00     0.00     0.00     0.04     0.04     0.00     0.00     0.00     0.00
02/29/1964_24:00     0.02     0.02     0.00     0.00     0.00     0.01     0.01     0.00     0.00     0.00     0.00
03/31/1964_24:00     0.00     0.00     0.00     0.00     0.00     0.00     0.00     0.00     0.00     0.00     0.00
04/30/1964_24:00     0.09     0.09     0.10     0.00     0.00     0.05     0.05     0.05     0.00     0.00     0.00
05/31/1964_24:00     0.27     0.27     0.27     0.00     0.00     0.14     0.14     0.14     0.00     0.00     0.00
06/30/1964_24:00     0.22     0.22     0.22     0.00     0.00     0.11     0.11     0.11     0.00     0.00     0.00
07/31/1964_24:00     0.23     0.23     0.23     0.00     0.00     0.12     0.12     0.12     0.00     0.00     0.00
08/31/1964_24:00     0.17     0.17     0.17     0.00     0.00     0.09     0.09     0.09     0.00     0.00     0.00
09/30/1964_24:00     0.03     0.03     0.03     0.00     0.00     0.02     0.02     0.02     0.00     0.00     0.00
10/31/1964_24:00     0.27     0.27     0.00     0.00     0.00     0.14     0.14     0.00     0.00     0.00     0.00
11/30/1964_24:00     0.12     0.12     0.00     0.00     0.00     0.06     0.06     0.00     0.00     0.00     0.00
12/31/1964_24:00     0.09     0.09     0.00     0.00     0.00     0.05     0.05     0.00     0.00     0.00     0.00
01/31/1965_24:00     0.08     0.08     0.00     0.00     0.00     0.04     0.04     0.00     0.00     0.00     0.00
02/28/1965_24:00     0.02     0.02     0.00     0.00     0.00     0.01     0.01     0.00     0.00     0.00     0.00
03/31/1965_24:00     0.00     0.00     0.00     0.00     0.00     0.00     0.00     0.00     0.00     0.00     0.00
04/30/1965_24:00     0.09     0.09     0.10     0.00     0.00     0.05     0.05     0.05     0.00     0.00     0.00
05/31/1965_24:00     0.27     0.27     0.27     0.00     0.00     0.14     0.14     0.14     0.00     0.00     0.00
06/30/1965_24:00     0.22     0.22     0.22     0.00     0.00     0.11     0.11     0.11     0.00     0.00     0.00
07/31/1965_24:00     0.23     0.23     0.23     0.00     0.00     0.12     0.12     0.12     0.00     0.00     0.00
08/31/1965_24:00     0.17     0.17     0.17     0.00     0.00     0.09     0.09     0.09     0.00     0.00     0.00
09/30/1965_24:00     0.03     0.03     0.03     0.00     0.00     0.02     0.02     0.02     0.00     0.00     0.00
10/31/1965_24:00     0.27     0.27     0.00     0.00     0.00     0.14     0.14     0.00     0.00     0.00     0.00
11/30/1965_24:00     0.12     0.12     0.00     0.00     0.00     0.06     0.06     0.00     0.00     0.00     0.00
12/31/1965_24:00     0.09     0.09     0.00     0.00     0.00     0.05     0.05     0.00     0.00     0.00     0.00
01/31/1966_24:00     0.08     0.08     0.00     0.00     0.00     0.04     0.04     0.00     0.00     0.00     0.00
02/28/1966_24:00     0.02     0.02     0.00     0.00     0.00     0.01     0.01     0.00     0.00     0.00     0.00
03/31/1966_24:00     0.00     0.00     0.00     0.00     0.00     0.00     0.00     0.00     0.00     0.00     0.00
04/30/1966_24:00     0.09     0.09     0.10     0.00     0.00     0.05     0.05     0.05     0.00     0.00     0.00
05/31/1966_24:00     0.27     0.27     0.27     0.00     0.00     0.14     0.14     0.14     0.00     0.00     0.00
06/30/1966_24:00     0.22     0.22     0.22     0.00     0.00     0.11     0.11     0.11     0.00     0.00     0.00
07/31/1966_24:00     0.23     0.23     0.23     0.00     0.00     0.12     0.12     0.12     0.00     0.00     0.00
08/31/1966_24:00     0.17     0.17     0.17     0.00     0.00     0.09     0.09     0.09     0.00     0.00     0.00
09/30/1966_24:00     0.03     0.03     0.03     0.00     0.00     0.02     0.02     0.02     0.00     0.00     0.00
10/31/1966_24:00     0.27     0.27     0.00     0.00     0.00     0.14     0.14     0.00     0.00     0.00     0.00
11/30/1966_24:00     0.12     0.12     0.00     0.00     0.00     0.06     0.06     0.00     0.00     0.00     0.00
12/31/1966_24:00     0.09     0.09     0.00     0.00     0.00     0.05     0.05     0.00     0.00     0.00     0.00
01/31/1967_24:00     0.08     0.08     0.00     0.00     0.00     0.04     0.04     0.00     0.00     0.00     0.00
02/28/1967_24:00     0.02     0.02     0.00     0.00     0.00     0.01     0.01     0.00     0.00     0.00     0.00
03/31/1967_24:00     0.00     0.00     0.00     0.00     0.00     0.00     0.00     0.00     0.00     0.00     0.00
04/30/1967_24:00     0.09     0.09     0.10     0.00     0.00     0.05     0.05     0.05     0.00     0.00     0.00
05/31/1967_24:00     0.27     0.27     0.27     0.00     0.00     0.14     0.14     0.14     0.00     0.00     0.00
06/30/1967_24:00     0.22     0.22     0.22     0.00     0.00     0.11     0.11     0.11     0.00     0.00     0.00
07/31/1967_24:00     0.23     0.23     0.23     0.00     0.00     0.12     0.12     0.12     0.00     0.00     0.00
08/31/1967_24:00     0.17     0.17     0.17     0.00     0.00     0.09     0.09     0.09     0.00     0.00     0.00
09/30/1967_24:00     0.03     0.03     0.03     0.00     0.00     0.02     0.02     0.02     0.00     0.00     0.00
10/31/1967_24:00     0.27     0.27     0.00     0.00     0.00     0.14     0.14     0.00     0.00     0.00     0.00
11/30/1967_24:00     0.12     0.12     0.00     0.00     0.00     0.06     0.06     0.00     0.00     0.00     0.00
12/31/1967_24:00     0.09     0.09     0.00     0.00     0.00     0.05     0.05     0.00     0.00     0.00     0.00
01/31/1968_24:00     0.08     0.08     0.00     0.00     0.00     0.04     0.04     0.00     0.00     0.00     0.00
02/29/1968_24:00     0.02     0.02     0.00     0.00     0.00     0.01     0.01     0.00     0.00     0.00     0.00
03/31/1968_24:00     0.00     0.00     0.00     0.00     0.00     0.00     0.00     0.00     0.00     0.00     0.00
04/30/1968_24:00     0.09     0.09     0.10     0.00     0.00     0.05     0.05     0.05     0.00     0.00     0.00
05/31/1968_24:00     0.27     0.27     0.27     0.00     0.00     0.14     0.14     0.14     0.00     0.00     0.00
06/30/1968_24:00     0.22     0.22     0.22     0.00     0.00     0.11     0.11     0.11     0.00     0.00     0.00
07/31/1968_24:00     0.23     0.23     0.23     0.00     0.00     0.12     0.12     0.12     0.00     0.00     0.00
08/31/1968_24:00     0.17     0.17     0.17     0.00     0.00     0.09     0.09     0.09     0.00     0.00     0.00
09/30/1968_24:00     0.03     0.03     0.03     0.00     0.00     0.02     0.02     0.02     0.00     0.00     0.00
10/31/1968_24:00     0.27     0.27     0.00     0.00     0.00     0.14     0.14     0.00     0.00     0.00     0.00
11/30/1968_24:00     0.12     0.12     0.00     0.00     0.00     0.06     0.06     0.00     0.00     0.00     0.00
12/31/1968_24:00     0.09     0.09     0.00     0.00     0.00     0.05     0.05     0.00     0.00     0.00     0.00
01/31/1969_24:00     0.08     0.08     0.00     0.00     0.00     0.04     0.04     0.00     0.00     0.00     0.00
02/28/1969_24:00     0.02     0.02     0.00     0.00     0.00     0.01     0.01     0.00     0.00     0.00     0.00
03/31/1969_24:00     0.00     0.00     0.00     0.00     0.00     0.00     0.00     0.00     0.00     0.00     0.00
04/30/1969_24:00     0.09     0.09     0.10     0.00     0.00     0.05     0.05     0.05     0.00     0.00     0.00
05/31/1969_24:00     0.27     0.27     0.27     0.00     0.00     0.14     0.14     0.14     0.00     0.00     0.00
06/30/1969_24:00     0.22     0.22     0.22     0.00     0.00     0.11     0.11     0.11     0.00     0.00     0.00
07/31/1969_24:00     0.23     0.23     0.23     0.00     0.00     0.12     0.12     0.12     0.00     0.00     0.00
08/31/1969_24:00     0.17     0.17     0.17     0.00     0.00     0.09     0.09     0.09     0.00     0.00     0.00
09/30/1969_24:00     0.03     0.03     0.03     0.00     0.00     0.02     0.02     0.02     0.00     0.00     0.00
10/31/1969_24:00     0.27     0.27     0.00     0.00     0.00     0.14     0.14     0.00     0.00     0.00     0.00
11/30/1969_24:00     0.12     0.12     0.00     0.00     0.00     0.06     0.06     0.00     0.00     0.00     0.00
12/31/1969_24:00     0.09     0.09     0.00     0.00     0.00     0.05     0.05     0.00     0.00     0.00     0.00
01/31/1970_24:00     0.08     0.08     0.00     0.00     0.00     0.04     0.04     0.00     0.00     0.00     0.00
02/28/1970_24:00     0.02     0.02     0.00     0.00     0.00     0.01     0.01     0.00     0.00     0.00     0.00
03/31/1970_24:00     0.00     0.00     0.00     0.00     0.00     0.00     0.00     0.00     0.00     0.00     0.00
04/30/1970_24:00     0.09     0.09     0.10     0.00     0.00     0.05     0.05     0.05     0.00     0.00     0.00
05/31/1970_24:00     0.27     0.27     0.27     0.00     0.00     0.14     0.14     0.14     0.00     0.00     0.00
06/30/1970_24:00     0.22     0.22     0.22     0.00     0.00     0.11     0.11     0.11     0.00     0.00     0.00
07/31/1970_24:00     0.23     0.23     0.23     0.00     0.00     0.12     0.12     0.12     0.00     0.00     0.00
08/31/1970_24:00     0.17     0.17     0.17     0.00     0.00     0.09     0.09     0.09     0.00     0.00     0.00
09/30/1970_24:00     0.03     0.03     0.03     0.00     0.00     0.02     0.02     0.02     0.00     0.00     0.00
10/31/1970_24:00     0.36     0.36     0.00     0.00     0.00     0.19     0.19     0.00     0.00     0.00     0.00
11/30/1970_24:00     0.12     0.12     0.00     0.00     0.00     0.06     0.06     0.00     0.00     0.00     0.00
12/31/1970_24:00     0.09     0.09     0.00     0.00     0.00     0.05     0.05     0.00     0.00     0.00     0.00
01/31/1971_24:00     0.07     0.07     0.00     0.00     0.00     0.04     0.04     0.00     0.00     0.00     0.00
02/28/1971_24:00     0.03     0.03     0.00     0.00     0.00     0.01     0.01     0.00     0.00     0.00     0.00
03/31/1971_24:00     0.00     0.00     0.00     0.00     0.00     0.00     0.00     0.00     0.00     0.00     0.00
04/30/1971_24:00     0.09     0.09     0.11     0.00     0.00     0.04     0.04     0.05     0.00     0.00     0.00
05/31/1971_24:00     0.26     0.26     0.26     0.00     0.00     0.13     0.13     0.13     0.00     0.00     0.00
06/30/1971_24:00     0.21     0.21     0.21     0.00     0.00     0.11     0.11     0.11     0.00     0.00     0.00
07/31/1971_24:00     0.23     0.23     0.23     0.00     0.00     0.12     0.12     0.12     0.00     0.00     0.00
08/31/1971_24:00     0.17     0.17     0.17     0.00     0.00     0.09     0.09     0.09     0.00     0.00     0.00
09/30/1971_24:00     0.03     0.03     0.03     0.00     0.00     0.02     0.02     0.02     0.00     0.00     0.00
10/31/1971_24:00     0.28     0.28     0.00     0.00     0.00     0.15     0.15     0.00     0.00     0.00     0.00
11/30/1971_24:00     0.13     0.13     0.00     0.00     0.00     0.07     0.07     0.00     0.00     0.00     0.00
12/31/1971_24:00     0.09     0.09     0.00     0.00     0.00     0.05     0.05     0.00     0.00     0.00     0.00
01/31/1972_24:00     0.08     0.08     0.00     0.00     0.00     0.04     0.04     0.00     0.00     0.00     0.00
02/29/1972_24:00     0.02     0.02     0.00     0.00     0.00     0.01     0.01     0.00     0.00     0.00     0.00
03/31/1972_24:00     0.00     0.00     0.00     0.00     0.00     0.00     0.00     0.00     0.00     0.00     0.00
04/30/1972_24:00     0.10     0.10     0.12     0.00     0.00     0.05     0.05     0.06     0.00     0.00     0.00
05/31/1972_24:00     0.28     0.28     0.28     0.00     0.00     0.15     0.15     0.15     0.00     0.00     0.00
06/30/1972_24:00     0.22     0.22     0.22     0.00     0.00     0.11     0.11     0.11     0.00     0.00     0.00
07/31/1972_24:00     0.23     0.23     0.23     0.00     0.00     0.12     0.12     0.12     0.00     0.00     0.00
08/31/1972_24:00     0.17     0.17     0.17     0.00     0.00     0.09     0.09     0.09     0.00     0.00     0.00
09/30/1972_24:00     0.03     0.03     0.03     0.00     0.00     0.02     0.02     0.02     0.00     0.00     0.00
10/31/1972_24:00     0.25     0.25     0.00     0.00     0.00     0.13     0.13     0.00     0.00     0.00     0.00
11/30/1972_24:00     0.12     0.12     0.00     0.00     0.00     0.06     0.06     0.00     0.00     0.00     0.00
12/31/1972_24:00     0.09     0.09     0.00     0.00     0.00     0.05     0.05     0.00     0.00     0.00     0.00
01/31/1973_24:00     0.09     0.09     0.00     0.00     0.00     0.05     0.05     0.00     0.00     0.00     0.00
02/28/1973_24:00     0.02     0.02     0.00     0.00     0.00     0.01     0.01     0.00     0.00     0.00     0.00
03/31/1973_24:00     0.00     0.00     0.00     0.00     0.00     0.00     0.00     0.00     0.00     0.00     0.00
04/30/1973_24:00     0.09     0.09     0.09     0.00     0.00     0.05     0.05     0.05     0.00     0.00     0.00
05/31/1973_24:00     0.28     0.28     0.28     0.00     0.00     0.14     0.14     0.14     0.00     0.00     0.00
06/30/1973_24:00     0.22     0.22     0.22     0.00     0.00     0.11     0.11     0.11     0.00     0.00     0.00
07/31/1973_24:00     0.23     0.23     0.23     0.00     0.00     0.12     0.12     0.12     0.00     0.00     0.00
08/31/1973_24:00     0.17     0.17     0.17     0.00     0.00     0.09     0.09     0.09     0.00     0.00     0.00
09/30/1973_24:00     0.03     0.03     0.03     0.00     0.00     0.02     0.02     0.02     0.00     0.00     0.00
10/31/1973_24:00     0.27     0.27     0.00     0.00     0.00     0.14     0.14     0.00     0.00     0.00     0.00
11/30/1973_24:00     0.12     0.12     0.00     0.00     0.00     0.06     0.06     0.00     0.00     0.00     0.00
12/31/1973_24:00     0.09     0.09     0.00     0.00     0.00     0.05     0.05     0.00     0.00     0.00     0.00
01/31/1974_24:00     0.09     0.09     0.00     0.00     0.00     0.05     0.05     0.00     0.00     0.00     0.00
02/28/1974_24:00     0.02     0.02     0.00     0.00     0.00     0.01     0.01     0.00     0.00     0.00     0.00
03/31/1974_24:00     0.00     0.00     0.00     0.00     0.00     0.00     0.00     0.00     0.00     0.00     0.00
04/30/1974_24:00     0.07     0.07     0.07     0.00     0.00     0.03     0.03     0.03     0.00     0.00     0.00
05/31/1974_24:00     0.27     0.27     0.27     0.00     0.00     0.14     0.14     0.14     0.00     0.00     0.00
06/30/1974_24:00     0.21     0.21     0.21     0.00     0.00     0.11     0.11     0.11     0.00     0.00     0.00
07/31/1974_24:00     0.21     0.21     0.21     0.00     0.00     0.11     0.11     0.11     0.00     0.00     0.00
08/31/1974_24:00     0.17     0.17     0.17     0.00     0.00     0.08     0.08     0.09     0.00     0.00     0.00
09/30/1974_24:00     0.03     0.03     0.03     0.00     0.00     0.02     0.02     0.02     0.00     0.00     0.00
10/31/1974_24:00     0.29     0.29     0.00     0.00     0.00     0.15     0.15     0.00     0.00     0.00     0.00
11/30/1974_24:00     0.13     0.13     0.00     0.00     0.00     0.07     0.07     0.00     0.00     0.00     0.00
12/31/1974_24:00     0.10     0.10     0.00     0.00     0.00     0.05     0.05     0.00     0.00     0.00     0.00
01/31/1975_24:00     0.10     0.10     0.00     0.00     0.00     0.05     0.05     0.00     0.00     0.00     0.00
02/28/1975_24:00     0.02     0.02     0.00     0.00     0.00     0.01     0.01     0.00     0.00     0.00     0.00
03/31/1975_24:00     0.00     0.00     0.00     0.00     0.00     0.00     0.00     0.00     0.00     0.00     0.00
04/30/1975_24:00     0.07     0.07     0.07     0.00     0.00     0.03     0.03     0.03     0.00     0.00     0.00
05/31/1975_24:00     0.27     0.27     0.27     0.00     0.00     0.14     0.14     0.14     0.00     0.00     0.00
06/30/1975_24:00     0.21     0.21     0.21     0.00     0.00     0.11     0.11     0.11     0.00     0.00     0.00
07/31/1975_24:00     0.21     0.21     0.21     0.00     0.00     0.11     0.11     0.11     0.00     0.00     0.00
08/31/1975_24:00     0.16     0.16     0.16     0.00     0.00     0.08     0.08     0.08     0.00     0.00     0.00
09/30/1975_24:00     0.03     0.03     0.03     0.00     0.00     0.02     0.02     0.02     0.00     0.00     0.00
10/31/1975_24:00     0.27     0.27     0.00     0.00     0.00     0.14     0.14     0.00     0.00     0.00     0.00
11/30/1975_24:00     0.13     0.13     0.00     0.00     0.00     0.07     0.07     0.00     0.00     0.00     0.00
12/31/1975_24:00     0.10     0.10     0.00     0.00     0.00     0.05     0.05     0.00     0.00     0.00     0.00
01/31/1976_24:00     0.09     0.09     0.00     0.00     0.00     0.05     0.05     0.00     0.00     0.00     0.00
02/29/1976_24:00     0.03     0.03     0.00     0.00     0.00     0.01     0.01     0.00     0.00     0.00     0.00
03/31/1976_24:00     0.00     0.00     0.00     0.00     0.00     0.00     0.00     0.00     0.00     0.00     0.00
04/30/1976_24:00     0.09     0.09     0.12     0.00     0.00     0.04     0.04     0.06     0.00     0.00     0.00
05/31/1976_24:00     0.28     0.28     0.28     0.00     0.00     0.14     0.14     0.14     0.00     0.00     0.00
06/30/1976_24:00     0.21     0.21     0.21     0.00     0.00     0.11     0.11     0.11     0.00     0.00     0.00
07/31/1976_24:00     0.22     0.22     0.22     0.00     0.00     0.11     0.11     0.11     0.00     0.00     0.00
08/31/1976_24:00     0.15     0.15     0.15     0.00     0.00     0.08     0.08     0.08     0.00     0.00     0.00
09/30/1976_24:00     0.03     0.03     0.03     0.00     0.00     0.02     0.02     0.02     0.00     0.00     0.00
10/31/1976_24:00     0.28     0.28     0.00     0.00     0.00     0.15     0.15     0.00     0.00     0.00     0.00
11/30/1976_24:00     0.13     0.13     0.00     0.00     0.00     0.07     0.07     0.00     0.00     0.00     0.00
12/31/1976_24:00     0.10     0.10     0.00     0.00     0.00     0.05     0.05     0.00     0.00     0.00     0.00
01/31/1977_24:00     0.08     0.08     0.00     0.00     0.00     0.04     0.04     0.00     0.00     0.00     0.00
02/28/1977_24:00     0.03     0.03     0.00     0.00     0.00     0.01     0.01     0.00     0.00     0.00     0.00
03/31/1977_24:00     0.00     0.00     0.00     0.00     0.00     0.00     0.00     0.00     0.00     0.00     0.00
04/30/1977_24:00     0.11     0.11     0.13     0.00     0.00     0.05     0.05     0.07     0.00     0.00     0.00
05/31/1977_24:00     0.25     0.25     0.25     0.00     0.00     0.13     0.13     0.13     0.00     0.00     0.00
06/30/1977_24:00     0.22     0.22     0.22     0.00     0.00     0.11     0.11     0.11     0.00     0.00     0.00
07/31/1977_24:00     0.22     0.22     0.22     0.00     0.00     0.11     0.11     0.11     0.00     0.00     0.00
08/31/1977_24:00     0.16     0.16     0.16     0.00     0.00     0.08     0.08     0.08     0.00     0.00     0.00
09/30/1977_24:00     0.03     0.03     0.03     0.00     0.00     0.02     0.02     0.02     0.00     0.00     0.00
10/31/1977_24:00     0.27     0.27     0.00     0.00     0.00     0.14     0.14     0.00     0.00     0.00     0.00
11/30/1977_24:00     0.13     0.13     0.00     0.00     0.00     0.07     0.07     0.00     0.00     0.00     0.00
12/31/1977_24:00     0.10     0.10     0.00     0.00     0.00     0.05     0.05     0.00     0.00     0.00     0.00
01/31/1978_24:00     0.09     0.09     0.00     0.00     0.00     0.05     0.05     0.00     0.00     0.00     0.00
02/28/1978_24:00     0.02     0.02     0.00     0.00     0.00     0.01     0.01     0.00     0.00     0.00     0.00
03/31/1978_24:00     0.00     0.00     0.00     0.00     0.00     0.00     0.00     0.00     0.00     0.00     0.00
04/30/1978_24:00     0.05     0.05     0.06     0.00     0.00     0.02     0.02     0.03     0.00     0.00     0.00
05/31/1978_24:00     0.26     0.26     0.26     0.00     0.00     0.14     0.14     0.14     0.00     0.00     0.00
06/30/1978_24:00     0.20     0.20     0.20     0.00     0.00     0.10     0.10     0.10     0.00     0.00     0.00
07/31/1978_24:00     0.22     0.22     0.22     0.00     0.00     0.11     0.11     0.11     0.00     0.00     0.00
08/31/1978_24:00     0.17     0.17     0.17     0.00     0.00     0.09     0.09     0.09     0.00     0.00     0.00
09/30/1978_24:00     0.03     0.03     0.03     0.00     0.00     0.02     0.02     0.02     0.00     0.00     0.00
10/31/1978_24:00     0.29     0.29     0.00     0.00     0.00     0.15     0.15     0.00     0.00     0.00     0.00
11/30/1978_24:00     0.13     0.13     0.00     0.00     0.00     0.07     0.07     0.00     0.00     0.00     0.00
12/31/1978_24:00     0.10     0.10     0.00     0.00     0.00     0.05     0.05     0.00     0.00     0.00     0.00
01/31/1979_24:00     0.10     0.10     0.00     0.00     0.00     0.05     0.05     0.00     0.00     0.00     0.00
02/28/1979_24:00     0.02     0.02     0.00     0.00     0.00     0.01     0.01     0.00     0.00     0.00     0.00
03/31/1979_24:00     0.00     0.00     0.00     0.00     0.00     0.00     0.00     0.00     0.00     0.00     0.00
04/30/1979_24:00     0.07     0.07     0.07     0.00     0.00     0.03     0.03     0.03     0.00     0.00     0.00
05/31/1979_24:00     0.28     0.28     0.28     0.00     0.00     0.14     0.14     0.14     0.00     0.00     0.00
06/30/1979_24:00     0.22     0.22     0.22     0.00     0.00     0.11     0.11     0.11     0.00     0.00     0.00
07/31/1979_24:00     0.22     0.22     0.22     0.00     0.00     0.11     0.11     0.11     0.00     0.00     0.00
08/31/1979_24:00     0.16     0.16     0.16     0.00     0.00     0.08     0.08     0.08     0.00     0.00     0.00
09/30/1979_24:00     0.03     0.03     0.03     0.00     0.00     0.02     0.02     0.02     0.00     0.00     0.00
10/31/1979_24:00     0.27     0.27     0.00     0.00     0.00     0.14     0.14     0.00     0.00     0.00     0.00
11/30/1979_24:00     0.13     0.13     0.00     0.00     0.00     0.07     0.07     0.00     0.00     0.00     0.00
12/31/1979_24:00     0.10     0.10     0.00     0.00     0.00     0.05     0.05     0.00     0.00     0.00     0.00
01/31/1980_24:00     0.13     0.13     0.00     0.00     0.00     0.07     0.07     0.00     0.00     0.00     0.00
02/29/1980_24:00     0.03     0.03     0.00     0.00     0.00     0.01     0.01     0.00     0.00     0.00     0.00
03/31/1980_24:00     0.00     0.00     0.00     0.00     0.00     0.00     0.00     0.00     0.00     0.00     0.00
04/30/1980_24:00     0.10     0.10     0.10     0.00     0.00     0.05     0.05     0.05     0.00     0.00     0.00
05/31/1980_24:00     0.27     0.27     0.27     0.00     0.00     0.14     0.14     0.14     0.00     0.00     0.00
06/30/1980_24:00     0.20     0.20     0.20     0.00     0.00     0.10     0.10     0.10     0.00     0.00     0.00
07/31/1980_24:00     0.22     0.22     0.22     0.00     0.00     0.11     0.11     0.11     0.00     0.00     0.00
08/31/1980_24:00     0.17     0.17     0.17     0.00     0.00     0.09     0.09     0.09     0.00     0.00     0.00
09/30/1980_24:00     0.03     0.03     0.03     0.00     0.00     0.02     0.02     0.02     0.00     0.00     0.00
10/31/1980_24:00     0.28     0.28     0.00     0.00     0.00     0.15     0.15     0.00     0.00     0.00     0.00
11/30/1980_24:00     0.13     0.13     0.00     0.00     0.00     0.07     0.07     0.00     0.00     0.00     0.00
12/31/1980_24:00     0.10     0.10     0.00     0.00     0.00     0.05     0.05     0.00     0.00     0.00     0.00
01/31/1981_24:00     0.13     0.13     0.00     0.00     0.00     0.07     0.07     0.00     0.00     0.00     0.00
02/28/1981_24:00     0.03     0.03     0.00     0.00     0.00     0.01     0.01     0.00     0.00     0.00     0.00
03/31/1981_24:00     0.00     0.00     0.00     0.00     0.00     0.00     0.00     0.00     0.00     0.00     0.00
04/30/1981_24:00     0.08     0.08     0.08     0.00     0.00     0.04     0.04     0.04     0.00     0.00     0.00
05/31/1981_24:00     0.26     0.26     0.26     0.00     0.00     0.14     0.14     0.14     0.00     0.00     0.00
06/30/1981_24:00     0.22     0.22     0.22     0.00     0.00     0.11     0.11     0.11     0.00     0.00     0.00
07/31/1981_24:00     0.23     0.23     0.23     0.00     0.00     0.12     0.12     0.12     0.00     0.00     0.00
08/31/1981_24:00     0.17     0.17     0.17     0.00     0.00     0.09     0.09     0.09     0.00     0.00     0.00
09/30/1981_24:00     0.03     0.03     0.03     0.00     0.00     0.02     0.02     0.02     0.00     0.00     0.00
10/31/1981_24:00     0.25     0.25     0.00     0.00     0.00     0.13     0.13     0.00     0.00     0.00     0.00
11/30/1981_24:00     0.13     0.13     0.00     0.00     0.00     0.07     0.07     0.00     0.00     0.00     0.00
12/31/1981_24:00     0.10     0.10     0.00     0.00     0.00     0.05     0.05     0.00     0.00     0.00     0.00
01/31/1982_24:00     0.13     0.13     0.00     0.00     0.00     0.07     0.07     0.00     0.00     0.00     0.00
02/28/1982_24:00     0.03     0.03     0.00     0.00     0.00     0.01     0.01     0.00     0.00     0.00     0.00
03/31/1982_24:00     0.00     0.00     0.00     0.00     0.00     0.00     0.00     0.00     0.00     0.00     0.00
04/30/1982_24:00     0.07     0.07     0.07     0.00     0.00     0.03     0.03     0.03     0.00     0.00     0.00
05/31/1982_24:00     0.26     0.26     0.26     0.00     0.00     0.14     0.14     0.14     0.00     0.00     0.00
06/30/1982_24:00     0.20     0.20     0.20     0.00     0.00     0.10     0.10     0.10     0.00     0.00     0.00
07/31/1982_24:00     0.22     0.22     0.22     0.00     0.00     0.11     0.11     0.11     0.00     0.00     0.00
08/31/1982_24:00     0.16     0.16     0.17     0.00     0.00     0.08     0.08     0.08     0.00     0.00     0.00
09/30/1982_24:00     0.03     0.03     0.03     0.00     0.00     0.02     0.02     0.02     0.00     0.00     0.00
10/31/1982_24:00     0.24     0.24     0.00     0.00     0.00     0.13     0.13     0.00     0.00     0.00     0.00
11/30/1982_24:00     0.13     0.13     0.00     0.00     0.00     0.07     0.07     0.00     0.00     0.00     0.00
12/31/1982_24:00     0.10     0.10     0.00     0.00     0.00     0.05     0.05     0.00     0.00     0.00     0.00
01/31/1983_24:00     0.13     0.13     0.00     0.00     0.00     0.07     0.07     0.00     0.00     0.00     0.00
02/28/1983_24:00     0.03     0.03     0.00     0.00     0.00     0.02     0.02     0.00     0.00     0.00     0.00
03/31/1983_24:00     0.00     0.00     0.00     0.00     0.00     0.00     0.00     0.00     0.00     0.00     0.00
04/30/1983_24:00     0.04     0.04     0.04     0.00     0.00     0.02     0.02     0.02     0.00     0.00     0.00
05/31/1983_24:00     0.25     0.25     0.25     0.00     0.00     0.13     0.13     0.13     0.00     0.00     0.00
06/30/1983_24:00     0.22     0.22     0.22     0.00     0.00     0.12     0.12     0.12     0.00     0.00     0.00
07/31/1983_24:00     0.25     0.25     0.25     0.00     0.00     0.13     0.13     0.13     0.00     0.00     0.00
08/31/1983_24:00     0.18     0.18     0.18     0.00     0.00     0.09     0.09     0.09     0.00     0.00     0.00
09/30/1983_24:00     0.03     0.03     0.03     0.00     0.00     0.02     0.02     0.02     0.00     0.00     0.00
10/31/1983_24:00     0.26     0.26     0.00     0.00     0.00     0.14     0.14     0.00     0.00     0.00     0.00
11/30/1983_24:00     0.13     0.13     0.00     0.00     0.00     0.07     0.07     0.00     0.00     0.00     0.00
12/31/1983_24:00     0.09     0.09     0.00     0.00     0.00     0.05     0.05     0.00     0.00     0.00     0.00
01/31/1984_24:00     0.13     0.13     0.00     0.00     0.00     0.07     0.07     0.00     0.00     0.00     0.00
02/29/1984_24:00     0.02     0.02     0.00     0.00     0.00     0.01     0.01     0.00     0.00     0.00     0.00
03/31/1984_24:00     0.00     0.00     0.00     0.00     0.00     0.00     0.00     0.00     0.00     0.00     0.00
04/30/1984_24:00     0.09     0.09     0.10     0.00     0.00     0.04     0.04     0.05     0.00     0.00     0.00
05/31/1984_24:00     0.27     0.27     0.27     0.00     0.00     0.14     0.14     0.14     0.00     0.00     0.00
06/30/1984_24:00     0.22     0.22     0.22     0.00     0.00     0.11     0.11     0.11     0.00     0.00     0.00
07/31/1984_24:00     0.23     0.23     0.23     0.00     0.00     0.12     0.12     0.12     0.00     0.00     0.00
08/31/1984_24:00     0.17     0.17     0.17     0.00     0.00     0.09     0.09     0.09     0.00     0.00     0.00
09/30/1984_24:00     0.03     0.03     0.03     0.00     0.00     0.02     0.02     0.02     0.00     0.00     0.00
10/31/1984_24:00     0.26     0.26     0.00     0.00     0.00     0.14     0.14     0.00     0.00     0.00     0.00
11/30/1984_24:00     0.12     0.12     0.00     0.00     0.00     0.06     0.06     0.00     0.00     0.00     0.00
12/31/1984_24:00     0.10     0.10     0.00     0.00     0.00     0.05     0.05     0.00     0.00     0.00     0.00
01/31/1985_24:00     0.12     0.12     0.00     0.00     0.00     0.06     0.06     0.00     0.00     0.00     0.00
02/28/1985_24:00     0.02     0.02     0.00     0.00     0.00     0.01     0.01     0.00     0.00     0.00     0.00
03/31/1985_24:00     0.00     0.00     0.00     0.00     0.00     0.00     0.00     0.00     0.00     0.00     0.00
04/30/1985_24:00     0.10     0.10     0.11     0.00     0.00     0.05     0.05     0.05     0.00     0.00     0.00
05/31/1985_24:00     0.26     0.26     0.26     0.00     0.00     0.13     0.13     0.13     0.00     0.00     0.00
06/30/1985_24:00     0.24     0.24     0.24     0.00     0.00     0.12     0.12     0.12     0.00     0.00     0.00
07/31/1985_24:00     0.24     0.24     0.24     0.00     0.00     0.12     0.12     0.12     0.00     0.00     0.00
08/31/1985_24:00     0.18     0.18     0.18     0.00     0.00     0.09     0.09     0.09     0.00     0.00     0.00
09/30/1985_24:00     0.03     0.03     0.03     0.00     0.00     0.02     0.02     0.02     0.00     0.00     0.00
10/31/1985_24:00     0.25     0.25     0.00     0.00     0.00     0.13     0.13     0.00     0.00     0.00     0.00
11/30/1985_24:00     0.13     0.13     0.00     0.00     0.00     0.07     0.07     0.00     0.00     0.00     0.00
12/31/1985_24:00     0.09     0.09     0.00     0.00     0.00     0.05     0.05     0.00     0.00     0.00     0.00
01/31/1986_24:00     0.12     0.12     0.00     0.00     0.00     0.06     0.06     0.00     0.00     0.00     0.00
02/28/1986_24:00     0.02     0.02     0.00     0.00     0.00     0.01     0.01     0.00     0.00     0.00     0.00
03/31/1986_24:00     0.00     0.00     0.00     0.00     0.00     0.00     0.00     0.00     0.00     0.00     0.00
04/30/1986_24:00     0.06     0.06     0.06     0.00     0.00     0.03     0.03     0.03     0.00     0.00     0.00
05/31/1986_24:00     0.26     0.26     0.26     0.00     0.00     0.13     0.13     0.13     0.00     0.00     0.00
06/30/1986_24:00     0.22     0.22     0.22     0.00     0.00     0.11     0.11     0.11     0.00     0.00     0.00
07/31/1986_24:00     0.24     0.24     0.24     0.00     0.00     0.12     0.12     0.12     0.00     0.00     0.00
08/31/1986_24:00     0.18     0.18     0.18     0.00     0.00     0.09     0.09     0.09     0.00     0.00     0.00
09/30/1986_24:00     0.03     0.03     0.03     0.00     0.00     0.01     0.01     0.01     0.00     0.00     0.00
10/31/1986_24:00     0.24     0.24     0.00     0.00     0.00     0.13     0.13     0.00     0.00     0.00     0.00
11/30/1986_24:00     0.15     0.15     0.00     0.00     0.00     0.08     0.08     0.00     0.00     0.00     0.00
12/31/1986_24:00     0.10     0.10     0.00     0.00     0.00     0.05     0.05     0.00     0.00     0.00     0.00
01/31/1987_24:00     0.16     0.16     0.00     0.00     0.00     0.09     0.09     0.00     0.00     0.00     0.00
02/28/1987_24:00     0.02     0.02     0.00     0.00     0.00     0.01     0.01     0.00     0.00     0.00     0.00
03/31/1987_24:00     0.00     0.00     0.00     0.00     0.00     0.00     0.00     0.00     0.00     0.00     0.00
04/30/1987_24:00     0.10     0.10     0.10     0.00     0.00     0.05     0.05     0.05     0.00     0.00     0.00
05/31/1987_24:00     0.25     0.25     0.25     0.00     0.00     0.13     0.13     0.13     0.00     0.00     0.00
06/30/1987_24:00     0.22     0.22     0.22     0.00     0.00     0.11     0.11     0.11     0.00     0.00     0.00
07/31/1987_24:00     0.23     0.23     0.23     0.00     0.00     0.12     0.12     0.12     0.00     0.00     0.00
08/31/1987_24:00     0.18     0.18     0.18     0.00     0.00     0.09     0.09     0.09     0.00     0.00     0.00
09/30/1987_24:00     0.13     0.13     0.02     0.00     0.00     0.07     0.07     0.01     0.00     0.00     0.00
10/31/1987_24:00     0.17     0.17     0.00     0.00     0.00     0.09     0.09     0.00     0.00     0.00     0.00
11/30/1987_24:00     0.13     0.13     0.00     0.00     0.00     0.07     0.07     0.00     0.00     0.00     0.00
12/31/1987_24:00     0.11     0.11     0.00     0.00     0.00     0.05     0.05     0.00     0.00     0.00     0.00
01/31/1988_24:00     0.16     0.16     0.00     0.00     0.00     0.09     0.09     0.00     0.00     0.00     0.00
02/29/1988_24:00     0.03     0.03     0.00     0.00     0.00     0.02     0.02     0.00     0.00     0.00     0.00
03/31/1988_24:00     0.00     0.00     0.00     0.00     0.00     0.00     0.00     0.00     0.00     0.00     0.00
04/30/1988_24:00     0.08     0.08     0.08     0.00     0.00     0.04     0.04     0.04     0.00     0.00     0.00
05/31/1988_24:00     0.23     0.23     0.23     0.00     0.00     0.12     0.12     0.12     0.00     0.00     0.00
06/30/1988_24:00     0.23     0.23     0.23     0.00     0.00     0.12     0.12     0.12     0.00     0.00     0.00
07/31/1988_24:00     0.24     0.24     0.24     0.00     0.00     0.13     0.13     0.13     0.00     0.00     0.00
08/31/1988_24:00     0.17     0.17     0.17     0.00     0.00     0.09     0.09     0.09     0.00     0.00     0.00
09/30/1988_24:00     0.02     0.02     0.02     0.00     0.00     0.01     0.01     0.01     0.00     0.00     0.00
10/31/1988_24:00     0.26     0.26     0.00     0.00     0.00     0.13     0.13     0.00     0.00     0.00     0.00
11/30/1988_24:00     0.12     0.12     0.00     0.00     0.00     0.06     0.06     0.00     0.00     0.00     0.00
12/31/1988_24:00     0.09     0.09     0.00     0.00     0.00     0.04     0.04     0.00     0.00     0.00     0.00
01/31/1989_24:00     0.03     0.03     0.00     0.00     0.00     0.01     0.01     0.00     0.00     0.00     0.00
02/28/1989_24:00     0.00     0.00     0.00     0.00     0.00     0.00     0.00     0.00     0.00     0.00     0.00
03/31/1989_24:00     0.00     0.00     0.00     0.00     0.00     0.00     0.00     0.00     0.00     0.00     0.00
04/30/1989_24:00     0.01     0.01     0.01     0.00     0.00     0.00     0.00     0.00     0.00     0.00     0.00
05/31/1989_24:00     0.28     0.28     0.28     0.00     0.00     0.14     0.14     0.14     0.00     0.00     0.00
06/30/1989_24:00     0.20     0.20     0.20     0.00     0.00     0.10     0.10     0.10     0.00     0.00     0.00
07/31/1989_24:00     0.23     0.23     0.23     0.00     0.00     0.12     0.12     0.12     0.00     0.00     0.00
08/31/1989_24:00     0.16     0.16     0.16     0.00     0.00     0.09     0.09     0.09     0.00     0.00     0.00
09/30/1989_24:00     0.04     0.04     0.04     0.00     0.00     0.02     0.02     0.02     0.00     0.00     0.00
10/31/1989_24:00     0.21     0.21     0.00     0.00     0.00     0.11     0.11     0.00     0.00     0.00     0.00
11/30/1989_24:00     0.13     0.13     0.00     0.00     0.00     0.07     0.07     0.00     0.00     0.00     0.00
12/31/1989_24:00     0.10     0.10     0.00     0.00     0.00     0.05     0.05     0.00     0.00     0.00     0.00
01/31/1990_24:00     0.15     0.15     0.00     0.00     0.00     0.08     0.08     0.00     0.00     0.00     0.00
02/28/1990_24:00     0.03     0.03     0.00     0.00     0.00     0.02     0.02     0.00     0.00     0.00     0.00
03/31/1990_24:00     0.00     0.00     0.00     0.00     0.00     0.00     0.00     0.00     0.00     0.00     0.00
04/30/1990_24:00     0.11     0.11     0.12     0.00     0.00     0.06     0.06     0.06     0.00     0.00     0.00
05/31/1990_24:00     0.20     0.20     0.20     0.00     0.00     0.10     0.10     0.10     0.00     0.00     0.00
06/30/1990_24:00     0.22     0.22     0.22     0.00     0.00     0.12     0.12     0.12     0.00     0.00     0.00
07/31/1990_24:00     0.24     0.24     0.24     0.00     0.00     0.12     0.12     0.12     0.00     0.00     0.00
08/31/1990_24:00     0.17     0.17     0.17     0.00     0.00     0.09     0.09     0.09     0.00     0.00     0.00
09/30/1990_24:00     0.02     0.02     0.02     0.00     0.00     0.01     0.01     0.01     0.00     0.00     0.00
10/31/1990_24:00     0.24     0.24     0.00     0.00     0.00     0.13     0.13     0.00     0.00     0.00     0.00
11/30/1990_24:00     0.14     0.14     0.00     0.00     0.00     0.07     0.07     0.00     0.00     0.00     0.00
12/31/1990_24:00     0.10     0.10     0.00     0.00     0.00     0.05     0.05     0.00     0.00     0.00     0.00
01/31/1991_24:00     0.11     0.11     0.00     0.00     0.00     0.06     0.06     0.00     0.00     0.00     0.00
02/28/1991_24:00     0.03     0.03     0.00     0.00     0.00     0.01     0.01     0.00     0.00     0.00     0.00
03/31/1991_24:00     0.00     0.00     0.00     0.00     0.00     0.00     0.00     0.00     0.00     0.00     0.00
04/30/1991_24:00     0.01     0.01     0.01     0.00     0.00     0.00     0.00     0.00     0.00     0.00     0.00
05/31/1991_24:00     0.25     0.25     0.25     0.00     0.00     0.13     0.13     0.13     0.00     0.00     0.00
06/30/1991_24:00     0.20     0.20     0.20     0.00     0.00     0.10     0.10     0.10     0.00     0.00     0.00
07/31/1991_24:00     0.23     0.23     0.23     0.00     0.00     0.12     0.12     0.12     0.00     0.00     0.00
08/31/1991_24:00     0.17     0.17     0.17     0.00     0.00     0.09     0.09     0.09     0.00     0.00     0.00
09/30/1991_24:00     0.02     0.02     0.02     0.00     0.00     0.01     0.01     0.01     0.00     0.00     0.00
10/31/1991_24:00     0.21     0.21     0.00     0.00     0.00     0.11     0.11     0.00     0.00     0.00     0.00
11/30/1991_24:00     0.14     0.14     0.00     0.00     0.00     0.07     0.07     0.00     0.00     0.00     0.00
12/31/1991_24:00     0.09     0.09     0.00     0.00     0.00     0.04     0.04     0.00     0.00     0.00     0.00
01/31/1992_24:00     0.03     0.03     0.00     0.00     0.00     0.02     0.02     0.00     0.00     0.00     0.00
02/29/1992_24:00     0.00     0.00     0.00     0.00     0.00     0.00     0.00     0.00     0.00     0.00     0.00
03/31/1992_24:00     0.00     0.00     0.00     0.00     0.00     0.00     0.00     0.00     0.00     0.00     0.00
04/30/1992_24:00     0.05     0.05     0.01     0.00     0.00     0.02     0.02     0.00     0.00     0.00     0.00
05/31/1992_24:00     0.21     0.21     0.24     0.00     0.00     0.11     0.11     0.13     0.00     0.00     0.00
06/30/1992_24:00     0.23     0.23     0.23     0.00     0.00     0.12     0.12     0.12     0.00     0.00     0.00
07/31/1992_24:00     0.23     0.23     0.23     0.00     0.00     0.12     0.12     0.12     0.00     0.00     0.00
08/31/1992_24:00     0.16     0.16     0.16     0.00     0.00     0.08     0.08     0.08     0.00     0.00     0.00
09/30/1992_24:00     0.14     0.14     0.02     0.00     0.00     0.07     0.07     0.01     0.00     0.00     0.00
10/31/1992_24:00     0.15     0.15     0.00     0.00     0.00     0.08     0.08     0.00     0.00     0.00     0.00
11/30/1992_24:00     0.13     0.13     0.00     0.00     0.00     0.07     0.07     0.00     0.00     0.00     0.00
12/31/1992_24:00     0.10     0.10     0.00     0.00     0.00     0.05     0.05     0.00     0.00     0.00     0.00
01/31/1993_24:00     0.10     0.10     0.00     0.00     0.00     0.05     0.05     0.00     0.00     0.00     0.00
02/28/1993_24:00     0.03     0.03     0.00     0.00     0.00     0.01     0.01     0.00     0.00     0.00     0.00
03/31/1993_24:00     0.00     0.00     0.00     0.00     0.00     0.00     0.00     0.00     0.00     0.00     0.00
04/30/1993_24:00     0.01     0.01     0.01     0.00     0.00     0.00     0.00     0.00     0.00     0.00     0.00
05/31/1993_24:00     0.21     0.21     0.21     0.00     0.00     0.11     0.11     0.11     0.00     0.00     0.00
06/30/1993_24:00     0.22     0.22     0.22     0.00     0.00     0.11     0.11     0.11     0.00     0.00     0.00
07/31/1993_24:00     0.22     0.22     0.22     0.00     0.00     0.12     0.12     0.11     0.00     0.00     0.00
08/31/1993_24:00     0.18     0.18     0.18     0.00     0.00     0.09     0.09     0.09     0.00     0.00     0.00
09/30/1993_24:00     0.16     0.16     0.03     0.00     0.00     0.08     0.08     0.02     0.00     0.00     0.00
10/31/1993_24:00     0.12     0.12     0.00     0.00     0.00     0.06     0.06     0.00     0.00     0.00     0.00
11/30/1993_24:00     0.13     0.13     0.00     0.00     0.00     0.06     0.06     0.00     0.00     0.00     0.00
12/31/1993_24:00     0.09     0.09     0.00     0.00     0.00     0.05     0.05     0.00     0.00     0.00     0.00
01/31/1994_24:00     0.10     0.10     0.00     0.00     0.00     0.05     0.05     0.00     0.00     0.00     0.00
02/28/1994_24:00     0.02     0.02     0.00     0.00     0.00     0.01     0.01     0.00     0.00     0.00     0.00
03/31/1994_24:00     0.00     0.00     0.00     0.00     0.00     0.00     0.00     0.00     0.00     0.00     0.00
04/30/1994_24:00     0.10     0.10     0.01     0.00     0.00     0.05     0.05     0.00     0.00     0.00     0.00
05/31/1994_24:00     0.18     0.18     0.24     0.00     0.00     0.09     0.09     0.12     0.00     0.00     0.00
06/30/1994_24:00     0.20     0.20     0.21     0.00     0.00     0.10     0.10     0.11     0.00     0.00     0.00
07/31/1994_24:00     0.21     0.21     0.21     0.00     0.00     0.11     0.11     0.11     0.00     0.00     0.00
08/31/1994_24:00     0.13     0.13     0.17     0.00     0.00     0.07     0.07     0.09     0.00     0.00     0.00
09/30/1994_24:00     0.02     0.02     0.03     0.00     0.00     0.01     0.01     0.01     0.00     0.00     0.00
10/31/1994_24:00     0.23     0.23     0.00     0.00     0.00     0.12     0.12     0.00     0.00     0.00     0.00
11/30/1994_24:00     0.12     0.12     0.00     0.00     0.00     0.06     0.06     0.00     0.00     0.00     0.00
12/31/1994_24:00     0.08     0.08     0.00     0.00     0.00     0.04     0.04     0.00     0.00     0.00     0.00
01/31/1995_24:00     0.09     0.09     0.00     0.00     0.00     0.05     0.05     0.00     0.00     0.00     0.00
02/28/1995_24:00     0.02     0.02     0.00     0.00     0.00     0.01     0.01     0.00     0.00     0.00     0.00
03/31/1995_24:00     0.00     0.00     0.00     0.00     0.00     0.00     0.00     0.00     0.00     0.00     0.00
04/30/1995_24:00     0.01     0.01     0.01     0.00     0.00     0.00     0.00     0.00     0.00     0.00     0.00
05/31/1995_24:00     0.15     0.15     0.16     0.00     0.00     0.08     0.08     0.08     0.00     0.00     0.00
06/30/1995_24:00     0.24     0.24     0.24     0.00     0.00     0.12     0.12     0.12     0.00     0.00     0.00
07/31/1995_24:00     0.22     0.22     0.22     0.00     0.00     0.11     0.11     0.11     0.00     0.00     0.00
08/31/1995_24:00     0.18     0.18     0.18     0.00     0.00     0.09     0.09     0.09     0.00     0.00     0.00
09/30/1995_24:00     0.05     0.05     0.05     0.00     0.00     0.03     0.03     0.03     0.00     0.00     0.00
10/31/1995_24:00     0.20     0.20     0.00     0.00     0.00     0.11     0.11     0.00     0.00     0.00     0.00
11/30/1995_24:00     0.13     0.13     0.00     0.00     0.00     0.06     0.06     0.00     0.00     0.00     0.00
12/31/1995_24:00     0.09     0.09     0.00     0.00     0.00     0.05     0.05     0.00     0.00     0.00     0.00
01/31/1996_24:00     0.11     0.11     0.00     0.00     0.00     0.06     0.06     0.00     0.00     0.00     0.00
02/29/1996_24:00     0.02     0.02     0.00     0.00     0.00     0.01     0.01     0.00     0.00     0.00     0.00
03/31/1996_24:00     0.00     0.00     0.00     0.00     0.00     0.00     0.00     0.00     0.00     0.00     0.00
04/30/1996_24:00     0.05     0.05     0.01     0.00     0.00     0.03     0.03     0.01     0.00     0.00     0.00
05/31/1996_24:00     0.19     0.19     0.24     0.00     0.00     0.10     0.10     0.12     0.00     0.00     0.00
06/30/1996_24:00     0.21     0.21     0.21     0.00     0.00     0.11     0.11     0.11     0.00     0.00     0.00
07/31/1996_24:00     0.23     0.23     0.23     0.00     0.00     0.12     0.12     0.12     0.00     0.00     0.00
08/31/1996_24:00     0.17     0.17     0.17     0.00     0.00     0.09     0.09     0.09     0.00     0.00     0.00
09/30/1996_24:00     0.03     0.03     0.03     0.00     0.00     0.01     0.01     0.02     0.00     0.00     0.00
10/31/1996_24:00     0.22     0.22     0.00     0.00     0.00     0.12     0.12     0.00     0.00     0.00     0.00
11/30/1996_24:00     0.12     0.12     0.00     0.00     0.00     0.06     0.06     0.00     0.00     0.00     0.00
12/31/1996_24:00     0.09     0.09     0.00     0.00     0.00     0.05     0.05     0.00     0.00     0.00     0.00
01/31/1997_24:00     0.08     0.08     0.00     0.00     0.00     0.04     0.04     0.00     0.00     0.00     0.00
02/28/1997_24:00     0.03     0.03     0.00     0.00     0.00     0.01     0.01     0.00     0.00     0.00     0.00
03/31/1997_24:00     0.00     0.00     0.00     0.00     0.00     0.00     0.00     0.00     0.00     0.00     0.00
04/30/1997_24:00     0.10     0.10     0.11     0.00     0.00     0.05     0.05     0.06     0.00     0.00     0.00
05/31/1997_24:00     0.21     0.21     0.21     0.00     0.00     0.11     0.11     0.11     0.00     0.00     0.00
06/30/1997_24:00     0.21     0.21     0.21     0.00     0.00     0.11     0.11     0.11     0.00     0.00     0.00
07/31/1997_24:00     0.23     0.23     0.23     0.00     0.00     0.12     0.12     0.12     0.00     0.00     0.00
08/31/1997_24:00     0.14     0.14     0.14     0.00     0.00     0.07     0.07     0.07     0.00     0.00     0.00
09/30/1997_24:00     0.02     0.02     0.02     0.00     0.00     0.01     0.01     0.01     0.00     0.00     0.00
10/31/1997_24:00     0.19     0.19     0.00     0.00     0.00     0.10     0.10     0.00     0.00     0.00     0.00
11/30/1997_24:00     0.14     0.14     0.00     0.00     0.00     0.07     0.07     0.00     0.00     0.00     0.00
12/31/1997_24:00     0.10     0.10     0.00     0.00     0.00     0.05     0.05     0.00     0.00     0.00     0.00
01/31/1998_24:00     0.10     0.10     0.00     0.00     0.00     0.05     0.05     0.00     0.00     0.00     0.00
02/28/1998_24:00     0.02     0.02     0.00     0.00     0.00     0.01     0.01     0.00     0.00     0.00     0.00
03/31/1998_24:00     0.00     0.00     0.00     0.00     0.00     0.00     0.00     0.00     0.00     0.00     0.00
04/30/1998_24:00     0.01     0.01     0.01     0.00     0.00     0.00     0.00     0.00     0.00     0.00     0.00
05/31/1998_24:00     0.16     0.16     0.16     0.00     0.00     0.08     0.08     0.08     0.00     0.00     0.00
06/30/1998_24:00     0.21     0.21     0.21     0.00     0.00     0.11     0.11     0.11     0.00     0.00     0.00
07/31/1998_24:00     0.22     0.22     0.22     0.00     0.00     0.11     0.11     0.11     0.00     0.00     0.00
08/31/1998_24:00     0.18     0.18     0.18     0.00     0.00     0.09     0.09     0.09     0.00     0.00     0.00
09/30/1998_24:00     0.03     0.03     0.03     0.00     0.00     0.02     0.02     0.02     0.00     0.00     0.00
10/31/1998_24:00     0.21     0.21     0.00     0.00     0.00     0.11     0.11     0.00     0.00     0.00     0.00
11/30/1998_24:00     0.12     0.12     0.00     0.00     0.00     0.06     0.06     0.00     0.00     0.00     0.00
12/31/1998_24:00     0.10     0.10     0.00     0.00     0.00     0.05     0.05     0.00     0.00     0.00     0.00
01/31/1999_24:00     0.10     0.10     0.00     0.00     0.00     0.05     0.05     0.00     0.00     0.00     0.00
02/28/1999_24:00     0.02     0.02     0.00     0.00     0.00     0.01     0.01     0.00     0.00     0.00     0.00
03/31/1999_24:00     0.00     0.00     0.00     0.00     0.00     0.00     0.00     0.00     0.00     0.00     0.00
04/30/1999_24:00     0.07     0.07     0.07     0.00     0.00     0.04     0.04     0.04     0.00     0.00     0.00
05/31/1999_24:00     0.21     0.21     0.21     0.00     0.00     0.11     0.11     0.11     0.00     0.00     0.00
06/30/1999_24:00     0.22     0.22     0.22     0.00     0.00     0.11     0.11     0.11     0.00     0.00     0.00
07/31/1999_24:00     0.23     0.23     0.23     0.00     0.00     0.12     0.12     0.12     0.00     0.00     0.00
08/31/1999_24:00     0.17     0.17     0.17     0.00     0.00     0.09     0.09     0.09     0.00     0.00     0.00
09/30/1999_24:00     0.03     0.03     0.03     0.00     0.00     0.02     0.02     0.02     0.00     0.00     0.00
10/31/1999_24:00     0.24     0.24     0.00     0.00     0.00     0.13     0.13     0.00     0.00     0.00     0.00
11/30/1999_24:00     0.13     0.13     0.00     0.00     0.00     0.07     0.07     0.00     0.00     0.00     0.00
12/31/1999_24:00     0.11     0.11     0.00     0.00     0.00     0.06     0.06     0.00     0.00     0.00     0.00
01/31/2000_24:00     0.13     0.13     0.00     0.00     0.00     0.07     0.07     0.00     0.00     0.00     0.00
02/29/2000_24:00     0.02     0.02     0.00     0.00     0.00     0.01     0.01     0.00     0.00     0.00     0.00
03/31/2000_24:00     0.00     0.00     0.00     0.00     0.00     0.00     0.00     0.00     0.00     0.00     0.00
04/30/2000_24:00     0.07     0.07     0.06     0.00     0.00     0.04     0.04     0.04     0.00     0.00     0.00
05/31/2000_24:00     0.21     0.21     0.21     0.00     0.00     0.11     0.11     0.11     0.00     0.00     0.00
06/30/2000_24:00     0.22     0.22     0.23     0.00     0.00     0.12     0.12     0.12     0.00     0.00     0.00
07/31/2000_24:00     0.23     0.23     0.23     0.00     0.00     0.12     0.12     0.12     0.00     0.00     0.00
08/31/2000_24:00     0.17     0.17     0.18     0.00     0.00     0.09     0.09     0.09     0.00     0.00     0.00
09/30/2000_24:00     0.02     0.02     0.02     0.00     0.00     0.01     0.01     0.01     0.00     0.00     0.00
10/31/2000_24:00     0.23     0.23     0.00     0.00     0.00     0.12     0.12     0.00     0.00     0.00     0.00
11/30/2000_24:00     0.12     0.12     0.00     0.00     0.00     0.06     0.06     0.00     0.00     0.00     0.00
12/31/2000_24:00     0.10     0.10     0.00     0.00     0.00     0.05     0.05     0.00     0.00     0.00     0.00
01/31/2001_24:00     0.14     0.14     0.00     0.00     0.00     0.07     0.07     0.00     0.00     0.00     0.00
02/28/2001_24:00     0.03     0.03     0.00     0.00     0.00     0.02     0.02     0.00     0.00     0.00     0.00
03/31/2001_24:00     0.00     0.00     0.00     0.00     0.00     0.00     0.00     0.00     0.00     0.00     0.00
04/30/2001_24:00     0.07     0.07     0.07     0.00     0.00     0.04     0.04     0.04     0.00     0.00     0.00
05/31/2001_24:00     0.23     0.23     0.23     0.00     0.00     0.12     0.12     0.12     0.00     0.00     0.00
06/30/2001_24:00     0.22     0.22     0.22     0.00     0.00     0.12     0.12     0.12     0.00     0.00     0.00
07/31/2001_24:00     0.24     0.24     0.24     0.00     0.00     0.12     0.12     0.12     0.00     0.00     0.00
08/31/2001_24:00     0.18     0.18     0.18     0.00     0.00     0.09     0.09     0.09     0.00     0.00     0.00
09/30/2001_24:00     0.02     0.02     0.02     0.00     0.00     0.01     0.01     0.01     0.00     0.00     0.00
10/31/2001_24:00     0.24     0.24     0.00     0.00     0.00     0.12     0.12     0.00     0.00     0.00     0.00
11/30/2001_24:00     0.13     0.13     0.00     0.00     0.00     0.07     0.07     0.00     0.00     0.00     0.00
12/31/2001_24:00     0.10     0.10     0.00     0.00     0.00     0.05     0.05     0.00     0.00     0.00     0.00
01/31/2002_24:00     0.10     0.10     0.00     0.00     0.00     0.06     0.06     0.00     0.00     0.00     0.00
02/28/2002_24:00     0.03     0.03     0.00     0.00     0.00     0.02     0.02     0.00     0.00     0.00     0.00
03/31/2002_24:00     0.00     0.00     0.00     0.00     0.00     0.00     0.00     0.00     0.00     0.00     0.00
04/30/2002_24:00     0.09     0.09     0.10     0.00     0.00     0.05     0.05     0.05     0.00     0.00     0.00
05/31/2002_24:00     0.21     0.21     0.21     0.00     0.00     0.11     0.11     0.11     0.00     0.00     0.00
06/30/2002_24:00     0.23     0.23     0.23     0.00     0.00     0.12     0.12     0.12     0.00     0.00     0.00
07/31/2002_24:00     0.23     0.23     0.23     0.00     0.00     0.12     0.12     0.12     0.00     0.00     0.00
08/31/2002_24:00     0.15     0.15     0.15     0.00     0.00     0.08     0.08     0.08     0.00     0.00     0.00
09/30/2002_24:00     0.02     0.02     0.02     0.00     0.00     0.01     0.01     0.01     0.00     0.00     0.00
10/31/2002_24:00     0.22     0.22     0.00     0.00     0.00     0.11     0.11     0.00     0.00     0.00     0.00
11/30/2002_24:00     0.13     0.13     0.00     0.00     0.00     0.06     0.06     0.00     0.00     0.00     0.00
12/31/2002_24:00     0.10     0.10     0.00     0.00     0.00     0.05     0.05     0.00     0.00     0.00     0.00
01/31/2003_24:00     0.10     0.10     0.00     0.00     0.00     0.05     0.05     0.00     0.00     0.00     0.00
02/28/2003_24:00     0.03     0.03     0.00     0.00     0.00     0.02     0.02     0.00     0.00     0.00     0.00
03/31/2003_24:00     0.00     0.00     0.00     0.00     0.00     0.00     0.00     0.00     0.00     0.00     0.00
04/30/2003_24:00     0.01     0.01     0.01     0.00     0.00     0.01     0.01     0.01     0.00     0.00     0.00
05/31/2003_24:00     0.15     0.15     0.15     0.00     0.00     0.08     0.08     0.08     0.00     0.00     0.00
06/30/2003_24:00     0.26     0.26     0.26     0.00     0.00     0.14     0.14     0.14     0.00     0.00     0.00
07/31/2003_24:00     0.24     0.24     0.24     0.00     0.00     0.12     0.12     0.12     0.00     0.00     0.00
08/31/2003_24:00     0.17     0.17     0.17     0.00     0.00     0.09     0.09     0.09     0.00     0.00     0.00
09/30/2003_24:00     0.04     0.04     0.04     0.00     0.00     0.02     0.02     0.02     0.00     0.00     0.00
10/31/2003_24:00     0.20     0.20     0.00     0.00     0.00     0.11     0.11     0.00     0.00     0.00     0.00
11/30/2003_24:00     0.13     0.13     0.00     0.00     0.00     0.07     0.07     0.00     0.00     0.00     0.00
12/31/2003_24:00     0.09     0.09     0.00     0.00     0.00     0.05     0.05     0.00     0.00     0.00     0.00
01/31/2004_24:00     0.11     0.11     0.00     0.00     0.00     0.06     0.06     0.00     0.00     0.00     0.00
02/29/2004_24:00     0.03     0.03     0.00     0.00     0.00     0.01     0.01     0.00     0.00     0.00     0.00
03/31/2004_24:00     0.00     0.00     0.00     0.00     0.00     0.00     0.00     0.00     0.00     0.00     0.00
04/30/2004_24:00     0.12     0.12     0.12     0.00     0.00     0.07     0.07     0.06     0.00     0.00     0.00
05/31/2004_24:00     0.21     0.21     0.21     0.00     0.00     0.11     0.11     0.11     0.00     0.00     0.00
06/30/2004_24:00     0.21     0.21     0.21     0.00     0.00     0.11     0.11     0.11     0.00     0.00     0.00
07/31/2004_24:00     0.23     0.23     0.23     0.00     0.00     0.12     0.12     0.12     0.00     0.00     0.00
08/31/2004_24:00     0.06     0.06     0.06     0.00     0.00     0.03     0.03     0.04     0.00     0.00     0.00
09/30/2004_24:00     0.02     0.02     0.02     0.00     0.00     0.01     0.01     0.01     0.00     0.00     0.00
10/31/2004_24:00     0.25     0.25     0.00     0.00     0.00     0.13     0.13     0.00     0.00     0.00     0.00
11/30/2004_24:00     0.13     0.13     0.00     0.00     0.00     0.06     0.06     0.00     0.00     0.00     0.00
12/31/2004_24:00     0.10     0.10     0.00     0.00     0.00     0.05     0.05     0.00     0.00     0.00     0.00
01/31/2005_24:00     0.12     0.12     0.00     0.00     0.00     0.06     0.06     0.00     0.00     0.00     0.00
02/28/2005_24:00     0.03     0.03     0.00     0.00     0.00     0.02     0.02     0.00     0.00     0.00     0.00
03/31/2005_24:00     0.00     0.00     0.00     0.00     0.00     0.00     0.00     0.00     0.00     0.00     0.00
04/30/2005_24:00     0.06     0.06     0.06     0.00     0.00     0.03     0.03     0.03     0.00     0.00     0.00
05/31/2005_24:00     0.17     0.17     0.17     0.00     0.00     0.09     0.09     0.09     0.00     0.00     0.00
06/30/2005_24:00     0.22     0.22     0.22     0.00     0.00     0.12     0.12     0.12     0.00     0.00     0.00
07/31/2005_24:00     0.23     0.23     0.23     0.00     0.00     0.12     0.12     0.12     0.00     0.00     0.00
08/31/2005_24:00     0.18     0.18     0.18     0.00     0.00     0.09     0.09     0.09     0.00     0.00     0.00
09/30/2005_24:00     0.02     0.02     0.02     0.00     0.00     0.01     0.01     0.01     0.00     0.00     0.00
10/31/2005_24:00     0.17     0.17     0.00     0.00     0.00     0.09     0.09     0.00     0.00     0.00     0.00
11/30/2005_24:00     0.16     0.16     0.00     0.00     0.00     0.08     0.08     0.00     0.00     0.00     0.00
12/31/2005_24:00     0.09     0.09     0.00     0.00     0.00     0.05     0.05     0.00     0.00     0.00     0.00
01/31/2006_24:00     0.13     0.13     0.00     0.00     0.00     0.07     0.07     0.00     0.00     0.00     0.00
02/28/2006_24:00     0.03     0.03     0.00     0.00     0.00     0.02     0.02     0.00     0.00     0.00     0.00
03/31/2006_24:00     0.00     0.00     0.00     0.00     0.00     0.00     0.00     0.00     0.00     0.00     0.00
04/30/2006_24:00     0.01     0.01     0.01     0.00     0.00     0.01     0.01     0.01     0.00     0.00     0.00
05/31/2006_24:00     0.20     0.20     0.20     0.00     0.00     0.10     0.10     0.10     0.00     0.00     0.00
06/30/2006_24:00     0.22     0.22     0.22     0.00     0.00     0.11     0.11     0.11     0.00     0.00     0.00
07/31/2006_24:00     0.22     0.22     0.22     0.00     0.00     0.12     0.12     0.12     0.00     0.00     0.00
08/31/2006_24:00     0.17     0.17     0.17     0.00     0.00     0.08     0.08     0.09     0.00     0.00     0.00
09/30/2006_24:00     0.04     0.04     0.04     0.00     0.00     0.02     0.02     0.02     0.00     0.00     0.00
10/31/2006_24:00     0.20     0.20     0.00     0.00     0.00     0.11     0.11     0.00     0.00     0.00     0.00
11/30/2006_24:00     0.13     0.13     0.00     0.00     0.00     0.07     0.07     0.00     0.00     0.00     0.00
12/31/2006_24:00     0.10     0.10     0.00     0.00     0.00     0.05     0.05     0.00     0.00     0.00     0.00
01/31/2007_24:00     0.12     0.12     0.00     0.00     0.00     0.06     0.06     0.00     0.00     0.00     0.00
02/28/2007_24:00     0.03     0.03     0.00     0.00     0.00     0.01     0.01     0.00     0.00     0.00     0.00
03/31/2007_24:00     0.00     0.00     0.00     0.00     0.00     0.00     0.00     0.00     0.00     0.00     0.00
04/30/2007_24:00     0.10     0.10     0.12     0.00     0.00     0.06     0.06     0.06     0.00     0.00     0.00
05/31/2007_24:00     0.20     0.20     0.20     0.00     0.00     0.11     0.11     0.11     0.00     0.00     0.00
06/30/2007_24:00     0.22     0.22     0.22     0.00     0.00     0.12     0.12     0.12     0.00     0.00     0.00
07/31/2007_24:00     0.22     0.22     0.22     0.00     0.00     0.12     0.12     0.12     0.00     0.00     0.00
08/31/2007_24:00     0.18     0.18     0.18     0.00     0.00     0.09     0.09     0.09     0.00     0.00     0.00
09/30/2007_24:00     0.02     0.02     0.03     0.00     0.00     0.01     0.01     0.01     0.00     0.00     0.00
10/31/2007_24:00     0.19     0.19     0.00     0.00     0.00     0.10     0.10     0.00     0.00     0.00     0.00
11/30/2007_24:00     0.14     0.14     0.00     0.00     0.00     0.08     0.08     0.00     0.00     0.00     0.00
12/31/2007_24:00     0.10     0.10     0.00     0.00     0.00     0.05     0.05     0.00     0.00     0.00     0.00
01/31/2008_24:00     0.11     0.11     0.00     0.00     0.00     0.06     0.06     0.00     0.00     0.00     0.00
02/29/2008_24:00     0.03     0.03     0.00     0.00     0.00     0.02     0.02     0.00     0.00     0.00     0.00
03/31/2008_24:00     0.00     0.00     0.00     0.00     0.00     0.00     0.00     0.00     0.00     0.00     0.00
04/30/2008_24:00     0.13     0.13     0.13     0.00     0.00     0.07     0.07     0.07     0.00     0.00     0.00
05/31/2008_24:00     0.22     0.22     0.22     0.00     0.00     0.11     0.11     0.11     0.00     0.00     0.00
06/30/2008_24:00     0.22     0.22     0.22     0.00     0.00     0.11     0.11     0.11     0.00     0.00     0.00
07/31/2008_24:00     0.22     0.22     0.22     0.00     0.00     0.11     0.11     0.11     0.00     0.00     0.00
08/31/2008_24:00     0.17     0.17     0.17     0.00     0.00     0.09     0.09     0.09     0.00     0.00     0.00
09/30/2008_24:00     0.02     0.02     0.02     0.00     0.00     0.01     0.01     0.01     0.00     0.00     0.00
10/31/2008_24:00     0.22     0.22     0.00     0.00     0.00     0.11     0.11     0.00     0.00     0.00     0.00
11/30/2008_24:00     0.13     0.13     0.00     0.00     0.00     0.06     0.06     0.00     0.00     0.00     0.00
12/31/2008_24:00     0.10     0.10     0.00     0.00     0.00     0.05     0.05     0.00     0.00     0.00     0.00
01/31/2009_24:00     0.12     0.12     0.00     0.00     0.00     0.06     0.06     0.00     0.00     0.00     0.00
02/28/2009_24:00     0.03     0.03     0.00     0.00     0.00     0.01     0.01     0.00     0.00     0.00     0.00
03/31/2009_24:00     0.00     0.00     0.00     0.00     0.00     0.00     0.00     0.00     0.00     0.00     0.00
04/30/2009_24:00     0.10     0.10     0.10     0.00     0.00     0.05     0.05     0.06     0.00     0.00     0.00
05/31/2009_24:00     0.21     0.21     0.21     0.00     0.00     0.11     0.11     0.11     0.00     0.00     0.00
06/30/2009_24:00     0.22     0.22     0.21     0.00     0.00     0.11     0.11     0.11     0.00     0.00     0.00
07/31/2009_24:00     0.23     0.23     0.23     0.00     0.00     0.12     0.12     0.12     0.00     0.00     0.00
08/31/2009_24:00     0.16     0.16     0.16     0.00     0.00     0.09     0.09     0.09     0.00     0.00     0.00
09/30/2009_24:00     0.02     0.02     0.02     0.00     0.00     0.01     0.01     0.01     0.00     0.00     0.00
10/31/2009_24:00     0.19     0.19     0.00     0.00     0.00     0.10     0.10     0.00     0.00     0.00     0.00
11/30/2009_24:00     0.14     0.14     0.00     0.00     0.00     0.07     0.07     0.00     0.00     0.00     0.00
12/31/2009_24:00     0.10     0.10     0.00     0.00     0.00     0.05     0.05     0.00     0.00     0.00     0.00
01/31/2010_24:00     0.10     0.10     0.00     0.00     0.00     0.05     0.05     0.00     0.00     0.00     0.00
02/28/2010_24:00     0.02     0.02     0.00     0.00     0.00     0.01     0.01     0.00     0.00     0.00     0.00
03/31/2010_24:00     0.00     0.00     0.00     0.00     0.00     0.00     0.00     0.00     0.00     0.00     0.00
04/30/2010_24:00     0.01     0.01     0.01     0.00     0.00     0.01     0.01     0.01     0.00     0.00     0.00
05/31/2010_24:00     0.20     0.20     0.20     0.00     0.00     0.10     0.10     0.10     0.00     0.00     0.00
06/30/2010_24:00     0.22     0.22     0.22     0.00     0.00     0.11     0.11     0.11     0.00     0.00     0.00
07/31/2010_24:00     0.23     0.23     0.23     0.00     0.00     0.12     0.12     0.12     0.00     0.00     0.00
08/31/2010_24:00     0.17     0.17     0.18     0.00     0.00     0.09     0.09     0.09     0.00     0.00     0.00
09/30/2010_24:00     0.04     0.04     0.04     0.00     0.00     0.02     0.02     0.02     0.00     0.00     0.00
10/31/2010_24:00     0.11     0.11     0.00     0.00     0.00     0.06     0.06     0.00     0.00     0.00     0.00
11/30/2010_24:00     0.17     0.17     0.00     0.00     0.00     0.08     0.08     0.00     0.00     0.00     0.00
12/31/2010_24:00     0.10     0.10     0.00     0.00     0.00     0.05     0.05     0.00     0.00     0.00     0.00
01/31/2011_24:00     0.10     0.10     0.00     0.00     0.00     0.05     0.05     0.00     0.00     0.00     0.00
02/28/2011_24:00     0.03     0.03     0.00     0.00     0.00     0.02     0.02     0.00     0.00     0.00     0.00
03/31/2011_24:00     0.00     0.00     0.00     0.00     0.00     0.00     0.00     0.00     0.00     0.00     0.00
04/30/2011_24:00     0.05     0.05     0.05     0.00     0.00     0.03     0.03     0.03     0.00     0.00     0.00
05/31/2011_24:00     0.18     0.18     0.18     0.00     0.00     0.09     0.09     0.09     0.00     0.00     0.00
06/30/2011_24:00     0.20     0.20     0.20     0.00     0.00     0.11     0.11     0.11     0.00     0.00     0.00
07/31/2011_24:00     0.22     0.22     0.22     0.00     0.00     0.12     0.12     0.12     0.00     0.00     0.00
08/31/2011_24:00     0.17     0.17     0.17     0.00     0.00     0.09     0.09     0.09     0.00     0.00     0.00
09/30/2011_24:00     0.04     0.04     0.04     0.00     0.00     0.02     0.02     0.02     0.00     0.00     0.00
10/31/2011_24:00     0.12     0.12     0.00     0.00     0.00     0.06     0.06     0.00     0.00     0.00     0.00
11/30/2011_24:00     0.17     0.17     0.00     0.00     0.00     0.09     0.09     0.00     0.00     0.00     0.00
12/31/2011_24:00     0.11     0.11     0.00     0.00     0.00     0.06     0.06     0.00     0.00     0.00     0.00
01/31/2012_24:00     0.14     0.14     0.00     0.00     0.00     0.07     0.07     0.00     0.00     0.00     0.00
02/29/2012_24:00     0.03     0.03     0.00     0.00     0.00     0.02     0.02     0.00     0.00     0.00     0.00
03/31/2012_24:00     0.00     0.00     0.00     0.00     0.00     0.00     0.00     0.00     0.00     0.00     0.00
04/30/2012_24:00     0.01     0.01     0.01     0.00     0.00     0.01     0.01     0.01     0.00     0.00     0.00
05/31/2012_24:00     0.23     0.23     0.23     0.00     0.00     0.12     0.12     0.12     0.00     0.00     0.00
06/30/2012_24:00     0.22     0.22     0.22     0.00     0.00     0.11     0.11     0.11     0.00     0.00     0.00
07/31/2012_24:00     0.23     0.23     0.23     0.00     0.00     0.12     0.12     0.12     0.00     0.00     0.00
08/31/2012_24:00     0.18     0.18     0.18     0.00     0.00     0.09     0.09     0.09     0.00     0.00     0.00
09/30/2012_24:00     0.03     0.03     0.03     0.00     0.00     0.02     0.02     0.02     0.00     0.00     0.00
10/31/2012_24:00     0.14     0.14     0.00     0.00     0.00     0.07     0.07     0.00     0.00     0.00     0.00
11/30/2012_24:00     0.16     0.16     0.00     0.00     0.00     0.08     0.08     0.00     0.00     0.00     0.00
12/31/2012_24:00     0.10     0.10     0.00     0.00     0.00     0.05     0.05     0.00     0.00     0.00     0.00
01/31/2013_24:00     0.11     0.11     0.00     0.00     0.00     0.06     0.06     0.00     0.00     0.00     0.00
02/28/2013_24:00     0.03     0.03     0.00     0.00     0.00     0.02     0.02     0.00     0.00     0.00     0.00
03/31/2013_24:00     0.00     0.00     0.00     0.00     0.00     0.00     0.00     0.00     0.00     0.00     0.00
04/30/2013_24:00     0.03     0.03     0.03     0.00     0.00     0.01     0.01     0.01     0.00     0.00     0.00
05/31/2013_24:00     0.20     0.20     0.20     0.00     0.00     0.10     0.10     0.10     0.00     0.00     0.00
06/30/2013_24:00     0.22     0.22     0.22     0.00     0.00     0.11     0.11     0.11     0.00     0.00     0.00
07/31/2013_24:00     0.23     0.23     0.23     0.00     0.00     0.12     0.12     0.12     0.00     0.00     0.00
08/31/2013_24:00     0.17     0.17     0.17     0.00     0.00     0.09     0.09     0.09     0.00     0.00     0.00
09/30/2013_24:00     0.04     0.04     0.04     0.00     0.00     0.02     0.02     0.02     0.00     0.00     0.00
10/31/2013_24:00     0.14     0.14     0.00     0.00     0.00     0.07     0.07     0.00     0.00     0.00     0.00
11/30/2013_24:00     0.16     0.16     0.00     0.00     0.00     0.08     0.08     0.00     0.00     0.00     0.00
12/31/2013_24:00     0.10     0.10     0.00     0.00     0.00     0.05     0.05     0.00     0.00     0.00     0.00
01/31/2014_24:00     0.11     0.11     0.00     0.00     0.00     0.06     0.06     0.00     0.00     0.00     0.00
02/28/2014_24:00     0.03     0.03     0.00     0.00     0.00     0.02     0.02     0.00     0.00     0.00     0.00
03/31/2014_24:00     0.00     0.00     0.00     0.00     0.00     0.00     0.00     0.00     0.00     0.00     0.00
04/30/2014_24:00     0.03     0.03     0.03     0.00     0.00     0.01     0.01     0.01     0.00     0.00     0.00
05/31/2014_24:00     0.20     0.20     0.20     0.00     0.00     0.10     0.10     0.10     0.00     0.00     0.00
06/30/2014_24:00     0.21     0.21     0.21     0.00     0.00     0.11     0.11     0.11     0.00     0.00     0.00
07/31/2014_24:00     0.22     0.22     0.22     0.00     0.00     0.12     0.12     0.12     0.00     0.00     0.00
08/31/2014_24:00     0.17     0.17     0.17     0.00     0.00     0.09     0.09     0.09     0.00     0.00     0.00
09/30/2014_24:00     0.04     0.04     0.03     0.00     0.00     0.02     0.02     0.02     0.00     0.00     0.00
10/31/2014_24:00     0.14     0.14     0.00     0.00     0.00     0.07     0.07     0.00     0.00     0.00     0.00
11/30/2014_24:00     0.16     0.16     0.00     0.00     0.00     0.08     0.08     0.00     0.00     0.00     0.00
12/31/2014_24:00     0.10     0.10     0.00     0.00     0.00     0.05     0.05     0.00     0.00     0.00     0.00
01/31/2015_24:00     0.11     0.11     0.00     0.00     0.00     0.06     0.06     0.00     0.00     0.00     0.00
02/28/2015_24:00     0.03     0.03     0.00     0.00     0.00     0.02     0.02     0.00     0.00     0.00     0.00
03/31/2015_24:00     0.00     0.00     0.00     0.00     0.00     0.00     0.00     0.00     0.00     0.00     0.00
04/30/2015_24:00     0.02     0.02     0.02     0.00     0.00     0.01     0.01     0.01     0.00     0.00     0.00
05/31/2015_24:00     0.19     0.19     0.19     0.00     0.00     0.10     0.10     0.10     0.00     0.00     0.00
06/30/2015_24:00     0.20     0.20     0.20     0.00     0.00     0.10     0.10     0.10     0.00     0.00     0.00
07/31/2015_24:00     0.22     0.22     0.22     0.00     0.00     0.11     0.11     0.11     0.00     0.00     0.00
08/31/2015_24:00     0.16     0.16     0.16     0.00     0.00     0.09     0.09     0.09     0.00     0.00     0.00
09/30/2015_24:00     0.04     0.04     0.03     0.00     0.00     0.02     0.02     0.02     0.00     0.00     0.00
10/31/2015_24:00     0.14     0.14     0.00     0.00     0.00     0.07     0.07     0.00     0.00     0.00     0.00
11/30/2015_24:00     0.16     0.16     0.00     0.00     0.00     0.08     0.08     0.00     0.00     0.00     0.00
12/31/2015_24:00     0.10     0.10     0.00     0.00     0.00     0.05     0.05     0.00     0.00     0.00     0.00
01/31/2016_24:00     0.11     0.11     0.00     0.00     0.00     0.06     0.06     0.00     0.00     0.00     0.00
02/28/2016_24:00     0.03     0.03     0.00     0.00     0.00     0.02     0.02     0.00     0.00     0.00     0.00
03/31/2016_24:00     0.00     0.00     0.00     0.00     0.00     0.00     0.00     0.00     0.00     0.00     0.00
04/30/2016_24:00     0.02     0.02     0.02     0.00     0.00     0.01     0.01     0.01     0.00     0.00     0.00
05/31/2016_24:00     0.19     0.19     0.19     0.00     0.00     0.10     0.10     0.10     0.00     0.00     0.00
06/30/2016_24:00     0.20     0.20     0.20     0.00     0.00     0.10     0.10     0.10     0.00     0.00     0.00
07/31/2016_24:00     0.22     0.22     0.22     0.00     0.00     0.11     0.11     0.11     0.00     0.00     0.00
08/31/2016_24:00     0.16     0.16     0.16     0.00     0.00     0.09     0.09     0.09     0.00     0.00     0.00
09/30/2016_24:00     0.04     0.04     0.03     0.00     0.00     0.02     0.02     0.02     0.00     0.00     0.00
10/31/2016_24:00     0.14     0.14     0.00     0.00     0.00     0.07     0.07     0.00     0.00     0.00     0.00
11/30/2016_24:00     0.16     0.16     0.00     0.00     0.00     0.08     0.08     0.00     0.00     0.00     0.00
12/31/2016_24:00     0.10     0.10     0.00     0.00     0.00     0.05     0.05     0.00     0.00     0.00     0.00
01/31/2017_24:00     0.11     0.11     0.00     0.00     0.00     0.06     0.06     0.00     0.00     0.00     0.00
02/28/2017_24:00     0.03     0.03     0.00     0.00     0.00     0.02     0.02     0.00     0.00     0.00     0.00
03/31/2017_24:00     0.00     0.00     0.00     0.00     0.00     0.00     0.00     0.00     0.00     0.00     0.00
04/30/2017_24:00     0.02     0.02     0.02     0.00     0.00     0.01     0.01     0.01     0.00     0.00     0.00
05/31/2017_24:00     0.19     0.19     0.19     0.00     0.00     0.10     0.10     0.10     0.00     0.00     0.00
06/30/2017_24:00     0.20     0.20     0.20     0.00     0.00     0.10     0.10     0.10     0.00     0.00     0.00
07/31/2017_24:00     0.22     0.22     0.22     0.00     0.00     0.11     0.11     0.11     0.00     0.00     0.00
08/31/2017_24:00     0.16     0.16     0.16     0.00     0.00     0.09     0.09     0.09     0.00     0.00     0.00
09/30/2017_24:00     0.04     0.04     0.03     0.00     0.00     0.02     0.02     0.02     0.00     0.00     0.00
10/31/2017_24:00     0.14     0.14     0.00     0.00     0.00     0.07     0.07     0.00     0.00     0.00     0.00
11/30/2017_24:00     0.16     0.16     0.00     0.00     0.00     0.08     0.08     0.00     0.00     0.00     0.00
12/31/2017_24:00     0.10     0.10     0.00     0.00     0.00     0.05     0.05     0.00     0.00     0.00     0.00
01/31/2018_24:00     0.11     0.11     0.00     0.00     0.00     0.06     0.06     0.00     0.00     0.00     0.00
02/28/2018_24:00     0.03     0.03     0.00     0.00     0.00     0.02     0.02     0.00     0.00     0.00     0.00
03/31/2018_24:00     0.00     0.00     0.00     0.00     0.00     0.00     0.00     0.00     0.00     0.00     0.00
04/30/2018_24:00     0.02     0.02     0.02     0.00     0.00     0.01     0.01     0.01     0.00     0.00     0.00
05/31/2018_24:00     0.19     0.19     0.19     0.00     0.00     0.10     0.10     0.10     0.00     0.00     0.00
06/30/2018_24:00     0.20     0.20     0.20     0.00     0.00     0.10     0.10     0.10     0.00     0.00     0.00
07/31/2018_24:00     0.22     0.22     0.22     0.00     0.00     0.11     0.11     0.11     0.00     0.00     0.00
08/31/2018_24:00     0.16     0.16     0.16     0.00     0.00     0.09     0.09     0.09     0.00     0.00     0.00
09/30/2018_24:00     0.04     0.04     0.03     0.00     0.00     0.02     0.02     0.02     0.00     0.00     0.00
10/31/2018_24:00     0.14     0.14     0.00     0.00     0.00     0.07     0.07     0.00     0.00     0.00     0.00
11/30/2018_24:00     0.16     0.16     0.00     0.00     0.00     0.08     0.08     0.00     0.00     0.00     0.00
12/31/2018_24:00     0.10     0.10     0.00     0.00     0.00     0.05     0.05     0.00     0.00     0.00     0.00
01/31/2019_24:00     0.11     0.11     0.00     0.00     0.00     0.06     0.06     0.00     0.00     0.00     0.00
02/28/2019_24:00     0.03     0.03     0.00     0.00     0.00     0.02     0.02     0.00     0.00     0.00     0.00
03/31/2019_24:00     0.00     0.00     0.00     0.00     0.00     0.00     0.00     0.00     0.00     0.00     0.00
04/30/2019_24:00     0.02     0.02     0.02     0.00     0.00     0.01     0.01     0.01     0.00     0.00     0.00
05/31/2019_24:00     0.19     0.19     0.19     0.00     0.00     0.10     0.10     0.10     0.00     0.00     0.00
06/30/2019_24:00     0.20     0.20     0.20     0.00     0.00     0.10     0.10     0.10     0.00     0.00     0.00
07/31/2019_24:00     0.22     0.22     0.22     0.00     0.00     0.11     0.11     0.11     0.00     0.00     0.00
08/31/2019_24:00     0.16     0.16     0.16     0.00     0.00     0.09     0.09     0.09     0.00     0.00     0.00
09/30/2019_24:00     0.04     0.04     0.03     0.00     0.00     0.02     0.02     0.02     0.00     0.00     0.00
10/31/2019_24:00     0.14     0.14     0.00     0.00     0.00     0.07     0.07     0.00     0.00     0.00     0.00
11/30/2019_24:00     0.16     0.16     0.00     0.00     0.00     0.08     0.08     0.00     0.00     0.00     0.00
12/31/2019_24:00     0.10     0.10     0.00     0.00     0.00     0.05     0.05     0.00     0.00     0.00     0.00
01/31/2020_24:00     0.11     0.11     0.00     0.00     0.00     0.06     0.06     0.00     0.00     0.00     0.00
02/29/2020_24:00     0.03     0.03     0.00     0.00     0.00     0.02     0.02     0.00     0.00     0.00     0.00
03/31/2020_24:00     0.00     0.00     0.00     0.00     0.00     0.00     0.00     0.00     0.00     0.00     0.00
04/30/2020_24:00     0.02     0.02     0.02     0.00     0.00     0.01     0.01     0.01     0.00     0.00     0.00
05/31/2020_24:00     0.19     0.19     0.19     0.00     0.00     0.10     0.10     0.10     0.00     0.00     0.00
06/30/2020_24:00     0.20     0.20     0.20     0.00     0.00     0.10     0.10     0.10     0.00     0.00     0.00
07/31/2020_24:00     0.22     0.22     0.22     0.00     0.00     0.11     0.11     0.11     0.00     0.00     0.00
08/31/2020_24:00     0.16     0.16     0.16     0.00     0.00     0.09     0.09     0.09     0.00     0.00     0.00
09/30/2020_24:00     0.04     0.04     0.03     0.00     0.00     0.02     0.02     0.02     0.00     0.00     0.00
10/31/2020_24:00     0.14     0.14     0.00     0.00     0.00     0.07     0.07     0.00     0.00     0.00     0.00
11/30/2020_24:00     0.16     0.16     0.00     0.00     0.00     0.08     0.08     0.00     0.00     0.00     0.00
12/31/2020_24:00     0.10     0.10     0.00     0.00     0.00     0.05     0.05     0.00     0.00     0.00     0.00
01/31/2021_24:00     0.11     0.11     0.00     0.00     0.00     0.06     0.06     0.00     0.00     0.00     0.00
02/28/2021_24:00     0.03     0.03     0.00     0.00     0.00     0.02     0.02     0.00     0.00     0.00     0.00
03/31/2021_24:00     0.00     0.00     0.00     0.00     0.00     0.00     0.00     0.00     0.00     0.00     0.00
04/30/2021_24:00     0.02     0.02     0.02     0.00     0.00     0.01     0.01     0.01     0.00     0.00     0.00
05/31/2021_24:00     0.19     0.19     0.19     0.00     0.00     0.10     0.10     0.10     0.00     0.00     0.00
06/30/2021_24:00     0.20     0.20     0.20     0.00     0.00     0.10     0.10     0.10     0.00     0.00     0.00
07/31/2021_24:00     0.22     0.22     0.22     0.00     0.00     0.11     0.11     0.11     0.00     0.00     0.00
08/31/2021_24:00     0.16     0.16     0.16     0.00     0.00     0.09     0.09     0.09     0.00     0.00     0.00
09/30/2021_24:00     0.04     0.04     0.03     0.00     0.00     0.02     0.02     0.02     0.00     0.00     0.00
