#4.2
C *** DO NOT DELETE ABOVE LINE ***
C
C*******************************************************************************
C
C                  INTEGRATED WATER FLOW MODEL (IWFM)
C                      *** IWFM-2024.2.1594 ***
C
C*******************************************************************************
C
C                      STREAM PARAMETERS DATA FILE
C                           Stream Component
C
C             Project:  C2VSim Fine Grid (C2VSimFG)
C                       California Central Valley Groundwater-Surface Water Simulation Model
C             Filename: C2VSimFG_Streams.dat
C             Version:  C2VSimFG_v1.5     May 2025
C             
C*******************************************************************************
C
C                         ***** Version 1.5 Model Disclaimer *****
C
C          This is Version 1.5 of C2VSimFG and is subject to change.  Users of
C          this version should be aware that this model is undergoing active
C          development and adjustment. Users of this model do so at their own
C          risk subject to the GNU General Public License below. The Department 
C          does not guarantee the accuracy, completeness, or timeliness of the 
C          information provided. Neither the Department of Water Resources nor 
C          any of the sources of the information used by the Department in the
C          development of this model shall be responsible for any errors or 
C          omissions, for the use, or results obtained from the use of this model.
C
C*******************************************************************************
C
C  California Central Valley Groundwater-Surface Water Flow Model - Fine Grid (C2VSimFG)
C  Copyright (C) 2012-2025
C  State of California, Department of Water Resources
C
C  This model is free. You can redistribute it and/or modify it
C  under the terms of the GNU General Public License as published
C  by the Free Software Foundation; either version 2 of the License,
C  or (at your option) any later version.
C
C  This model is distributed WITHOUT ANY WARRANTY; without even
C  the implied warranty of MERCHANTABILITY or FITNESS FOR A
C  PARTICULAR PURPOSE.  See the GNU General Public License for
C  more details. (http://www.gnu.org/licenses/gpl.html)
C
C  The GNU General Public License is available from the Free Software
C  Foundation, Inc., 59 Temple Place - Suite 330, Boston, MA  02111-1307, USA.
C
C  For technical support, e-mail: C2VSimFGtechsupport@water.ca.gov
C
C
C    C2VSimFG/SGMA Contact:
C          Craig Altare,  Section Manager, Modeling and Tools Support, 
C                         Sustainable Groundwater Management Office, DWR
C            craig.altare@water.ca.gov
C
C
C    IWFM Contact:
C          Emin Can Dogrul PhD, PE, Senior Engineer, DWR
C            can.dogrul@water.ca.gov
C
C*******************************************************************************
C                              File Description
C
C    This file contains parameters and data file names for the simulation 
C    of stream flows.
C
C*******************************************************************************
C
C                        Input and Output Data File Names
C
C  INFLOWFL    ; Stream inflow data file (max. 1000 characters)
C                 * Leave blank if no stream inflow data exists
C  DIVSPECFL   ; Diversion specifications data file (max. 1000 characters)
C                 * Leave blank if diversions are not simulated
C  BYPSPECFL   ; Bypass specifications data file (max. 1000 characters)
C                 * Leave blank if bypasses are not simulated
C  DIVFL       ; Diversion data file (max. 1000 characters)
C                 * Leave blank if diversions are not simulated
C  STRMRCHBUDFL; HDF5 output file for stream flow budget at each 
C                 stream reach (max. 1000 characters) 
C                 * Leave blank if this output is not required
C  DIVDTLBUDFL ; HDF5 output file for diversion details (max. 1000 characters)
C                 * Leave blank if this output is not required
C------------------------------------------------------------------------------
C   VALUE                                       / DESCRIPTION
C------------------------------------------------------------------------------
    Streams\C2VSimFG_StreamInflow.dat           / INFLOWFL 
    Streams\C2VSimFG_DiversionSpec.DAT          / DIVSPECFL 
    Streams\C2VSimFG_BypassSpec.DAT             / BYPSPECFL
    Streams\C2VSimFG_Diversions.DAT             / DIVFL  
    ..\Results\C2VSimFG_Stream_Budget.hdf       / STRMRCHBUDFL            
    ..\Results\C2VSimFG_Stream_Diversions.hdf   / DIVDTLBUDFL             
C*******************************************************************************
C                       Stream Flow Hydrograph Output Data
C
C  NOUTR      ; Total number of hydrographs to be printed
C                (NOUTR = 0 if no stream hydrograph data is to be printed)
C  IHSQR      ; Switch for the output of stream surface elevations or stream flows; 
C                IHSQR = 0 if output of stream flows is desired,
C                IHSQR = 1 if output of stream stage is desired
C  FACTVROU   ; Factor to convert simulation unit of stream flows into 
C                intented output unit 
C  UNITVROU   ; Output unit of stream flow (max. 10 characters long)
C  FACTLTOU   ; Factor to convert simulation unit of stream surface 
C                elevations into intented output unit 
C  UNITLTOU   ; Output unit of stream surface elevation (max. 10 characters long)
C  STHYDOUTFL ; File name for stream hydrograph output (max. 1000 characters) 
C                 * Leave blank if this output is not required
C
C------------------------------------------------------------------------------
C   VALUE                                               / DESCRIPTION
C------------------------------------------------------------------------------
       63                                               / NOUTR
       2                                                / IHSQR
       0.000022957                                      / FACTVROU
       AC-FT/MON                                        / UNITVROU
       1                                                / FACTLTOU
       FEET                                             / UNITLTOU
       ..\Results\C2VSimFG_Stream_Hydrographs.out       / STHYDOUTFL
C-------------------------------------------------------------------------------
C
C   The following lists the stream node number for hydrograph to be printed
C   (skip if no hydrographs are to be printed, ie. NOUTR = 0)
C
C   IOUTR;   Stream node number for printing hydrograph output
C   NAME ;   Name of hydrograph location (max. 30 characters)
C
C-------------------------------------------------------------------------------
C    IOUTR      NAME                    /Description                                            Gage IDs
C-------------------------------------------------------------------------------
2741            11374000                /Cow C Nr Millville CA                                  (USGS:11374000_and_CDEC:COW)
2780            11375810                /Cottonwood C Nr Olinda CA                              (USGS:11375810)
2829            11375870                /South Fork Cottonwood C Nr Olinda CA                   (USGS:11375870)
2854            11376000                /Cottonwood C Nr Cottonwood CA                          (USGS:11376000_and_CDEC:COT)
2880            BAT                     /Battle C Nr Cottonwood CA                              (USGS:11376550_and_CDEC:BAT)
2955            11377100                /Sacramento River At Red Bluff                          (USGS:11378000) USGS 11377100 SACRAMENTO R AB BEND BRIDGE NR RED BLUFF CA
3076                 MCH                /Mill Creek Below Hwy 99                                (CDEC:MCH)
3162                 DVD                /Deer Creek Below Stanford Vina Dam                     (CDEC:DVD)
3173                 VIN                /Sacramento River At Vina Bridge - Main Channel         (CDEC:VIN)
3208                 HMC                /Sacramento River At Hamilton City - Main Channel       (CDEC:HMC)
3285            11388000                /Stony C Bl Black Butte Dam Nr Orland CA                (USGS:11388000)
3341                 ORD                /Sacramento River At Ords Ferry                         (CDEC:ORD)
3370                 BTC                /Sacramento R A Butte City CA                           (USGS:11389000_and_CDEC:BTC)
3502                 COL                /Sacramento R A Colusa CA                               (USGS:11389500_and_CDEC:COL)
3855                 BSL                /Butte Slough Nr Meridian CA                            (USGS:11390395_and_CDEC:BSL)
3554                 WLK                /Sacramento R Bl Wilkins Slough Nr Grimes CA            (USGS:11390500_and_CDEC:WLK)
3764                 CDR                /Colusa Drain Nr Hwy 20                                 (CDEC:CDR)
3974                 GRL                /Feather R Nr Gridley CA                                (USGS:11407150_and_CDEC:GRL)
4020                 YUB                /Feather River At Yuba City                             (USGS:11407700_and_CDEC:YUB)
4035                 MRY                /Yuba R Nr Marysville CA                                (USGS:11421000_and_CDEC:MRY)
4061                 FSB                /Feather River At Olivehurst                            (USGS:11421700_and_CDEC:FSB)
4089                 BRW                /Bear River At Wheatland                                (USGS:11424000_and_CDEC:BRW)
4097                 BPG                /Bear River At Pleasant Grove RD                        (CDEC:BPG)
3893            11391050                /Sutter Bypass Nr Nicolaus CA                           (USGS:11391050)
4121                 NIC                /Feather R Nr Nicolaus                                  (USGS:11425000_and_CDEC:NIC)
3836                 KNL                /Sacramento River At Knights Landing                    (USGS:11391000_and_CDEC:KNL)
4146                 VON                /Sacramento River At Verona                             (USGS:11425500_and_CDEC:VON)
4192            11446500                /American River At Fair Oaks                            (USGS:11446500)
4267            11447650                /Sacramento River At Freeport                           (USGS:11447650_and_CDEC:FPT)
4415                 CCY                /Cache C A Yolo CA                                      (USGS:11452500_and_CDEC:CCY)
4465            11454000                /Putah Creek At Winters                                 (USGS:11454000)
2556                 MCC                /Cosumnes River At Mcconnell                            (USGS:11336000_and_CDEC:MCC)
2484                 DCG                /Dry Creek Near Galt                                    (USGS:11329500_and_CDEC:DCG)
2366            11323500                /Mokelumne R Bl Camanche Dam CA                         (USGS:11323500)
2416                 WBR                /Mokelumne River At Woodbridge                          (USGS:11325500_and_CDEC:WBR)
2182            11303500                /San Joaquin River At Vernalis                          (USGS:11303500_and_CDEC:VNS)
2141            11303000                /Stanislaus River At Ripon                              (USGS:11303000)
2153                 KOT                /Stanislaus R At Koetitz Ranch                          (CDEC:KOT)
2005                 MOD                /Tuolumne R A Modesto CA                                (USGS:11290000_and_CDEC:MOD)
1888                 SJP                /San Joaquin River Near Patterson                       (CDEC:SJP)
1866                 SCL                /San Joaquin River At Crows Landing                     (USGS:11274550_and_CDEC:SCL)
1858                 OCL                /Orestimba Creek At River Road Near Crows Landing       (USGS:11274538_and_CDEC:OCL)
1817            11274000                /San Joaquin River At Newman                            (USGS:11274000)
1807                 MST                /Merced River At Stevinson                              (USGS:11272500_and_CDEC:MST)
1705                 FFB                /San Joaquin R A Fremont Ford Bridge CA                 (USGS:11261500_and_CDEC:FFB)
1691                 SJS                /San Joaquin River Near Stevinson                       (CDEC:SJS)
1617                 EBM                /Eastside Bypass Below Mariposa Bypass                  (CDEC:EBM)
1581                 ELN                /Eastside Bypass Near El Nido                           (CDEC:ELN)
1539                 SWA                /San Joaquin River Near Washington Road                 (CDEC:SWA)
1441                 SDP                /San Joaquin River Near Dos Palos                       (USGS:11256000_and_CDEC:SDP)
1387                 MEN                /San Joaquin River Near Mendota                         (USGS:11254000_and_CDEC:MEN)
1171                 DNB                /San Joaquin R At Donny Bridge                          (CDEC:DNB)
1191                 SKB                /San Joaquin R Blw Hwy 145 (Skaggs Br)                  (CDEC:SKB)
1201                 GRF                /San Joaquin River At Gravelly Ford                     (CDEC:GRF)
1232                 SJB                /San Joaquin River Below Bifurcation                    (CDEC:SJB)
1241                 SJN                /San Joaquin R At San Mateo Rd Nr Mendota               (USGS:11253130_and_CDEC:SJN)
1259                 CBP                /Chowchilla Bypass                                      (CDEC:CBP)
1083                 JBP                /James Bypass Flow To Mendota Pool                      (USGS:11253500_and_CDEC:JBP)
747                  AMW                /Kings River Below Army Weir                            (CDEC:AMW)
560                  KRM                /Kaweah River (MacKay Point)                            (CDEC:KRM)
1650                 MCK               /BEAR CREEK AT MC KEE ROAD                             (CDEC:MCK)
3930                 NHC               /NORTH FORK HONCUT CREEK AT HWY 70                     (CDEC:NHC)
4349                 RUM               /CACHE CREEK AT RUMSEY BRIDGE                           (CDEC: RUM,USGS 11451760 CACHE C AB RUMSEY CA)
C*******************************************************************************
C                       Stream Flow Budget at Selected Nodes
C
C  NBUDR      ; Total number of stream nodes for which budget output is desired
C                (NBUDR = 0 if no stream node budget is required)
C  STNDBUDFL  ; Binary output file for stream node budget (max. 1000 characters)
C                 * Leave blank if this output is not required
C
C------------------------------------------------------------------------------
C   VALUE                         DESCRIPTION
C------------------------------------------------------------------------------
        4634                         / NBUDR
        ..\Results\C2VSimFG_Stream_NodeBudget.hdf                          / STNDBUDFL
C-------------------------------------------------------------------------------
C
C   The following lists the stream nodes for budget output
C   (skip if no budget output is required, ie. NBUDR = 0)
C
C   IBUDR;   Stream node for budget output
C-------------------------------------------------------------------------------
C    IBUDR
C-------------------------------------------------------------------------------
1
2
3
4
5
6
7
8
9
10
11
12
13
14
15
16
17
18
19
20
21
22
23
24
25
26
27
28
29
30
31
32
33
34
35
36
37
38
39
40
41
42
43
44
45
46
47
48
49
50
51
52
53
54
55
56
57
58
59
60
61
62
63
64
65
66
67
68
69
70
71
72
73
74
75
76
77
78
79
80
81
82
83
84
85
86
87
88
89
90
91
92
93
94
95
96
97
98
99
100
101
102
103
104
105
106
107
108
109
110
111
112
113
114
115
116
117
118
119
120
121
122
123
124
125
126
127
128
129
130
131
132
133
134
135
136
137
138
139
140
141
142
143
144
145
146
147
148
149
150
151
152
153
154
155
156
157
158
159
160
161
162
163
164
165
166
167
168
169
170
171
172
173
174
175
176
177
178
179
180
181
182
183
184
185
186
187
188
189
190
191
192
193
194
195
196
197
198
199
200
201
202
203
204
205
206
207
208
209
210
211
212
213
214
215
216
217
218
219
220
221
222
223
224
225
226
227
228
229
230
231
232
233
234
235
236
237
238
239
240
241
242
243
244
245
246
247
248
249
250
251
252
253
254
255
256
257
258
259
260
261
262
263
264
265
266
267
268
269
270
271
272
273
274
275
276
277
278
279
280
281
282
283
284
285
286
287
288
289
290
291
292
293
294
295
296
297
298
299
300
301
302
303
304
305
306
307
308
309
310
311
312
313
314
315
316
317
318
319
320
321
322
323
324
325
326
327
328
329
330
331
332
333
334
335
336
337
338
339
340
341
342
343
344
345
346
347
348
349
350
351
352
353
354
355
356
357
358
359
360
361
362
363
364
365
366
367
368
369
370
371
372
373
374
375
376
377
378
379
380
381
382
383
384
385
386
387
388
389
390
391
392
393
394
395
396
397
398
399
400
401
402
403
404
405
406
407
408
409
410
411
412
413
414
415
416
417
418
419
420
421
422
423
424
425
426
427
428
429
430
431
432
433
434
435
436
437
438
439
440
441
442
443
444
445
446
447
448
449
450
451
452
453
454
455
456
457
458
459
460
461
462
463
464
465
466
467
468
469
470
471
472
473
474
475
476
477
478
479
480
481
482
483
484
485
486
487
488
489
490
491
492
493
494
495
496
497
498
499
500
501
502
503
504
505
506
507
508
509
510
511
512
513
514
515
516
517
518
519
520
521
522
523
524
525
526
527
528
529
530
531
532
533
534
535
536
537
538
539
540
541
542
543
544
545
546
547
548
549
550
551
552
553
554
555
556
557
558
559
560
561
562
563
564
565
566
567
568
569
570
571
572
573
574
575
576
577
578
579
580
581
582
583
584
585
586
587
588
589
590
591
592
593
594
595
596
597
598
599
600
601
602
603
604
605
606
607
608
609
610
611
612
613
614
615
616
617
618
619
620
621
622
623
624
625
626
627
628
629
630
631
632
633
634
635
636
637
638
639
640
641
642
643
644
645
646
647
648
649
650
651
652
653
654
655
656
657
658
659
660
661
662
663
664
665
666
667
668
669
670
671
672
673
674
675
676
677
678
679
680
681
682
683
684
685
686
687
688
689
690
691
692
693
694
695
696
697
698
699
700
701
702
703
704
705
706
707
708
709
710
711
712
713
714
715
716
717
718
719
720
721
722
723
724
725
726
727
728
729
730
731
732
733
734
735
736
737
738
739
740
741
742
743
744
745
746
747
748
749
750
751
752
753
754
755
756
757
758
759
760
761
762
763
764
765
766
767
768
769
770
771
772
773
774
775
776
777
778
779
780
781
782
783
784
785
786
787
788
789
790
791
792
793
794
795
796
797
798
799
800
801
802
803
804
805
806
807
808
809
810
811
812
813
814
815
816
817
818
819
820
821
822
823
824
825
826
827
828
829
830
831
832
833
834
835
836
837
838
839
840
841
842
843
844
845
846
847
848
849
850
851
852
853
854
855
856
857
858
859
860
861
862
863
864
865
866
867
868
869
870
871
872
873
874
875
876
877
878
879
880
881
882
883
884
885
886
887
888
889
890
891
892
893
894
895
896
897
898
899
900
901
902
903
904
905
906
907
908
909
910
911
912
913
914
915
916
917
918
919
920
921
922
923
924
925
926
927
928
929
930
931
932
933
934
935
936
937
938
939
940
941
942
943
944
945
946
947
948
949
950
951
952
953
954
955
956
957
958
959
960
961
962
963
964
965
966
967
968
969
970
971
972
973
974
975
976
977
978
979
980
981
982
983
984
985
986
987
988
989
990
991
992
993
994
995
996
997
998
999
1000
1001
1002
1003
1004
1005
1006
1007
1008
1009
1010
1011
1012
1013
1014
1015
1016
1017
1018
1019
1020
1021
1022
1023
1024
1025
1026
1027
1028
1029
1030
1031
1032
1033
1034
1035
1036
1037
1038
1039
1040
1041
1042
1043
1044
1045
1046
1047
1048
1049
1050
1051
1052
1053
1054
1055
1056
1057
1058
1059
1060
1061
1062
1063
1064
1065
1066
1067
1068
1069
1070
1071
1072
1073
1074
1075
1076
1077
1078
1079
1080
1081
1082
1083
1084
1085
1086
1087
1088
1089
1090
1091
1092
1093
1094
1095
1096
1097
1098
1099
1100
1101
1102
1103
1104
1105
1106
1107
1108
1109
1110
1111
1112
1113
1114
1115
1116
1117
1118
1119
1120
1121
1122
1123
1124
1125
1126
1127
1128
1129
1130
1131
1132
1133
1134
1135
1136
1137
1138
1139
1140
1141
1142
1143
1144
1145
1146
1147
1148
1149
1150
1151
1152
1153
1154
1155
1156
1157
1158
1159
1160
1161
1162
1163
1164
1165
1166
1167
1168
1169
1170
1171
1172
1173
1174
1175
1176
1177
1178
1179
1180
1181
1182
1183
1184
1185
1186
1187
1188
1189
1190
1191
1192
1193
1194
1195
1196
1197
1198
1199
1200
1201
1202
1203
1204
1205
1206
1207
1208
1209
1210
1211
1212
1213
1214
1215
1216
1217
1218
1219
1220
1221
1222
1223
1224
1225
1226
1227
1228
1229
1230
1231
1232
1233
1234
1235
1236
1237
1238
1239
1240
1241
1242
1243
1244
1245
1246
1247
1248
1249
1250
1251
1252
1253
1254
1255
1256
1257
1258
1259
1260
1261
1262
1263
1264
1265
1266
1267
1268
1269
1270
1271
1272
1273
1274
1275
1276
1277
1278
1279
1280
1281
1282
1283
1284
1285
1286
1287
1288
1289
1290
1291
1292
1293
1294
1295
1296
1297
1298
1299
1300
1301
1302
1303
1304
1305
1306
1307
1308
1309
1310
1311
1312
1313
1314
1315
1316
1317
1318
1319
1320
1321
1322
1323
1324
1325
1326
1327
1328
1329
1330
1331
1332
1333
1334
1335
1336
1337
1338
1339
1340
1341
1342
1343
1344
1345
1346
1347
1348
1349
1350
1351
1352
1353
1354
1355
1356
1357
1358
1359
1360
1361
1362
1363
1364
1365
1366
1367
1368
1369
1370
1371
1372
1373
1374
1375
1376
1377
1378
1379
1380
1381
1382
1383
1384
1385
1386
1387
1388
1389
1390
1391
1392
1393
1394
1395
1396
1397
1398
1399
1400
1401
1402
1403
1404
1405
1406
1407
1408
1409
1410
1411
1412
1413
1414
1415
1416
1417
1418
1419
1420
1421
1422
1423
1424
1425
1426
1427
1428
1429
1430
1431
1432
1433
1434
1435
1436
1437
1438
1439
1440
1441
1442
1443
1444
1445
1446
1447
1448
1449
1450
1451
1452
1453
1454
1455
1456
1457
1458
1459
1460
1461
1462
1463
1464
1465
1466
1467
1468
1469
1470
1471
1472
1473
1474
1475
1476
1477
1478
1479
1480
1481
1482
1483
1484
1485
1486
1487
1488
1489
1490
1491
1492
1493
1494
1495
1496
1497
1498
1499
1500
1501
1502
1503
1504
1505
1506
1507
1508
1509
1510
1511
1512
1513
1514
1515
1516
1517
1518
1519
1520
1521
1522
1523
1524
1525
1526
1527
1528
1529
1530
1531
1532
1533
1534
1535
1536
1537
1538
1539
1540
1541
1542
1543
1544
1545
1546
1547
1548
1549
1550
1551
1552
1553
1554
1555
1556
1557
1558
1559
1560
1561
1562
1563
1564
1565
1566
1567
1568
1569
1570
1571
1572
1573
1574
1575
1576
1577
1578
1579
1580
1581
1582
1583
1584
1585
1586
1587
1588
1589
1590
1591
1592
1593
1594
1595
1596
1597
1598
1599
1600
1601
1602
1603
1604
1605
1606
1607
1608
1609
1610
1611
1612
1613
1614
1615
1616
1617
1618
1619
1620
1621
1622
1623
1624
1625
1626
1627
1628
1629
1630
1631
1632
1633
1634
1635
1636
1637
1638
1639
1640
1641
1642
1643
1644
1645
1646
1647
1648
1649
1650
1651
1652
1653
1654
1655
1656
1657
1658
1659
1660
1661
1662
1663
1664
1665
1666
1667
1668
1669
1670
1671
1672
1673
1674
1675
1676
1677
1678
1679
1680
1681
1682
1683
1684
1685
1686
1687
1688
1689
1690
1691
1692
1693
1694
1695
1696
1697
1698
1699
1700
1701
1702
1703
1704
1705
1706
1707
1708
1709
1710
1711
1712
1713
1714
1715
1716
1717
1718
1719
1720
1721
1722
1723
1724
1725
1726
1727
1728
1729
1730
1731
1732
1733
1734
1735
1736
1737
1738
1739
1740
1741
1742
1743
1744
1745
1746
1747
1748
1749
1750
1751
1752
1753
1754
1755
1756
1757
1758
1759
1760
1761
1762
1763
1764
1765
1766
1767
1768
1769
1770
1771
1772
1773
1774
1775
1776
1777
1778
1779
1780
1781
1782
1783
1784
1785
1786
1787
1788
1789
1790
1791
1792
1793
1794
1795
1796
1797
1798
1799
1800
1801
1802
1803
1804
1805
1806
1807
1808
1809
1810
1811
1812
1813
1814
1815
1816
1817
1818
1819
1820
1821
1822
1823
1824
1825
1826
1827
1828
1829
1830
1831
1832
1833
1834
1835
1836
1837
1838
1839
1840
1841
1842
1843
1844
1845
1846
1847
1848
1849
1850
1851
1852
1853
1854
1855
1856
1857
1858
1859
1860
1861
1862
1863
1864
1865
1866
1867
1868
1869
1870
1871
1872
1873
1874
1875
1876
1877
1878
1879
1880
1881
1882
1883
1884
1885
1886
1887
1888
1889
1890
1891
1892
1893
1894
1895
1896
1897
1898
1899
1900
1901
1902
1903
1904
1905
1906
1907
1908
1909
1910
1911
1912
1913
1914
1915
1916
1917
1918
1919
1920
1921
1922
1923
1924
1925
1926
1927
1928
1929
1930
1931
1932
1933
1934
1935
1936
1937
1938
1939
1940
1941
1942
1943
1944
1945
1946
1947
1948
1949
1950
1951
1952
1953
1954
1955
1956
1957
1958
1959
1960
1961
1962
1963
1964
1965
1966
1967
1968
1969
1970
1971
1972
1973
1974
1975
1976
1977
1978
1979
1980
1981
1982
1983
1984
1985
1986
1987
1988
1989
1990
1991
1992
1993
1994
1995
1996
1997
1998
1999
2000
2001
2002
2003
2004
2005
2006
2007
2008
2009
2010
2011
2012
2013
2014
2015
2016
2017
2018
2019
2020
2021
2022
2023
2024
2025
2026
2027
2028
2029
2030
2031
2032
2033
2034
2035
2036
2037
2038
2039
2040
2041
2042
2043
2044
2045
2046
2047
2048
2049
2050
2051
2052
2053
2054
2055
2056
2057
2058
2059
2060
2061
2062
2063
2064
2065
2066
2067
2068
2069
2070
2071
2072
2073
2074
2075
2076
2077
2078
2079
2080
2081
2082
2083
2084
2085
2086
2087
2088
2089
2090
2091
2092
2093
2094
2095
2096
2097
2098
2099
2100
2101
2102
2103
2104
2105
2106
2107
2108
2109
2110
2111
2112
2113
2114
2115
2116
2117
2118
2119
2120
2121
2122
2123
2124
2125
2126
2127
2128
2129
2130
2131
2132
2133
2134
2135
2136
2137
2138
2139
2140
2141
2142
2143
2144
2145
2146
2147
2148
2149
2150
2151
2152
2153
2154
2155
2156
2157
2158
2159
2160
2161
2162
2163
2164
2165
2166
2167
2168
2169
2170
2171
2172
2173
2174
2175
2176
2177
2178
2179
2180
2181
2182
2183
2184
2185
2186
2187
2188
2189
2190
2191
2192
2193
2194
2195
2196
2197
2198
2199
2200
2201
2202
2203
2204
2205
2206
2207
2208
2209
2210
2211
2212
2213
2214
2215
2216
2217
2218
2219
2220
2221
2222
2223
2224
2225
2226
2227
2228
2229
2230
2231
2232
2233
2234
2235
2236
2237
2238
2239
2240
2241
2242
2243
2244
2245
2246
2247
2248
2249
2250
2251
2252
2253
2254
2255
2256
2257
2258
2259
2260
2261
2262
2263
2264
2265
2266
2267
2268
2269
2270
2271
2272
2273
2274
2275
2276
2277
2278
2279
2280
2281
2282
2283
2284
2285
2286
2287
2288
2289
2290
2291
2292
2293
2294
2295
2296
2297
2298
2299
2300
2301
2302
2303
2304
2305
2306
2307
2308
2309
2310
2311
2312
2313
2314
2315
2316
2317
2318
2319
2320
2321
2322
2323
2324
2325
2326
2327
2328
2329
2330
2331
2332
2333
2334
2335
2336
2337
2338
2339
2340
2341
2342
2343
2344
2345
2346
2347
2348
2349
2350
2351
2352
2353
2354
2355
2356
2357
2358
2359
2360
2361
2362
2363
2364
2365
2366
2367
2368
2369
2370
2371
2372
2373
2374
2375
2376
2377
2378
2379
2380
2381
2382
2383
2384
2385
2386
2387
2388
2389
2390
2391
2392
2393
2394
2395
2396
2397
2398
2399
2400
2401
2402
2403
2404
2405
2406
2407
2408
2409
2410
2411
2412
2413
2414
2415
2416
2417
2418
2419
2420
2421
2422
2423
2424
2425
2426
2427
2428
2429
2430
2431
2432
2433
2434
2435
2436
2437
2438
2439
2440
2441
2442
2443
2444
2445
2446
2447
2448
2449
2450
2451
2452
2453
2454
2455
2456
2457
2458
2459
2460
2461
2462
2463
2464
2465
2466
2467
2468
2469
2470
2471
2472
2473
2474
2475
2476
2477
2478
2479
2480
2481
2482
2483
2484
2485
2486
2487
2488
2489
2490
2491
2492
2493
2494
2495
2496
2497
2498
2499
2500
2501
2502
2503
2504
2505
2506
2507
2508
2509
2510
2511
2512
2513
2514
2515
2516
2517
2518
2519
2520
2521
2522
2523
2524
2525
2526
2527
2528
2529
2530
2531
2532
2533
2534
2535
2536
2537
2538
2539
2540
2541
2542
2543
2544
2545
2546
2547
2548
2549
2550
2551
2552
2553
2554
2555
2556
2557
2558
2559
2560
2561
2562
2563
2564
2565
2566
2567
2568
2569
2570
2571
2572
2573
2574
2575
2576
2577
2578
2579
2580
2581
2582
2583
2584
2585
2586
2587
2588
2589
2590
2591
2592
2593
2594
2595
2596
2597
2598
2599
2600
2601
2602
2603
2604
2605
2606
2607
2608
2609
2610
2611
2612
2613
2614
2615
2616
2617
2618
2619
2620
2621
2622
2623
2624
2625
2626
2627
2628
2629
2630
2631
2632
2633
2634
2635
2636
2637
2638
2639
2640
2641
2642
2643
2644
2645
2646
2647
2648
2649
2650
2651
2652
2653
2654
2655
2656
2657
2658
2659
2660
2661
2662
2663
2664
2665
2666
2667
2668
2669
2670
2671
2672
2673
2674
2675
2676
2677
2678
2679
2680
2681
2682
2683
2684
2685
2686
2687
2688
2689
2690
2691
2692
2693
2694
2695
2696
2697
2698
2699
2700
2701
2702
2703
2704
2705
2706
2707
2708
2709
2710
2711
2712
2713
2714
2715
2716
2717
2718
2719
2720
2721
2722
2723
2724
2725
2726
2727
2728
2729
2730
2731
2732
2733
2734
2735
2736
2737
2738
2739
2740
2741
2742
2743
2744
2745
2746
2747
2748
2749
2750
2751
2752
2753
2754
2755
2756
2757
2758
2759
2760
2761
2762
2763
2764
2765
2766
2767
2768
2769
2770
2771
2772
2773
2774
2775
2776
2777
2778
2779
2780
2781
2782
2783
2784
2785
2786
2787
2788
2789
2790
2791
2792
2793
2794
2795
2796
2797
2798
2799
2800
2801
2802
2803
2804
2805
2806
2807
2808
2809
2810
2811
2812
2813
2814
2815
2816
2817
2818
2819
2820
2821
2822
2823
2824
2825
2826
2827
2828
2829
2830
2831
2832
2833
2834
2835
2836
2837
2838
2839
2840
2841
2842
2843
2844
2845
2846
2847
2848
2849
2850
2851
2852
2853
2854
2855
2856
2857
2858
2859
2860
2861
2862
2863
2864
2865
2866
2867
2868
2869
2870
2871
2872
2873
2874
2875
2876
2877
2878
2879
2880
2881
2882
2883
2884
2885
2886
2887
2888
2889
2890
2891
2892
2893
2894
2895
2896
2897
2898
2899
2900
2901
2902
2903
2904
2905
2906
2907
2908
2909
2910
2911
2912
2913
2914
2915
2916
2917
2918
2919
2920
2921
2922
2923
2924
2925
2926
2927
2928
2929
2930
2931
2932
2933
2934
2935
2936
2937
2938
2939
2940
2941
2942
2943
2944
2945
2946
2947
2948
2949
2950
2951
2952
2953
2954
2955
2956
2957
2958
2959
2960
2961
2962
2963
2964
2965
2966
2967
2968
2969
2970
2971
2972
2973
2974
2975
2976
2977
2978
2979
2980
2981
2982
2983
2984
2985
2986
2987
2988
2989
2990
2991
2992
2993
2994
2995
2996
2997
2998
2999
3000
3001
3002
3003
3004
3005
3006
3007
3008
3009
3010
3011
3012
3013
3014
3015
3016
3017
3018
3019
3020
3021
3022
3023
3024
3025
3026
3027
3028
3029
3030
3031
3032
3033
3034
3035
3036
3037
3038
3039
3040
3041
3042
3043
3044
3045
3046
3047
3048
3049
3050
3051
3052
3053
3054
3055
3056
3057
3058
3059
3060
3061
3062
3063
3064
3065
3066
3067
3068
3069
3070
3071
3072
3073
3074
3075
3076
3077
3078
3079
3080
3081
3082
3083
3084
3085
3086
3087
3088
3089
3090
3091
3092
3093
3094
3095
3096
3097
3098
3099
3100
3101
3102
3103
3104
3105
3106
3107
3108
3109
3110
3111
3112
3113
3114
3115
3116
3117
3118
3119
3120
3121
3122
3123
3124
3125
3126
3127
3128
3129
3130
3131
3132
3133
3134
3135
3136
3137
3138
3139
3140
3141
3142
3143
3144
3145
3146
3147
3148
3149
3150
3151
3152
3153
3154
3155
3156
3157
3158
3159
3160
3161
3162
3163
3164
3165
3166
3167
3168
3169
3170
3171
3172
3173
3174
3175
3176
3177
3178
3179
3180
3181
3182
3183
3184
3185
3186
3187
3188
3189
3190
3191
3192
3193
3194
3195
3196
3197
3198
3199
3200
3201
3202
3203
3204
3205
3206
3207
3208
3209
3210
3211
3212
3213
3214
3215
3216
3217
3218
3219
3220
3221
3222
3223
3224
3225
3226
3227
3228
3229
3230
3231
3232
3233
3234
3235
3236
3237
3238
3239
3240
3241
3242
3243
3244
3245
3246
3247
3248
3249
3250
3251
3252
3253
3254
3255
3256
3257
3258
3259
3260
3261
3262
3263
3264
3265
3266
3267
3268
3269
3270
3271
3272
3273
3274
3275
3276
3277
3278
3279
3280
3281
3282
3283
3284
3285
3286
3287
3288
3289
3290
3291
3292
3293
3294
3295
3296
3297
3298
3299
3300
3301
3302
3303
3304
3305
3306
3307
3308
3309
3310
3311
3312
3313
3314
3315
3316
3317
3318
3319
3320
3321
3322
3323
3324
3325
3326
3327
3328
3329
3330
3331
3332
3333
3334
3335
3336
3337
3338
3339
3340
3341
3342
3343
3344
3345
3346
3347
3348
3349
3350
3351
3352
3353
3354
3355
3356
3357
3358
3359
3360
3361
3362
3363
3364
3365
3366
3367
3368
3369
3370
3371
3372
3373
3374
3375
3376
3377
3378
3379
3380
3381
3382
3383
3384
3385
3386
3387
3388
3389
3390
3391
3392
3393
3394
3395
3396
3397
3398
3399
3400
3401
3402
3403
3404
3405
3406
3407
3408
3409
3410
3411
3412
3413
3414
3415
3416
3417
3418
3419
3420
3421
3422
3423
3424
3425
3426
3427
3428
3429
3430
3431
3432
3433
3434
3435
3436
3437
3438
3439
3440
3441
3442
3443
3444
3445
3446
3447
3448
3449
3450
3451
3452
3453
3454
3455
3456
3457
3458
3459
3460
3461
3462
3463
3464
3465
3466
3467
3468
3469
3470
3471
3472
3473
3474
3475
3476
3477
3478
3479
3480
3481
3482
3483
3484
3485
3486
3487
3488
3489
3490
3491
3492
3493
3494
3495
3496
3497
3498
3499
3500
3501
3502
3503
3504
3505
3506
3507
3508
3509
3510
3511
3512
3513
3514
3515
3516
3517
3518
3519
3520
3521
3522
3523
3524
3525
3526
3527
3528
3529
3530
3531
3532
3533
3534
3535
3536
3537
3538
3539
3540
3541
3542
3543
3544
3545
3546
3547
3548
3549
3550
3551
3552
3553
3554
3555
3556
3557
3558
3559
3560
3561
3562
3563
3564
3565
3566
3567
3568
3569
3570
3571
3572
3573
3574
3575
3576
3577
3578
3579
3580
3581
3582
3583
3584
3585
3586
3587
3588
3589
3590
3591
3592
3593
3594
3595
3596
3597
3598
3599
3600
3601
3602
3603
3604
3605
3606
3607
3608
3609
3610
3611
3612
3613
3614
3615
3616
3617
3618
3619
3620
3621
3622
3623
3624
3625
3626
3627
3628
3629
3630
3631
3632
3633
3634
3635
3636
3637
3638
3639
3640
3641
3642
3643
3644
3645
3646
3647
3648
3649
3650
3651
3652
3653
3654
3655
3656
3657
3658
3659
3660
3661
3662
3663
3664
3665
3666
3667
3668
3669
3670
3671
3672
3673
3674
3675
3676
3677
3678
3679
3680
3681
3682
3683
3684
3685
3686
3687
3688
3689
3690
3691
3692
3693
3694
3695
3696
3697
3698
3699
3700
3701
3702
3703
3704
3705
3706
3707
3708
3709
3710
3711
3712
3713
3714
3715
3716
3717
3718
3719
3720
3721
3722
3723
3724
3725
3726
3727
3728
3729
3730
3731
3732
3733
3734
3735
3736
3737
3738
3739
3740
3741
3742
3743
3744
3745
3746
3747
3748
3749
3750
3751
3752
3753
3754
3755
3756
3757
3758
3759
3760
3761
3762
3763
3764
3765
3766
3767
3768
3769
3770
3771
3772
3773
3774
3775
3776
3777
3778
3779
3780
3781
3782
3783
3784
3785
3786
3787
3788
3789
3790
3791
3792
3793
3794
3795
3796
3797
3798
3799
3800
3801
3802
3803
3804
3805
3806
3807
3808
3809
3810
3811
3812
3813
3814
3815
3816
3817
3818
3819
3820
3821
3822
3823
3824
3825
3826
3827
3828
3829
3830
3831
3832
3833
3834
3835
3836
3837
3838
3839
3840
3841
3842
3843
3844
3845
3846
3847
3848
3849
3850
3851
3852
3853
3854
3855
3856
3857
3858
3859
3860
3861
3862
3863
3864
3865
3866
3867
3868
3869
3870
3871
3872
3873
3874
3875
3876
3877
3878
3879
3880
3881
3882
3883
3884
3885
3886
3887
3888
3889
3890
3891
3892
3893
3894
3895
3896
3897
3898
3899
3900
3901
3902
3903
3904
3905
3906
3907
3908
3909
3910
3911
3912
3913
3914
3915
3916
3917
3918
3919
3920
3921
3922
3923
3924
3925
3926
3927
3928
3929
3930
3931
3932
3933
3934
3935
3936
3937
3938
3939
3940
3941
3942
3943
3944
3945
3946
3947
3948
3949
3950
3951
3952
3953
3954
3955
3956
3957
3958
3959
3960
3961
3962
3963
3964
3965
3966
3967
3968
3969
3970
3971
3972
3973
3974
3975
3976
3977
3978
3979
3980
3981
3982
3983
3984
3985
3986
3987
3988
3989
3990
3991
3992
3993
3994
3995
3996
3997
3998
3999
4000
4001
4002
4003
4004
4005
4006
4007
4008
4009
4010
4011
4012
4013
4014
4015
4016
4017
4018
4019
4020
4021
4022
4023
4024
4025
4026
4027
4028
4029
4030
4031
4032
4033
4034
4035
4036
4037
4038
4039
4040
4041
4042
4043
4044
4045
4046
4047
4048
4049
4050
4051
4052
4053
4054
4055
4056
4057
4058
4059
4060
4061
4062
4063
4064
4065
4066
4067
4068
4069
4070
4071
4072
4073
4074
4075
4076
4077
4078
4079
4080
4081
4082
4083
4084
4085
4086
4087
4088
4089
4090
4091
4092
4093
4094
4095
4096
4097
4098
4099
4100
4101
4102
4103
4104
4105
4106
4107
4108
4109
4110
4111
4112
4113
4114
4115
4116
4117
4118
4119
4120
4121
4122
4123
4124
4125
4126
4127
4128
4129
4130
4131
4132
4133
4134
4135
4136
4137
4138
4139
4140
4141
4142
4143
4144
4145
4146
4147
4148
4149
4150
4151
4152
4153
4154
4155
4156
4157
4158
4159
4160
4161
4162
4163
4164
4165
4166
4167
4168
4169
4170
4171
4172
4173
4174
4175
4176
4177
4178
4179
4180
4181
4182
4183
4184
4185
4186
4187
4188
4189
4190
4191
4192
4193
4194
4195
4196
4197
4198
4199
4200
4201
4202
4203
4204
4205
4206
4207
4208
4209
4210
4211
4212
4213
4214
4215
4216
4217
4218
4219
4220
4221
4222
4223
4224
4225
4226
4227
4228
4229
4230
4231
4232
4233
4234
4235
4236
4237
4238
4239
4240
4241
4242
4243
4244
4245
4246
4247
4248
4249
4250
4251
4252
4253
4254
4255
4256
4257
4258
4259
4260
4261
4262
4263
4264
4265
4266
4267
4268
4269
4270
4271
4272
4273
4274
4275
4276
4277
4278
4279
4280
4281
4282
4283
4284
4285
4286
4287
4288
4289
4290
4291
4292
4293
4294
4295
4296
4297
4298
4299
4300
4301
4302
4303
4304
4305
4306
4307
4308
4309
4310
4311
4312
4313
4314
4315
4316
4317
4318
4319
4320
4321
4322
4323
4324
4325
4326
4327
4328
4329
4330
4331
4332
4333
4334
4335
4336
4337
4338
4339
4340
4341
4342
4343
4344
4345
4346
4347
4348
4349
4350
4351
4352
4353
4354
4355
4356
4357
4358
4359
4360
4361
4362
4363
4364
4365
4366
4367
4368
4369
4370
4371
4372
4373
4374
4375
4376
4377
4378
4379
4380
4381
4382
4383
4384
4385
4386
4387
4388
4389
4390
4391
4392
4393
4394
4395
4396
4397
4398
4399
4400
4401
4402
4403
4404
4405
4406
4407
4408
4409
4410
4411
4412
4413
4414
4415
4416
4417
4418
4419
4420
4421
4422
4423
4424
4425
4426
4427
4428
4429
4430
4431
4432
4433
4434
4435
4436
4437
4438
4439
4440
4441
4442
4443
4444
4445
4446
4447
4448
4449
4450
4451
4452
4453
4454
4455
4456
4457
4458
4459
4460
4461
4462
4463
4464
4465
4466
4467
4468
4469
4470
4471
4472
4473
4474
4475
4476
4477
4478
4479
4480
4481
4482
4483
4484
4485
4486
4487
4488
4489
4490
4491
4492
4493
4494
4495
4496
4497
4498
4499
4500
4501
4502
4503
4504
4505
4506
4507
4508
4509
4510
4511
4512
4513
4514
4515
4516
4517
4518
4519
4520
4521
4522
4523
4524
4525
4526
4527
4528
4529
4530
4531
4532
4533
4534
4535
4536
4537
4538
4539
4540
4541
4542
4543
4544
4545
4546
4547
4548
4549
4550
4551
4552
4553
4554
4555
4556
4557
4558
4559
4560
4561
4562
4563
4564
4565
4566
4567
4568
4569
4570
4571
4572
4573
4574
4575
4576
4577
4578
4579
4580
4581
4582
4583
4584
4585
4586
4587
4588
4589
4590
4591
4592
4593
4594
4595
4596
4597
4598
4599
4600
4601
4602
4603
4604
4605
4606
4607
4608
4609
4610
4611
4612
4613
4614
4615
4616
4617
4618
4619
4620
4621
4622
4623
4624
4625
4626
4627
4628
4629
4630
4631
4632
4633
4634
C*******************************************************************************
C                       STREAM BED PARAMETERS
C
C     The following lists the parameters to model streams.
C
C   FACTK ;   Conversion factor for stream bed conductivity
C              It is used to convert only the spatial component of the unit; 
C              DO NOT include the conversion factor for time component of the unit.
C              * e.g. Unit of conductivity listed in this file = IN/DAY
C                     Consistent unit used in simulation       = FT/MONTH 
C                     Enter FACTK (IN/MONTH -> FT/MONTH)       = 8.33333E-02 
C                      (conversion of DAY -> MONTH is performed automatically) 
C   TUNITSK;  Time unit of conductivity.  This should be one of the units 
C              recognized by HEC-DSS that are listed in the Main Control File.  
C   FACTL ;   Conversion factor for stream bed thickness, stream length and wetted perimeter
C   IR    ;   Stream node number
C   WETPR ;   Wetted perimeter; [L]
C   IRGW  :   Corresponding groundwater node(s)
C              (List all the groundwater nodes corresponding to stream node IR)
C   CSTRM ;   Hydraulic conductivity of stream bed at groundwater node IRGW; [L/T]
C             **Stream Thickness is set to one, such that CSTRM represents Stream Conductance for this data file**
C   DSTRM ;   Thickness of stream bed at groundwater node IRGW; [L]
C
C------------------------------------------------------------------------------
C   VALUE                       / DESCRIPTION
C------------------------------------------------------------------------------
        1.0                     / FACTK
        1DAY                    / TUNITSK
        1.0                     / FACTL
C------------------------------------------------------------------------------
C      IR      WETPR     IRGW   CSTRM   DSTRM        
C------------------------------------------------------------------------------
1       500     30039   0.452   1       /Reach 1 - Kern River
2       500     29998   0.456   1       
3       500     29957   0.459   1       
4       500     29913   0.464   1       
5       500     29868   0.468   1       
6       500     29817   0.467   1       
7       500     29818   0.467   1       
8       500     29763   0.466   1       
9       500     29764   0.465   1       
10      500     29765   0.463   1       
11      500     29709   0.464   1       
12      500     29659   0.466   1       
13      500     29660   0.464   1       
14      500     29615   0.464   1       
15      700     29616   0.464   1       
16      700     29569   0.467   1       
17      700     29515   0.470   1       
18      700     29451   0.487   1       
19      700     29450   0.416   1       
20      700     29512   0.417   1       
21      700     29511   0.419   1       
22      700     29566   0.419   1       
23      700     29507   0.416   1       
24      700     29508   0.414   1       
25      800     29444   0.507   1       
26      800     29376   0.500   1       
27      800     29375   0.511   1       
28      800     29374   0.513   1       
29      800     29373   0.517   1       
30      900     29297   0.717   1       
31      900     29296   0.716   1       
32      900     29295   0.715   1       
33      900     29198   0.714   1       
34      900     29292   0.713   1       
35      900     29293   0.706   1       
36      900     29195   0.702   1       
37      900     29194   0.704   1       
38      900     29193   0.716   1       
39      900     29286   0.711   1       
40      900     29285   0.712   1       
41      600     29282   0.511   1       
42      600     29281   0.510   1       
43      600     29280   0.519   1       
44      600     29279   0.520   1       
45      600     29278   0.510   1       
46      600     29277   0.311   1       
47      600     29276   0.313   1       
48      600     29275   0.312   1       
49      600     29274   0.314   1       
50      600     29273   0.323   1       
51      600     29180   0.224   1       
52      600     29179   0.226   1       
53      600     29099   0.222   1       
54      600     29098   0.225   1       
55      600     29176   0.238   1       
56      400     29175   0.181   1       
57      400     29174   0.187   1       
58      400     29265   0.186   1       
59      400     29264   0.168   1       
60      400     29263   0.161   1       
61      400     29262   0.155   1       
62      400     29170   0.157   1       
63      400     29259   0.152   1       
64      400     29257   0.156   1       
65      400     29345   0.153   1       
66      400     29344   0.155   1       
67      400     29254   0.158   1       
68      400     29253   0.159   1       
69      400     29251   0.148   1       
70      400     29250   0.148   1       
71      400     29164   0.148   1       
72      400     29163   0.146   1       
73      400     29086   0.137   1       
74      400     29085   0.135   1       
75      400     29084   0.134   1       
76      400     29082   0.123   1       
77      400     29083   0.122   1       
78      400     29002   0.111   1       
79      400     29001   0.111   1       
80      400     29000   0.102   1       
81      400     29079   0.105   1       
82      400     28997   0.101   1       
83      400     28996   0.108   1       
84      400     29074   0.106   1       
85      400     29073   0.105   1       
86      300     29071   0.043   1       
87      300     29069   0.042   1       
88      300     29068   0.040   1       
89      300     29148   0.038   1       
90      300     29237   0.035   1       
91      150     29390   0.575   1       /Reach 2 - Poso River
92      150     29312   0.575   1       
93      150     29311   0.575   1       
94      150     29214   0.575   1       
95      150     29213   0.575   1       
96      150     29125   0.575   1       
97      150     29042   0.575   1       
98      150     28960   0.575   1       
99      150     28879   0.575   1       
100     150     28878   0.575   1       
101     150     28877   0.575   1       
102     150     28794   0.575   1       
103     150     28793   0.575   1       
104     150     28792   0.575   1       
105     150     28700   0.575   1       
106     150     28612   0.575   1       
107     150     28611   0.575   1       
108     150     28610   0.575   1       
109     150     28609   0.575   1       
110     150     28608   0.575   1       
111     150     28607   0.575   1       
112     150     28606   0.575   1       
113     150     28604   0.575   1       
114     150     28603   0.575   1       
115     150     28516   0.575   1       
116     150     28515   0.575   1       
117     150     28514   0.575   1       
118     150     28420   0.575   1       
119     150     28419   0.575   1       
120     150     28418   0.575   1       
121     150     28417   0.575   1       
122     150     28326   0.575   1       
123     150     28327   0.575   1       
124     150     28233   0.575   1       
125     150     28147   0.575   1       
126     150     28146   0.575   1       
127     150     28145   0.575   1       
128     150     28144   0.575   1       
129     150     28143   0.575   1       
130     150     28052   0.575   1       
131     150     28051   0.575   1       
132     150     28050   0.575   1       
133     150     27961   0.575   1       
134     150     27869   0.575   1       
135     150     27773   0.575   1       
136     150     27771   0.575   1       
137     150     27672   0.575   1       
138     150     27562   0.575   1       
139     150     27561   0.575   1       
140     150     27559   0.575   1       
141     150     27448   0.575   1       
142     150     27447   0.575   1       
143     150     27333   0.575   1       
144     150     27332   0.575   1       
145     150     27225   0.575   1       
146     150     27224   0.575   1       
147     150     27223   0.575   1       
148     150     27222   0.575   1       
149     150     27220   0.575   1       
150     150     27219   0.575   1       
151     150     27218   0.575   1       
152     150     27217   0.575   1       
153     150     27111   0.575   1       
154     150     27110   0.575   1       
155     150     27109   0.575   1       
156     150     27107   0.575   1       
157     150     27213   0.575   1       
158     150     27105   0.575   1       
159     150     27104   0.575   1       
160     150     27103   0.575   1       
161     150     27210   0.575   1       
162     150     27101   0.575   1       
163     150     27097   0.049   1       
164     150     27098   0.049   1       
165     150     27099   0.049   1       
166     150     26982   0.010   1       
167     150     26981   0.010   1       
168     150     26862   0.011   1       
169     150     26749   0.011   1       
170     150     26747   0.010   1       
171     150     26746   0.009   1       
172     150     26644   0.008   1       
173     150     26645   0.008   1       
174     150     26546   0.001   1       
175     150     26440   0.001   1       
176     150     26439   0.001   1       
177     150     26438   0.001   1       
178     150     26437   0.001   1       
179     150     26436   0.001   1       
180     150     26334   0.001   1       
181     150     26333   0.001   1       
182     150     26332   0.001   1       
183     150     26331   0.001   1       
184     150     26330   0.001   1       
185     300     29237   0.001   1       /Reach 3 - Kern River To Tulare
186     300     29148   0.038   1       
187     300     29068   0.040   1       
188     300     29069   0.042   1       
189     300     29071   0.043   1       
190     400     28992   0.145   1       
191     400     28913   0.146   1       
192     400     28912   0.146   1       
193     400     28911   0.146   1       
194     400     28910   0.147   1       
195     400     28909   0.147   1       
196     400     28833   0.147   1       
197     400     28832   0.147   1       
198     400     28748   0.147   1       
199     400     28830   0.147   1       
200     400     28745   0.147   1       
201     400     28744   0.148   1       
202     400     28655   0.148   1       
203     400     28742   0.151   1       
204     400     28653   0.158   1       
205     300     28652   0.082   1       
206     300     28569   0.071   1       
207     300     28568   0.068   1       
208     300     28567   0.076   1       
209     300     28481   0.044   1       
210     300     28480   0.044   1       
211     300     28389   0.044   1       
212     300     28387   0.043   1       
213     300     28386   0.043   1       
214     300     28385   0.042   1       
215     300     28293   0.042   1       
216     300     28294   0.041   1       
217     300     28203   0.043   1       
218     300     28202   0.048   1       
219     300     28110   0.049   1       
220     300     28108   0.010   1       
221     300     28109   0.010   1       
222     300     28018   0.010   1       
223     300     27931   0.002   1       
224     300     27932   0.002   1       
225     300     27837   0.001   1       
226     300     27838   0.001   1       
227     300     27839   0.001   1       
228     300     27840   0.001   1       
229     300     27739   0.001   1       
230     300     27740   0.010   1       
231     300     27640   0.001   1       
232     300     27528   0.001   1       
233     300     27529   0.001   1       
234     300     27412   0.001   1       
235     300     27413   0.001   1       
236     300     27300   0.001   1       
237     300     27301   0.001   1       
238     300     27302   0.001   1       
239     300     27303   0.001   1       
240     300     27304   0.001   1       
241     300     27191   0.001   1       
242     300     27075   0.001   1       
243     300     27076   0.001   1       
244     300     27077   0.001   1       
245     300     26960   0.001   1       
246     300     26961   0.001   1       
247     300     26962   0.001   1       
248     300     26963   0.001   1       
249     300     26964   0.001   1       
250     300     26965   0.001   1       
251     300     26966   0.001   1       
252     300     26847   0.001   1       
253     300     26730   0.001   1       
254     300     26731   0.001   1       
255     300     26629   0.001   1       
256     300     26735   0.001   1       
257     300     26736   0.001   1       
258     300     26633   0.001   1       
259     300     26632   0.001   1       
260     300     26532   0.001   1       
261     300     26533   0.001   1       
262     300     26534   0.001   1       
263     300     26535   0.001   1       
264     300     26538   0.001   1       
265     300     26537   0.001   1       
266     300     26431   0.001   1       
267     300     26432   0.001   1       
268     300     26329   0.001   1       
269     300     26330   0.001   1       
270     300     26226   0.001   1       
271     300     26227   0.001   1       
272     300     26121   0.001   1       
273     300     26011   0.001   1       
274     300     26012   0.001   1       
275     300     26014   0.001   1       
276     300     26015   0.001   1       
277     300     26016   0.001   1       
278     300     25908   0.001   1       
279     300     25810   0.001   1       
280     300     25811   0.001   1       
281     300     25704   0.001   1       
282     300     25705   0.001   1       
283     300     25597   0.001   1       
284     300     25598   0.001   1       
285     300     25708   0.001   1       
286     300     25709   0.001   1       
287     300     25710   0.001   1       
288     300     25711   0.001   1       
289     300     25818   0.001   1       
290     300     25819   0.007   1       
291     300     25820   0.001   1       
292     300     25714   0.001   1       
293     300     25715   0.001   1       
294     300     25716   0.001   1       
295     300     25717   0.001   1       
296     300     25824   0.001   1       
297     300     25825   0.001   1       
298     300     25720   0.001   1       
299     300     25721   0.001   1       
300     300     25607   0.001   1       
301     300     25724   0.001   1       
302     300     25725   0.001   1       
303     300     25610   0.001   1       
304     300     25611   0.001   1       
305     300     25495   0.001   1       
306     300     25496   0.001   1       
307     300     25498   0.001   1       
308     300     25370   0.001   1       
309     300     25371   0.001   1       
310     300     25372   0.001   1       
311     300     25373   0.001   1       
312     300     25374   0.001   1       
313     300     25375   0.001   1       
314     300     25376   0.001   1       
315     300     25377   0.001   1       
316     300     25378   0.001   1       
317     300     25379   0.001   1       
318     300     25380   0.001   1       
319     300     25381   0.001   1       
320     300     25508   0.001   1       
321     300     25384   0.001   1       
322     300     25385   0.001   1       
323     300     25386   0.001   1       
324     300     25513   0.001   1       
325     200     28455   2.461   1       /Reach 4 - White River
326     200     28454   2.811   1       
327     200     28363   3.498   1       
328     200     28362   4.063   1       
329     200     28267   2.948   1       
330     200     28181   2.694   1       
331     200     28180   2.568   1       
332     200     28091   2.490   1       
333     200     28090   2.486   1       
334     200     27999   2.433   1       
335     200     27997   2.443   1       
336     200     27913   2.436   1       
337     200     27912   2.304   1       
338     200     27911   2.328   1       
339     200     27814   2.359   1       
340     200     27813   2.300   1       
341     200     27812   2.339   1       
342     200     27810   2.341   1       
343     200     27809   2.345   1       
344     200     27808   2.350   1       
345     200     27807   2.358   1       
346     200     27806   2.357   1       
347     200     27805   2.353   1       
348     200     27804   2.366   1       
349     200     27706   2.391   1       
350     200     27705   2.400   1       
351     200     27704   2.397   1       
352     200     27702   2.399   1       
353     200     27701   2.398   1       
354     200     27700   2.376   1       
355     200     27594   2.355   1       
356     200     27593   2.331   1       
357     200     27591   2.301   1       
358     200     27476   2.296   1       
359     200     27588   2.271   1       
360     200     27474   2.248   1       
361     200     27585   2.216   1       
362     200     27584   2.168   1       
363     200     27583   2.140   1       
364     200     27582   2.059   1       
365     200     27469   1.963   1       
366     200     27353   1.876   1       
367     200     27354   1.797   1       
368     200     27243   1.727   1       
369     200     27244   1.662   1       
370     200     27130   1.570   1       
371     200     27007   1.414   1       
372     200     26885   1.332   1       
373     200     26772   1.355   1       
374     200     26665   1.340   1       
375     200     26564   1.302   1       
376     200     26459   1.302   1       
377     200     26458   1.339   1       
378     200     26353   1.493   1       
379     200     26352   1.582   1       
380     200     26246   1.569   1       
381     200     26140   1.466   1       
382     200     26141   1.333   1       
383     200     26142   1.256   1       
384     200     26251   1.183   1       
385     200     26252   1.184   1       
386     200     27628   1.846   1       /Reach 5 - Deer Creek
387     200     27627   1.822   1       
388     200     27514   1.871   1       
389     200     27398   1.826   1       
390     200     27287   1.821   1       
391     200     27284   1.782   1       
392     200     27282   1.816   1       
393     200     27392   1.914   1       
394     200     27391   2.065   1       
395     200     27390   2.192   1       
396     200     27389   2.423   1       
397     200     27387   2.453   1       
398     200     27386   2.369   1       
399     200     27385   2.379   1       
400     200     27502   2.479   1       
401     200     27501   2.404   1       
402     200     27615   2.381   1       
403     200     27613   2.231   1       
404     200     27498   2.216   1       
405     200     27496   2.164   1       
406     200     27614   2.093   1       
407     200     27494   2.222   1       
408     200     27378   2.318   1       
409     200     27270   2.347   1       
410     200     27269   2.352   1       
411     200     27267   2.357   1       
412     200     27153   2.339   1       
413     200     27035   2.314   1       
414     200     27034   2.167   1       
415     200     27033   2.109   1       
416     200     27032   2.247   1       
417     200     27031   2.334   1       
418     200     27029   2.351   1       
419     200     27028   2.346   1       
420     200     26906   2.334   1       
421     200     26904   2.322   1       
422     200     26903   2.304   1       
423     200     26902   2.278   1       
424     200     26900   2.226   1       
425     200     27020   2.125   1       
426     200     27019   2.044   1       
427     200     27018   1.970   1       
428     200     27017   1.906   1       
429     200     27016   1.807   1       
430     200     27015   1.741   1       
431     200     26894   1.710   1       
432     200     26893   1.609   1       
433     200     27011   1.510   1       
434     200     27012   1.453   1       
435     200     26890   1.409   1       
436     200     26889   1.360   1       
437     200     26775   1.320   1       
438     200     26776   1.275   1       
439     200     26777   1.220   1       
440     200     26669   1.132   1       
441     200     26670   1.104   1       
442     200     26571   1.143   1       
443     200     26569   1.155   1       
444     200     26570   1.136   1       
445     200     26467   1.160   1       
446     200     26466   1.178   1       
447     200     26360   1.185   1       
448     200     26359   1.184   1       
449     200     26252   1.184   1       
450     200     26253   1.190   1       
451     200     26254   1.199   1       
452     200     26256   1.233   1       
453     200     26148   1.281   1       
454     200     26044   1.382   1       
455     200     25941   1.459   1       
456     200     25846   1.682   1       
457     200     25745   1.712   1       
458     200     25639   1.560   1       
459     200     25640   1.523   1       
460     200     25534   1.506   1       
461     200     25406   1.506   1       
462     420     27176   1.868   1       /Reach 6 - Tule River
463     420     27175   1.758   1       
464     420     27060   1.763   1       
465     420     27172   1.818   1       
466     420     27058   1.832   1       
467     420     26943   1.940   1       
468     420     26942   2.073   1       
469     420     26941   2.214   1       
470     420     26940   2.293   1       
471     420     26823   2.378   1       
472     420     26822   2.472   1       
473     420     26821   2.182   1       
474     420     26819   2.302   1       
475     420     26818   2.559   1       
476     420     26930   2.615   1       
477     420     26929   2.629   1       
478     420     26928   2.573   1       
479     420     26814   2.598   1       
480     420     26813   2.735   1       
481     420     26812   3.161   1       
482     420     26811   4.740   1       
483     420     26810   3.069   1       
484     420     26809   2.266   1       
485     420     26696   2.046   1       
486     420     26599   2.238   1       
487     420     26498   2.303   1       
488     420     26497   2.285   1       
489     420     26496   2.236   1       
490     420     26495   2.160   1       
491     420     26391   2.169   1       
492     420     26288   2.216   1       
493     420     26389   2.270   1       
494     420     26286   2.304   1       
495     420     26285   2.312   1       
496     420     26182   2.297   1       
497     420     26181   2.241   1       
498     420     26179   2.225   1       
499     420     26178   2.207   1       
500     420     26177   2.202   1       
501     420     26076   2.250   1       
502     420     26075   2.366   1       
503     420     26074   2.196   1       
504     420     26172   2.156   1       
505     420     26171   2.159   1       
506     420     26071   2.177   1       
507     420     26070   2.309   1       
508     420     26069   2.825   1       
509     420     25967   2.285   1       
510     420     25966   2.018   1       
511     420     25965   1.966   1       
512     420     26066   1.945   1       
513     420     26064   1.945   1       
514     420     25963   1.942   1       
515     420     25962   1.928   1       
516     420     25961   1.917   1       
517     420     25959   1.903   1       
518     420     25958   1.889   1       
519     420     25957   1.874   1       
520     420     25956   1.880   1       
521     420     25955   1.859   1       
522     420     25954   1.841   1       
523     420     25953   1.799   1       
524     420     25856   1.716   1       
525     420     25855   1.838   1       
526     420     25755   1.978   1       
527     420     25754   1.861   1       
528     420     25753   1.796   1       
529     420     25752   1.735   1       
530     420     25645   1.682   1       
531     420     25644   1.628   1       
532     420     25643   1.591   1       
533     420     25536   1.558   1       
534     420     25535   1.540   1       
535     420     25406   1.506   1       
536     420     25405   1.472   1       
537     420     25532   1.462   1       
538     420     25531   1.455   1       
539     420     25530   1.440   1       
540     420     25635   1.417   1       
541     420     25528   1.394   1       
542     420     25527   1.346   1       
543     420     25526   1.316   1       
544     420     25525   1.245   1       
545     420     25399   1.169   1       
546     420     25398   1.175   1       
547     420     25521   1.202   1       
548     420     25519   1.235   1       
549     420     25518   1.259   1       
550     420     25516   1.270   1       
551     420     25512   1.265   1       
552     420     25513   1.245   1       
553     200     25575   1.459   1       /Reach 7 - Kaweah River
554     200     25465   1.727   1       
555     200     25344   1.735   1       
556     200     25218   1.717   1       
557     200     25102   1.703   1       
558     200     25101   1.778   1       
559     200     25100   1.787   1       
560     200     24981   1.843   1       
561     200     25098   1.871   1       
562     200     24979   1.931   1       
563     200     24978   1.982   1       
564     200     24976   2.091   1       
565     200     24975   2.118   1       
566     200     24868   2.148   1       
567     200     24867   2.103   1       
568     200     24866   1.998   1       
569     200     24864   1.950   1       
570     200     24971   1.936   1       
571     200     25088   1.926   1       
572     200     25087   1.939   1       
573     200     25085   1.960   1       
574     200     24968   2.000   1       
575     200     24967   2.309   1       
576     200     24966   2.408   1       
577     200     24965   3.287   1       
578     200     24963   3.712   1       
579     200     24962   2.681   1       
580     200     24961   2.495   1       
581     200     25076   2.471   1       
582     200     25075   2.401   1       
583     200     25074   2.317   1       
584     200     25072   2.292   1       
585     200     25320   2.279   1       
586     200     25319   2.257   1       
587     200     25318   2.254   1       
588     200     25191   2.274   1       
589     200     25190   2.370   1       
590     200     25068   2.288   1       
591     200     25067   2.233   1       
592     200     25066   2.158   1       
593     200     25064   2.049   1       
594     200     25186   2.083   1       
595     200     25185   2.089   1       
596     200     25310   1.875   1       
597     200     25447   1.765   1       
598     200     25446   2.094   1       
599     200     25444   2.326   1       
600     200     25561   2.433   1       
601     200     25442   2.256   1       
602     200     25440   2.322   1       
603     200     25305   2.383   1       
604     200     25438   2.158   1       
605     200     25303   2.067   1       
606     200     25435   2.011   1       
607     200     25301   2.000   1       
608     200     25299   1.998   1       
609     200     25298   1.986   1       
610     200     25297   1.963   1       
611     200     25296   1.930   1       
612     200     25430   1.888   1       
613     200     25429   1.870   1       
614     200     25428   1.872   1       
615     200     25427   1.869   1       
616     200     25426   1.862   1       
617     200     25289   1.851   1       
618     200     25288   1.831   1       
619     200     25287   1.804   1       
620     200     25422   1.765   1       
621     200     25284   1.740   1       
622     200     25419   1.734   1       
623     200     25282   1.759   1       
624     200     25281   1.731   1       
625     200     25280   1.730   1       
626     200     25279   1.659   1       
627     200     25278   1.609   1       
628     200     25277   1.592   1       
629     200     25163   1.564   1       
630     200     25161   1.493   1       
631     200     25160   1.434   1       
632     200     25037   1.388   1       
633     200     25038   1.388   1       
634     200     24928   1.432   1       
635     200     24823   1.364   1       
636     200     24822   1.323   1       
637     200     24821   1.312   1       
638     200     24820   1.289   1       
639     200     24718   1.270   1       
640     200     24818   1.267   1       
641     200     24817   1.231   1       
642     200     24816   1.161   1       
643     200     24815   1.112   1       
644     200     24915   1.150   1       
645     475     23226   1.176   1       /Reach 8 - Kings River
646     475     23087   1.190   1       
647     475     22961   1.164   1       
648     475     22848   1.061   1       
649     475     22847   1.106   1       
650     475     22845   1.240   1       
651     475     22742   1.634   1       
652     475     22740   2.209   1       
653     475     22739   1.698   1       
654     475     22738   1.655   1       
655     475     22839   1.659   1       
656     475     22736   1.669   1       
657     475     22735   1.690   1       
658     475     22643   1.692   1       
659     475     22642   1.688   1       
660     475     22641   1.712   1       
661     475     22551   1.741   1       
662     475     22637   1.825   1       
663     475     22636   1.999   1       
664     475     22547   2.054   1       
665     475     22546   1.882   1       
666     475     22631   1.886   1       
667     475     22630   1.801   1       
668     475     22726   1.762   1       
669     475     22827   1.786   1       
670     475     22828   1.781   1       
671     475     22942   1.763   1       
672     475     22943   1.725   1       
673     475     23069   1.669   1       
674     475     23070   1.713   1       
675     475     23208   1.788   1       
676     475     23206   1.735   1       
677     475     23350   1.780   1       
678     475     23203   1.876   1       
679     475     23347   1.663   1       
680     475     23346   1.616   1       
681     475     23344   1.625   1       
682     475     23343   1.610   1       
683     475     23342   1.585   1       
684     475     23487   1.566   1       
685     475     23486   1.547   1       
686     475     23340   1.562   1       
687     475     23339   1.612   1       
688     475     23196   1.622   1       
689     475     23337   1.601   1       
690     475     23481   1.560   1       
691     475     23480   1.544   1       
692     475     23479   1.567   1       
693     475     23478   1.593   1       
694     475     23477   1.604   1       
695     475     23475   1.659   1       
696     475     23623   1.829   1       
697     475     23622   1.965   1       
698     475     23620   2.352   1       
699     475     23619   1.543   1       
700     475     23618   1.163   1       
701     475     23748   1.286   1       
702     475     23871   1.812   1       
703     475     23747   2.066   1       
704     475     23868   1.928   1       
705     475     23867   1.677   1       
706     475     23866   1.637   1       
707     475     23865   1.555   1       
708     475     23974   1.515   1       
709     475     24076   1.479   1       
710     475     24075   1.463   1       
711     475     24174   1.444   1       
712     475     24074   1.430   1       
713     475     23971   1.426   1       
714     475     24072   1.409   1       
715     475     24071   1.485   1       
716     475     24070   1.376   1       
717     475     24069   1.310   1       
718     475     23968   1.311   1       
719     475     23967   1.304   1       
720     475     23965   1.285   1       
721     475     23964   1.279   1       
722     475     23963   1.263   1       
723     475     23962   1.304   1       
724     475     23961   1.310   1       
725     475     23960   1.285   1       
726     475     23851   1.265   1       
727     475     23850   1.231   1       
728     475     23849   1.193   1       
729     475     23731   1.231   1       
730     475     23732   1.282   1       
731     475     23602   1.287   1       
732     475     23601   1.230   1       
733     475     23600   1.181   1       
734     475     23455   1.167   1       
735     475     23596   1.115   1       
736     475     23595   1.092   1       
737     475     23452   1.134   1       
738     475     23451   1.138   1       
739     475     23450   1.148   1       
740     475     23590   1.081   1       
741     475     23589   1.029   1       
742     475     23721   0.982   1       
743     475     23720   0.948   1       
744     475     23719   0.916   1       
745     475     23718   0.943   1       
746     475     23584   0.971   1       
747     475     23584   1.182   1       /Reach 9 - Kings River South
748     475     23716   1.157   1       
749     475     23715   1.160   1       
750     475     23714   1.195   1       
751     475     23713   1.343   1       
752     475     23712   1.319   1       
753     475     23574   1.152   1       
754     475     23573   1.139   1       
755     475     23572   1.164   1       
756     475     23434   1.221   1       
757     475     23294   1.237   1       
758     475     23154   1.348   1       
759     475     23153   1.189   1       
760     475     23020   1.090   1       
761     475     23019   1.005   1       
762     475     23018   0.920   1       
763     475     23016   0.759   1       
764     475     23015   0.826   1       
765     475     23147   0.926   1       
766     475     23287   0.995   1       
767     475     23426   1.022   1       
768     475     23425   1.007   1       
769     475     23424   0.998   1       
770     475     23423   0.974   1       
771     475     23559   0.947   1       
772     475     23558   0.931   1       
773     475     23557   0.917   1       
774     475     23556   0.909   1       
775     475     23696   0.897   1       
776     475     23695   0.903   1       
777     475     23694   0.886   1       
778     475     23693   0.899   1       
779     475     23814   0.911   1       
780     475     23691   0.903   1       
781     475     23690   0.888   1       
782     475     23811   0.851   1       
783     475     23810   0.741   1       
784     475     23928   0.628   1       
785     475     24033   0.692   1       
786     475     24032   0.767   1       
787     475     24032   1.066   1       /Reach 10 - Tulare Lake Bed
788     475     24031   1.102   1       
789     475     24029   1.124   1       
790     475     24134   1.176   1       
791     475     24027   1.215   1       
792     475     24132   1.231   1       
793     475     24234   1.237   1       
794     475     24322   1.240   1       
795     475     24321   1.242   1       
796     475     24320   1.246   1       
797     475     24319   1.245   1       
798     475     24318   1.226   1       
799     475     24406   1.209   1       
800     475     24405   1.202   1       
801     475     24404   1.195   1       
802     475     24403   1.186   1       
803     475     24495   1.181   1       
804     475     24494   1.175   1       
805     475     24594   1.168   1       
806     475     24492   1.158   1       
807     420     24492   1.158   1       /Reach 11 - Tulare Lake Bed
808     420     24592   1.158   1       
809     420     24697   1.165   1       
810     420     24799   1.176   1       
811     420     24700   1.192   1       
812     420     24800   1.200   1       
813     420     24801   1.203   1       
814     420     24903   1.204   1       
815     420     24904   1.206   1       
816     420     24905   1.200   1       
817     420     25013   1.196   1       
818     420     25135   1.193   1       
819     420     25015   1.188   1       
820     420     25136   1.179   1       
821     420     25137   1.175   1       
822     420     25253   1.180   1       
823     420     25254   1.185   1       
824     420     25256   1.185   1       
825     420     25390   1.198   1       
826     420     25391   1.227   1       
827     420     25513   1.245   1       
828     200     25513   1.245   1       /Reach 12 - Tulare Lake Canal
829     200     25392   1.284   1       
830     200     25393   1.300   1       
831     200     25260   1.303   1       
832     200     25149   1.301   1       
833     200     25148   1.296   1       
834     200     25147   1.286   1       
835     200     25145   1.279   1       
836     200     25026   1.275   1       
837     200     25025   1.267   1       
838     200     24917   1.247   1       
839     200     24916   1.213   1       
840     200     24915   1.150   1       
841     200     24813   1.102   1       
842     200     24713   1.130   1       
843     200     24614   1.155   1       
844     200     24613   1.114   1       
845     200     24611   1.164   1       
846     200     24610   1.235   1       
847     200     24609   1.268   1       
848     200     24608   1.270   1       
849     200     24511   1.234   1       
850     200     24510   1.182   1       
851     200     24507   1.176   1       
852     200     24509   1.212   1       
853     200     24415   1.227   1       
854     200     24326   1.190   1       
855     200     24327   1.143   1       
856     200     24238   1.064   1       
857     200     24137   1.086   1       
858     200     24138   1.104   1       
859     200     23777   1.294   1       /Reach 13 - Zapota Chino South
860     200     23900   1.321   1       
861     200     23779   1.353   1       
862     200     23780   1.398   1       
863     200     23782   1.427   1       
864     200     23660   1.425   1       
865     200     23661   1.396   1       
866     200     23520   1.380   1       
867     200     23384   1.364   1       
868     200     23385   1.351   1       
869     200     23386   1.337   1       
870     200     23248   1.331   1       
871     200     23388   1.326   1       
872     200     23389   1.315   1       
873     200     23527   1.325   1       
874     200     23528   1.325   1       
875     200     23392   1.325   1       
876     200     23393   1.331   1       
877     200     23394   1.322   1       
878     200     23254   1.313   1       
879     200     23115   1.312   1       
880     200     23896   1.207   1       /Reach 14 - Zapota Chino North
881     200     23897   1.206   1       
882     200     23775   1.203   1       
883     200     23776   1.207   1       
884     200     23649   1.173   1       
885     200     23650   1.127   1       
886     200     23506   1.083   1       
887     200     23508   1.104   1       
888     200     23509   1.169   1       
889     200     23369   1.196   1       
890     200     23371   1.200   1       
891     200     23372   1.230   1       
892     200     23373   1.270   1       
893     200     23375   1.309   1       
894     200     23234   1.379   1       
895     200     23236   1.534   1       
896     200     23237   1.710   1       
897     200     23098   1.512   1       
898     200     23099   1.313   1       
899     200     23100   1.164   1       
900     200     22969   1.145   1       
901     200     22970   1.214   1       
902     200     22855   1.222   1       
903     200     22972   1.252   1       
904     200     22974   1.296   1       
905     200     22975   1.304   1       
906     200     22858   1.314   1       
907     200     22859   1.318   1       
908     200     22752   1.316   1       
909     200     22862   1.317   1       
910     200     22981   1.321   1       
911     200     23113   1.326   1       
912     200     23112   1.329   1       
913     200     23115   1.312   1       
914     200     23115   1.312   1       /Reach 15 - Zapota Chino Creek
915     200     23116   1.322   1       
916     200     22985   1.321   1       
917     200     22986   1.331   1       
918     200     22987   1.346   1       
919     200     23123   1.371   1       
920     200     22990   1.418   1       
921     200     22991   1.460   1       
922     200     22992   1.481   1       
923     200     22993   1.464   1       
924     200     22994   1.404   1       
925     200     22995   1.347   1       
926     200     22872   1.297   1       
927     200     22873   1.250   1       
928     200     22874   1.227   1       
929     200     22876   1.208   1       
930     200     21582   1.448   1       /Reach 16 - Caunta Creek
931     200     21464   1.497   1       
932     200     21465   1.486   1       
933     200     21466   1.440   1       
934     200     21587   1.380   1       
935     200     21588   1.329   1       
936     200     21589   1.292   1       
937     200     21590   1.280   1       
938     200     21592   1.267   1       
939     200     21593   1.260   1       
940     200     21594   1.259   1       
941     200     21705   1.258   1       
942     200     21805   1.250   1       
943     200     21707   1.230   1       
944     200     21597   1.219   1       
945     200     21598   1.209   1       
946     200     20444   2.707   1       /Reach 17 - Panoche Creek South
947     200     20443   2.873   1       
948     200     20325   2.674   1       
949     200     20197   2.685   1       
950     200     20090   2.689   1       
951     200     19992   2.821   1       
952     200     20088   2.791   1       /Reach 18 - Panoche Creek North
953     200     20089   3.008   1       
954     200     19991   2.991   1       
955     200     19992   2.821   1       
956     200     19992   2.821   1       /Reach 19 - Panoche Creek
957     200     19993   2.595   1       
958     200     19899   2.435   1       
959     200     19900   2.214   1       
960     200     19810   1.961   1       
961     200     19811   1.767   1       
962     200     19812   1.628   1       
963     200     19905   1.512   1       
964     200     19815   1.512   1       
965     200     19816   1.477   1       
966     200     19719   1.495   1       
967     200     19617   1.415   1       
968     200     19618   1.373   1       
969     200     19723   1.348   1       
970     200     19620   1.304   1       
971     200     19725   1.241   1       
972     200     19622   1.199   1       
973     200     19623   1.151   1       
974     200     19624   1.179   1       
975     200     19627   1.190   1       
976     200     19628   1.200   1       
977     200     19629   1.220   1       
978     200     19630   1.235   1       
979     200     19632   1.254   1       
980     200     19634   1.287   1       
981     200     19635   1.323   1       
982     200     19636   1.344   1       
983     200     19637   1.361   1       
984     200     19638   1.378   1       
985     200     19521   1.398   1       
986     200     19605   1.117   1       /Reach 20 - Little Panoche Creek
987     200     19496   1.344   1       
988     200     19497   1.327   1       
989     200     19393   1.241   1       
990     200     19389   1.117   1       
991     200     19390   1.041   1       
992     200     19391   1.079   1       
993     200     19392   1.019   1       
994     200     19286   1.036   1       
995     200     19287   1.339   1       
996     200     19173   1.600   1       
997     200     19175   1.774   1       
998     200     19044   1.834   1       
999     200     19043   1.865   1       
1000    200     18914   1.888   1       
1001    200     18801   1.855   1       
1002    200     18802   1.777   1       
1003    200     18803   1.771   1       
1004    200     18693   1.827   1       
1005    200     18694   1.955   1       
1006    200     18695   2.106   1       
1007    200     18696   2.201   1       
1008    200     18697   2.266   1       
1009    200     18699   2.211   1       
1010    200     18700   2.155   1       
1011    200     18701   2.071   1       
1012    200     18601   2.033   1       
1013    200     18602   1.989   1       
1014    200     18603   1.925   1       
1015    200     18604   1.858   1       
1016    200     18709   1.844   1       
1017    200     18710   1.791   1       
1018    200     18712   1.838   1       
1019    200     18713   1.869   1       
1020    200     18714   2.170   1       
1021    200     18715   1.658   1       
1022    260     23584   0.991   1       /Reach 21 - Fresno Slough
1023    260     23582   1.007   1       
1024    260     23444   0.983   1       
1025    260     23443   0.972   1       
1026    260     23304   0.986   1       
1027    260     23303   1.001   1       
1028    260     23439   1.003   1       
1029    260     23300   1.030   1       
1030    260     23299   1.070   1       
1031    260     23159   1.133   1       
1032    260     23026   1.221   1       
1033    260     23027   1.171   1       
1034    260     22899   1.058   1       
1035    260     22900   1.022   1       
1036    260     22786   1.008   1       
1037    260     22787   0.981   1       
1038    260     22788   0.982   1       
1039    260     22789   0.992   1       
1040    260     22688   0.984   1       
1041    260     22689   0.999   1       
1042    260     22690   1.017   1       
1043    260     22592   1.005   1       
1044    260     22593   0.975   1       
1045    260     22504   0.976   1       
1046    260     22503   0.941   1       
1047    260     22419   0.943   1       
1048    260     22420   0.936   1       
1049    260     22421   0.925   1       
1050    260     22340   0.913   1       
1051    260     22342   0.926   1       
1052    260     22343   0.935   1       
1053    260     22263   0.944   1       
1054    260     22262   0.922   1       
1055    260     22178   0.907   1       
1056    260     22179   0.925   1       
1057    260     22089   0.937   1       
1058    260     22000   0.943   1       
1059    260     22001   0.934   1       
1060    260     22002   0.931   1       
1061    260     22003   0.932   1       
1062    260     22004   0.941   1       
1063    260     22005   0.946   1       
1064    260     22007   0.940   1       
1065    260     22008   0.935   1       
1066    260     21919   0.934   1       
1067    260     21825   0.938   1       
1068    260     21826   0.951   1       
1069    260     21827   0.958   1       
1070    260     21828   0.964   1       
1071    260     21730   0.969   1       
1072    260     21731   0.972   1       
1073    260     21732   0.969   1       
1074    260     21618   0.961   1       
1075    260     21495   0.949   1       
1076    260     21368   0.933   1       
1077    260     21369   0.908   1       
1078    260     21370   0.873   1       
1079    260     21371   0.833   1       
1080    260     21243   0.874   1       
1081    260     21244   0.908   1       
1082    260     21245   0.926   1       
1083    260     21246   0.935   1       
1084    260     21247   0.934   1       
1085    260     21132   0.897   1       
1086    260     21134   0.821   1       
1087    260     21135   0.879   1       
1088    260     21136   0.925   1       
1089    260     21035   0.947   1       
1090    260     20936   0.973   1       
1091    260     20935   1.043   1       
1092    260     20934   1.216   1       
1093    260     20840   1.041   1       
1094    260     20747   0.985   1       
1095    260     20748   0.974   1       
1096    260     20749   0.975   1       
1097    260     20659   0.972   1       
1098    260     20567   0.969   1       
1099    260     20465   0.984   1       
1100    260     20466   1.005   1       
1101    260     20346   1.032   1       
1102    260     20347   1.048   1       
1103    260     20348   1.075   1       
1104    260     20221   1.104   1       
1105    260     20113   1.146   1       
1106    260     20224   1.208   1       
1107    260     20225   1.283   1       
1108    260     20117   1.227   1       
1109    260     20118   1.235   1       
1110    260     20119   1.235   1       
1111    260     20020   1.267   1       
1112    260     20123   1.305   1       
1113    260     20022   1.052   1       
1114    260     20023   1.264   1       
1115    290     21214   1.908   1       /Reach 22 - San Joaquin River
1116    290     21213   1.900   1       
1117    290     21102   1.846   1       
1118    290     21101   1.849   1       
1119    290     21100   1.845   1       
1120    290     21099   1.818   1       
1121    290     21098   1.796   1       
1122    290     21097   1.843   1       
1123    290     21204   1.877   1       
1124    290     21205   1.900   1       
1125    290     21329   1.914   1       
1126    290     21457   1.918   1       
1127    290     21327   1.909   1       
1128    290     21326   1.917   1       
1129    290     21201   1.901   1       
1130    290     21200   1.916   1       
1131    290     21323   1.933   1       
1132    290     21322   1.975   1       
1133    290     21321   1.988   1       
1134    290     21196   1.947   1       
1135    290     21319   1.843   1       
1136    290     21318   1.648   1       
1137    290     21317   1.733   1       
1138    290     21316   1.863   1       
1139    290     21445   2.563   1       
1140    290     21567   1.930   1       
1141    290     21687   1.941   1       
1142    290     21565   1.935   1       
1143    290     21563   1.950   1       
1144    290     21562   1.990   1       
1145    290     21683   2.742   1       
1146    290     21682   2.098   1       
1147    290     21681   2.059   1       
1148    290     21680   2.059   1       
1149    290     21557   2.909   1       
1150    290     21437   2.241   1       
1151    290     21436   2.668   1       
1152    290     21435   2.320   1       
1153    290     21554   2.190   1       
1154    290     21434   2.098   1       
1155    290     21553   2.024   1       
1156    290     21552   1.978   1       
1157    290     21432   1.947   1       
1158    290     21306   1.923   1       
1159    290     21430   1.903   1       
1160    290     21429   1.868   1       
1161    290     21428   1.831   1       
1162    290     21547   1.806   1       
1163    290     21546   1.782   1       
1164    290     21426   1.801   1       
1165    290     21425   1.879   1       
1166    290     21543   1.887   1       
1167    290     21542   1.901   1       
1168    290     21665   1.901   1       
1169    290     21664   1.904   1       
1170    290     21539   1.904   1       
1171    290     21661   1.869   1       
1172    290     21537   1.812   1       
1173    290     21536   1.895   1       
1174    290     21657   1.875   1       
1175    290     21656   1.851   1       
1176    290     21655   1.852   1       
1177    290     21654   1.877   1       
1178    290     21533   1.873   1       
1179    290     21532   1.864   1       
1180    290     21650   1.845   1       
1181    290     21651   1.829   1       
1182    290     21648   1.819   1       
1183    290     21529   1.803   1       
1184    290     21528   1.808   1       
1185    290     21527   1.798   1       
1186    290     21526   1.785   1       
1187    290     21525   1.747   1       
1188    290     21524   1.748   1       
1189    290     21522   2.407   1       
1190    290     21411   1.711   1       
1191    290     21410   1.809   1       
1192    290     21409   1.758   1       
1193    290     21290   1.756   1       
1194    290     21289   1.761   1       
1195    290     21170   1.874   1       
1196    290     21169   2.250   1       
1197    290     21168   1.852   1       
1198    290     21283   1.759   1       
1199    290     21282   1.635   1       
1200    290     21281   1.652   1       
1201    290     21279   1.733   1       
1202    290     21278   1.703   1       
1203    290     21164   1.531   1       
1204    290     21163   1.499   1       
1205    290     21162   1.483   1       
1206    290     21161   1.429   1       
1207    290     21160   1.405   1       
1208    290     21273   1.368   1       
1209    290     21396   1.379   1       
1210    290     21271   1.415   1       
1211    290     21270   1.421   1       
1212    290     21157   1.913   1       
1213    290     21156   1.396   1       
1214    290     21155   1.370   1       
1215    290     21055   1.363   1       
1216    290     21054   1.363   1       
1217    290     21053   1.373   1       
1218    290     21052   1.433   1       
1219    290     20954   1.525   1       
1220    290     21051   1.751   1       
1221    290     20949   1.870   1       
1222    290     20950   1.697   1       
1223    290     20951   1.706   1       
1224    290     20860   1.757   1       
1225    290     20855   1.694   1       
1226    290     20856   1.496   1       
1227    290     20762   1.419   1       
1228    290     20858   1.390   1       
1229    290     20764   1.373   1       
1230    290     20765   1.841   1       
1231    290     20766   1.361   1       
1232    290     20766   1.361   1       /Reach 23 - San Joaquin River
1233    290     20767   1.348   1       
1234    290     20670   1.336   1       
1235    290     20671   1.823   1       
1236    290     20672   1.351   1       
1237    290     20580   1.362   1       
1238    290     20479   1.375   1       
1239    290     20480   1.913   1       
1240    290     20581   1.371   1       
1241    290     20582   1.387   1       
1242    290     20583   1.423   1       
1243    290     20482   1.491   1       
1244    290     20483   2.081   1       
1245    290     20484   1.448   1       
1246    290     20485   1.453   1       
1247    290     20359   1.464   1       
1248    290     20360   1.987   1       
1249    290     20365   1.449   1       
1250    290     20363   1.465   1       
1251    290     20364   1.479   1       
1252    290     20238   1.499   1       
1253    290     20362   1.485   1       
1254    290     20361   2.003   1       
1255    290     20234   1.479   1       
1256    290     20235   1.517   1       
1257    290     20124   1.629   1       
1258    290     20023   2.094   1       
1259    200     20766   1.361   1       /Reach 24 - East Side Bypass
1260    200     20768   1.363   1       
1261    200     20675   1.369   1       
1262    200     20587   1.379   1       
1263    200     20488   1.395   1       
1264    200     20489   1.415   1       
1265    200     20370   1.423   1       
1266    200     20372   1.425   1       
1267    200     20373   1.429   1       
1268    200     20246   1.453   1       
1269    200     20248   1.503   1       
1270    200     20249   1.587   1       
1271    200     20250   1.529   1       
1272    200     20251   1.530   1       
1273    200     20254   1.459   1       
1274    200     20255   1.409   1       
1275    200     20146   1.312   1       
1276    200     20259   1.382   1       
1277    200     20148   1.416   1       
1278    200     20150   1.443   1       
1279    200     20151   1.450   1       
1280    200     20152   1.451   1       
1281    200     20045   1.392   1       
1282    200     20047   1.444   1       
1283    200     20048   1.536   1       
1284    200     19955   1.544   1       
1285    200     19956   1.537   1       
1286    200     19957   1.553   1       
1287    200     19869   1.573   1       
1288    730     20322   1.991   1       /Reach 25 - Fresno River
1289    730     20195   2.009   1       
1290    730     20194   2.017   1       
1291    730     20193   2.015   1       
1292    730     20083   2.077   1       
1293    730     20190   1.978   1       
1294    730     20081   1.895   1       
1295    730     20080   1.743   1       
1296    730     20186   1.711   1       
1297    730     20310   1.549   1       
1298    730     20309   1.311   1       
1299    730     20308   1.368   1       
1300    730     20307   1.592   1       
1301    730     20182   1.623   1       
1302    730     20303   1.660   1       
1303    730     20302   1.699   1       
1304    730     20301   1.691   1       
1305    730     20300   1.590   1       
1306    730     20299   1.463   1       
1307    730     20428   1.746   1       
1308    730     20535   2.033   1       
1309    730     20425   2.088   1       
1310    730     20424   1.794   1       
1311    730     20422   1.455   1       
1312    730     20421   1.363   1       
1313    730     20420   1.704   1       
1314    730     20528   1.853   1       
1315    730     20527   1.791   1       
1316    730     20526   1.753   1       
1317    730     20525   1.865   1       
1318    730     20617   1.930   1       
1319    730     20523   1.982   1       
1320    730     20414   1.995   1       
1321    730     20413   1.965   1       
1322    730     20411   1.957   1       
1323    730     20410   1.996   1       
1324    730     20409   2.033   1       
1325    730     20408   2.060   1       
1326    730     20406   2.108   1       
1327    730     20405   2.136   1       
1328    730     20287   2.123   1       
1329    730     20285   2.086   1       
1330    730     20284   2.198   1       
1331    730     20401   2.230   1       
1332    730     20281   2.148   1       
1333    730     20280   2.196   1       
1334    730     20279   2.428   1       
1335    730     20396   2.135   1       
1336    730     20394   2.063   1       
1337    730     20395   2.057   1       
1338    730     20275   2.065   1       
1339    730     20273   1.975   1       
1340    730     20163   1.896   1       
1341    730     20162   1.849   1       
1342    730     20161   1.792   1       
1343    730     20160   1.761   1       
1344    730     20159   1.724   1       
1345    730     20055   1.653   1       
1346    730     20053   1.530   1       
1347    730     19959   1.578   1       
1348    730     19869   1.573   1       
1349    730     19869   1.573   1       /Reach 26 - Fresno River - ESB
1350    730     19870   1.589   1       
1351    730     19775   1.587   1       
1352    730     19776   1.572   1       
1353    730     19675   1.501   1       
1354    730     19560   1.498   1       
1355    730     19562   1.491   1       
1356    730     19564   1.556   1       
1357    730     19565   1.599   1       
1358    730     19452   1.618   1       
1359    730     19453   1.615   1       
1360    730     19454   1.596   1       
1361    730     19456   1.592   1       
1362    730     19457   1.555   1       
1363    730     19458   1.550   1       
1364    730     19348   1.604   1       
1365    730     19349   1.629   1       
1366    730     19231   1.630   1       
1367    730     19097   1.631   1       
1368    730     18969   1.619   1       
1369    730     18970   1.583   1       
1370    730     18971   1.560   1       
1371    730     18973   1.586   1       
1372    730     18974   1.615   1       
1373    730     18975   1.632   1       
1374    730     18864   1.642   1       
1375    730     18865   1.636   1       
1376    730     18866   1.645   1       
1377    730     18867   1.639   1       
1378    730     18868   1.646   1       
1379    730     18869   1.655   1       
1380    730     18764   1.646   1       
1381    290     20023   2.094   1       /Reach 27 - San Joaquin River
1382    290     20126   2.009   1       
1383    290     20127   1.689   1       
1384    290     20026   1.610   1       
1385    290     20027   1.555   1       
1386    290     20028   1.549   1       
1387    290     19935   1.550   1       
1388    290     19936   1.535   1       
1389    290     19937   1.547   1       
1390    290     19847   1.549   1       
1391    290     19749   1.599   1       
1392    290     19748   1.646   1       
1393    290     19651   1.635   1       
1394    290     19752   1.577   1       
1395    290     19850   1.547   1       
1396    290     19851   1.545   1       
1397    290     19756   1.544   1       
1398    290     19755   1.549   1       
1399    290     19754   1.556   1       
1400    290     19654   1.573   1       
1401    290     19533   1.598   1       
1402    290     19534   1.615   1       
1403    290     19535   1.664   1       
1404    290     19536   1.768   1       
1405    290     19537   1.716   1       
1406    290     19425   1.785   1       
1407    290     19427   1.759   1       
1408    290     19318   1.793   1       
1409    290     19319   1.827   1       
1410    290     19428   1.602   1       
1411    290     19541   1.523   1       
1412    290     19429   1.576   1       
1413    290     19430   1.544   1       
1414    290     19431   1.546   1       
1415    290     19323   1.550   1       
1416    290     19207   1.509   1       
1417    290     19208   1.541   1       
1418    290     19209   1.625   1       
1419    290     19329   1.713   1       
1420    290     19211   1.701   1       
1421    290     19330   1.624   1       
1422    290     19331   1.585   1       
1423    290     19332   1.595   1       
1424    290     19213   1.686   1       
1425    290     19214   1.666   1       
1426    290     19215   1.603   1       
1427    290     19216   1.582   1       
1428    290     19082   1.560   1       
1429    290     19083   1.545   1       
1430    290     18953   1.533   1       
1431    290     18954   1.530   1       
1432    290     18955   1.511   1       
1433    290     18845   1.449   1       
1434    290     18846   1.371   1       
1435    290     18737   1.561   1       
1436    290     18848   1.588   1       
1437    290     18738   1.645   1       
1438    290     18739   1.695   1       
1439    290     18628   1.747   1       
1440    290     18742   1.772   1       
1441    290     18743   1.743   1       
1442    290     18744   1.730   1       
1443    290     18745   1.777   1       
1444    290     18746   1.715   1       
1445    290     18747   1.685   1       
1446    290     18633   1.672   1       
1447    290     18634   1.649   1       
1448    290     18635   1.646   1       
1449    290     18636   1.582   1       
1450    290     18535   1.586   1       
1451    290     18536   1.499   1       
1452    290     18455   1.509   1       
1453    290     18538   1.403   1       
1454    290     18539   1.172   1       
1455    290     18540   1.489   1       
1456    290     18541   1.584   1       
1457    290     18542   1.601   1       
1458    290     18460   1.629   1       
1459    290     18461   1.646   1       
1460    290     18462   1.639   1       
1461    290     18547   1.635   1       
1462    290     18548   1.609   1       
1463    290     18649   1.502   1       
1464    290     18650   1.530   1       
1465    290     18551   1.523   1       
1466    290     18466   1.597   1       
1467    290     18467   1.597   1       
1468    290     18468   1.634   1       
1469    290     18469   1.652   1       
1470    290     18470   1.680   1       
1471    290     18471   1.677   1       
1472    1340    19167   1.804   1       /Reach 28 - Chowchilla River
1473    1340    19037   1.793   1       
1474    1340    19036   1.775   1       
1475    1340    19035   1.800   1       
1476    1340    19034   1.884   1       
1477    1340    19033   2.063   1       
1478    1340    19032   2.308   1       
1479    1340    19031   2.146   1       
1480    1340    19030   2.187   1       
1481    1340    19029   2.188   1       
1482    1340    19028   2.124   1       
1483    1340    19027   2.141   1       
1484    1340    19026   2.222   1       
1485    1340    19025   2.445   1       
1486    1340    19024   3.002   1       
1487    1340    19023   2.729   1       
1488    1340    19022   2.271   1       
1489    1340    18899   2.062   1       
1490    1340    18898   1.672   1       
1491    1340    18897   1.580   1       
1492    1340    19017   1.942   1       
1493    1340    19016   2.036   1       
1494    1340    19146   2.004   1       
1495    1340    19145   1.911   1       
1496    1340    19144   1.930   1       
1497    1340    19012   1.920   1       
1498    1340    19011   1.913   1       
1499    1340    19009   1.671   1       
1500    1340    19008   1.835   1       
1501    1340    19007   1.912   1       
1502    1340    19138   1.881   1       
1503    1340    19136   2.000   1       
1504    1340    19135   2.086   1       
1505    1340    19134   1.853   1       
1506    1340    19131   1.796   1       
1507    1340    19130   1.743   1       
1508    1340    19129   1.479   1       
1509    1340    19128   1.604   1       
1510    1340    19127   1.672   1       
1511    1340    19126   1.635   1       
1512    1340    19125   1.350   1       
1513    1340    19124   1.391   1       
1514    1340    19123   1.585   1       
1515    1340    19122   1.485   1       
1516    1340    19121   1.563   1       
1517    1340    19120   1.609   1       
1518    1340    19119   1.574   1       
1519    1340    19118   1.385   1       
1520    1340    19117   1.503   1       
1521    1340    19116   1.614   1       
1522    1340    18991   1.631   1       
1523    1340    18990   1.615   1       
1524    1340    18989   1.593   1       
1525    1340    18987   1.631   1       
1526    1340    18986   1.636   1       
1527    1340    18985   1.630   1       
1528    1340    18984   1.616   1       
1529    1340    18983   1.616   1       
1530    1340    18871   1.623   1       
1531    1340    18765   1.627   1       
1532    1340    18764   1.646   1       
1533    1340    18764   1.646   1       /Reach 29 - Chowchilla River
1534    1340    18656   1.646   1       
1535    1340    18655   1.671   1       
1536    1340    18557   1.709   1       
1537    1340    18472   1.693   1       
1538    1340    18471   1.677   1       
1539    260     18471   1.677   1       /Reach 30 - San Joaquin River
1540    260     18390   1.723   1       
1541    260     18307   1.746   1       
1542    260     18308   1.756   1       
1543    260     18309   1.753   1       
1544    260     18231   1.793   1       
1545    260     18158   1.799   1       
1546    260     18233   1.751   1       
1547    260     18234   1.736   1       
1548    260     18314   1.722   1       
1549    260     18315   1.726   1       
1550    260     18316   1.721   1       
1551    260     18317   1.743   1       
1552    260     18239   1.763   1       
1553    260     18164   1.768   1       
1554    260     18163   1.775   1       
1555    260     18091   1.766   1       
1556    260     18165   1.743   1       
1557    260     18093   1.740   1       
1558    260     18020   1.750   1       
1559    260     18094   1.734   1       
1560    260     18095   1.730   1       
1561    260     18022   1.705   1       
1562    260     18023   1.677   1       
1563    260     17937   1.670   1       
1564    260     17938   1.727   1       
1565    260     17939   1.732   1       
1566    260     17854   1.738   1       
1567    260     17855   1.745   1       
1568    260     17940   1.735   1       
1569    260     17856   1.730   1       
1570    260     17858   1.695   1       
1571    260     17859   1.756   1       
1572    260     17946   1.785   1       
1573    260     17947   1.813   1       
1574    260     17861   1.825   1       
1575    260     17862   1.831   1       
1576    730     18472   1.693   1       /Reach 31 - East Side Bypass
1577    730     18561   1.636   1       
1578    730     18475   1.621   1       
1579    730     18476   1.614   1       
1580    730     18477   1.590   1       
1581    730     18399   1.578   1       
1582    730     18400   1.419   1       
1583    730     18322   1.553   1       
1584    730     18320   1.627   1       
1585    730     18244   1.622   1       
1586    730     18172   1.588   1       
1587    110     18690   1.719   1       /Reach 32 - Deadman's Creek
1588    110     18592   1.753   1       
1589    110     18686   1.724   1       
1590    110     18589   1.806   1       
1591    110     18587   2.015   1       
1592    110     18680   1.907   1       
1593    110     18785   2.089   1       
1594    110     18676   2.153   1       
1595    110     18781   1.978   1       
1596    110     18780   1.880   1       
1597    110     18671   1.872   1       
1598    110     18670   2.005   1       
1599    110     18574   1.764   1       
1600    110     18488   1.800   1       
1601    110     18487   1.691   1       
1602    110     18486   1.661   1       
1603    110     18407   1.733   1       
1604    110     18326   1.632   1       
1605    110     18325   1.628   1       
1606    110     18246   1.621   1       
1607    110     18245   1.504   1       
1608    110     18173   1.561   1       
1609    110     18172   1.588   1       
1610    110     18171   1.653   1       
1611    110     18101   1.644   1       
1612    110     18031   1.723   1       
1613    110     17949   1.806   1       
1614    350     17862   1.831   1       
1615    730     18101   1.644   1       /Reach 33 - East Side Bypass
1616    730     18102   1.695   1       
1617    730     18103   1.724   1       
1618    730     18033   1.871   1       
1619    730     18034   1.944   1       
1620    730     17963   2.057   1       
1621    730     17964   2.318   1       
1622    350     17862   1.831   1       /Reach 34 - San Joaquin River
1623    350     17863   1.849   1       
1624    350     17864   1.857   1       
1625    350     17775   1.846   1       
1626    350     17777   1.863   1       
1627    350     17778   1.855   1       
1628    350     17779   1.865   1       
1629    350     17691   1.865   1       
1630    350     17692   1.873   1       
1631    350     17601   1.895   1       
1632    350     17602   1.909   1       
1633    350     17603   1.932   1       
1634    350     17604   2.005   1       
1635    350     17699   2.108   1       
1636    350     17606   2.179   1       
1637    350     17607   2.060   1       
1638    350     17608   2.058   1       
1639    350     17609   2.002   1       
1640    350     17610   2.010   1       
1641    350     17611   2.003   1       
1642    110     18063   1.734   1       /Reach 35 - Bear Creek
1643    110     18059   1.732   1       
1644    110     18058   1.729   1       
1645    110     18057   2.291   1       
1646    110     18125   2.237   1       
1647    110     18195   2.143   1       
1648    110     18122   2.209   1       
1649    110     18121   1.703   1       
1650    110     18120   2.130   1       
1651    110     18119   2.232   1       
1652    110     18047   2.213   1       
1653    110     18046   2.651   1       
1654    110     18045   2.293   1       
1655    110     18113   2.413   1       
1656    110     18041   2.029   1       
1657    110     18040   1.967   1       
1658    110     18039   1.970   1       
1659    110     18037   2.067   1       
1660    110     17964   2.318   1       
1661    110     17878   2.149   1       
1662    110     17877   2.139   1       
1663    110     17960   2.083   1       
1664    110     17959   1.955   1       
1665    110     17872   1.915   1       
1666    110     17784   1.929   1       
1667    110     17786   1.941   1       
1668    110     17788   1.968   1       
1669    110     17704   1.986   1       
1670    110     17611   2.003   1       
1671    730     17964   2.318   1       /Reach 36 - East Side Bypass
1672    730     17879   2.860   1       
1673    730     17795   2.173   1       
1674    730     17794   2.130   1       
1675    730     17793   2.179   1       
1676    730     17710   2.194   1       
1677    730     17621   2.141   1       
1678    730     17708   2.112   1       
1679    730     17619   2.114   1       
1680    730     17618   2.126   1       
1681    730     17617   2.053   1       
1682    730     17613   2.021   1       
1683    730     17614   1.986   1       
1684    730     17615   1.984   1       
1685    730     17514   1.955   1       
1686    350     17611   2.003   1       /Reach 37 - San Joaquin River
1687    350     17512   1.987   1       
1688    350     17513   2.026   1       
1689    350     17514   1.955   1       
1690    350     17616   1.504   1       
1691    350     17516   1.917   1       
1692    350     17406   1.997   1       
1693    350     17283   1.975   1       
1694    350     17284   1.973   1       
1695    350     17285   1.978   1       
1696    350     17286   2.020   1       
1697    350     17287   1.997   1       
1698    350     17165   1.976   1       
1699    350     17166   1.955   1       
1700    350     17167   1.968   1       
1701    350     17064   1.938   1       
1702    350     16975   1.896   1       
1703    350     17066   1.958   1       
1704    350     17067   1.976   1       
1705    350     16979   2.015   1       
1706    350     16978   1.936   1       
1707    350     16898   2.016   1       
1708    350     16980   2.080   1       
1709    350     16981   2.284   1       
1710    350     16899   2.053   1       
1711    350     16900   2.176   1       
1712    350     16819   2.267   1       
1713    350     16822   2.098   1       
1714    350     16821   1.993   1       
1715    350     16740   1.988   1       
1716    350     16742   2.107   1       
1717    350     16743   2.419   1       
1718    210     17376   1.359   1       /Reach 38 - Merced River
1719    210     17375   1.358   1       
1720    210     17481   1.325   1       
1721    210     17480   1.283   1       
1722    210     17479   1.263   1       
1723    210     17372   1.261   1       
1724    210     17371   1.108   1       
1725    210     17256   1.336   1       
1726    210     17254   1.391   1       
1727    210     17253   1.425   1       
1728    210     17252   1.421   1       
1729    210     17250   1.454   1       
1730    210     17137   1.416   1       
1731    210     17136   1.438   1       
1732    210     17135   1.292   1       
1733    210     17134   1.387   1       
1734    210     17133   1.497   1       
1735    210     17132   1.572   1       
1736    210     17131   1.632   1       
1737    210     17241   1.670   1       
1738    210     17240   1.682   1       
1739    150     17239   1.718   1       
1740    150     17126   1.775   1       
1741    150     17125   1.838   1       
1742    150     17236   1.826   1       
1743    150     17235   1.801   1       
1744    150     17234   1.941   1       
1745    150     17233   1.953   1       
1746    150     17349   1.978   1       
1747    150     17230   1.896   1       
1748    150     17229   2.032   1       
1749    150     17228   2.109   1       
1750    150     17344   2.157   1       
1751    150     17345   2.172   1       
1752    150     17227   2.187   1       
1753    150     17226   2.233   1       
1754    150     17225   2.218   1       
1755    150     17224   2.286   1       
1756    150     17223   2.309   1       
1757    150     17222   2.388   1       
1758    150     17221   2.684   1       
1759    150     17335   2.427   1       
1760    150     17220   2.404   1       
1761    150     17332   4.667   1       
1762    150     17451   2.655   1       
1763    150     17450   3.007   1       
1764    150     17550   2.409   1       
1765    150     17549   2.454   1       
1766    150     17548   2.559   1       
1767    150     17547   2.820   1       
1768    150     17546   2.665   1       
1769    150     17545   3.378   1       
1770    150     17544   2.813   1       
1771    150     17443   2.876   1       
1772    150     17442   2.846   1       
1773    150     17441   2.790   1       
1774    150     17540   2.678   1       
1775    150     17439   2.678   1       
1776    150     17538   2.967   1       
1777    150     17537   2.784   1       
1778    150     17437   2.751   1       
1779    150     17436   2.815   1       
1780    150     17435   2.810   1       
1781    150     17434   4.571   1       
1782    150     17432   2.774   1       
1783    150     17317   2.600   1       
1784    150     17430   2.676   1       
1785    150     17315   2.667   1       
1786    290     17202   2.956   1       
1787    290     17201   2.666   1       
1788    290     17199   2.821   1       
1789    290     17198   2.140   1       
1790    290     17197   2.045   1       
1791    290     17196   2.115   1       
1792    290     17195   2.172   1       
1793    290     17192   2.203   1       
1794    290     17191   2.218   1       
1795    290     17189   2.151   1       
1796    290     17303   2.073   1       
1797    290     17187   2.024   1       
1798    290     17087   1.904   1       
1799    290     17183   2.177   1       
1800    290     17182   2.203   1       
1801    290     17181   2.135   1       
1802    290     17180   2.100   1       
1803    290     17179   1.984   1       
1804    290     17178   1.617   1       
1805    290     17176   2.087   1       
1806    290     17081   2.094   1       
1807    290     17080   2.036   1       
1808    290     17079   2.469   1       
1809    290     16992   2.211   1       
1810    290     16990   2.201   1       
1811    290     16906   2.309   1       
1812    290     16905   2.464   1       
1813    290     16987   2.480   1       
1814    290     16903   2.354   1       
1815    290     16824   2.219   1       
1816    290     16743   2.419   1       
1817    350     16743   2.419   1       /Reach 39 - San Joaquin River
1818    350     16744   2.527   1       
1819    350     16745   2.250   1       
1820    350     16746   2.141   1       
1821    350     16828   2.121   1       
1822    350     16829   2.033   1       
1823    350     16750   1.988   1       
1824    350     16749   1.943   1       
1825    350     16669   1.920   1       
1826    350     16671   1.869   1       
1827    350     16672   1.827   1       
1828    350     16594   1.825   1       
1829    350     16673   1.812   1       
1830    350     16674   1.787   1       
1831    350     16675   1.771   1       
1832    350     16676   1.743   1       
1833    350     16598   1.774   1       
1834    350     16599   1.782   1       
1835    350     16600   1.752   1       
1836    350     16514   1.824   1       
1837    350     16515   1.800   1       
1838    350     16410   1.873   1       
1839    560     16248   2.120   1       /Reach 40 - Orestimba Creek
1840    560     16117   2.128   1       
1841    560     16118   2.232   1       
1842    560     16119   2.213   1       
1843    560     16120   2.186   1       
1844    560     16254   2.128   1       
1845    560     16255   2.016   1       
1846    560     16256   1.843   1       
1847    560     16395   1.701   1       
1848    560     16258   1.670   1       
1849    560     16259   1.637   1       
1850    560     16127   1.695   1       
1851    560     16128   1.734   1       
1852    560     16129   1.771   1       
1853    560     16264   1.807   1       
1854    560     16265   1.836   1       
1855    560     16266   1.843   1       
1856    560     16267   1.872   1       
1857    560     16268   1.911   1       
1858    560     16406   2.267   1       
1859    560     16512   2.100   1       
1860    560     16410   1.873   1       
1861    350     16410   1.873   1       /Reach 41 - San Joaquin River
1862    350     16517   1.842   1       
1863    350     16518   1.894   1       
1864    350     16411   1.951   1       
1865    350     16273   2.098   1       
1866    350     16274   2.709   1       
1867    350     16137   2.022   1       
1868    350     16276   1.954   1       
1869    350     16139   1.937   1       
1870    350     16140   1.959   1       
1871    350     16026   2.000   1       
1872    350     16025   2.009   1       
1873    350     15933   2.146   1       
1874    350     15934   2.114   1       
1875    350     16028   2.152   1       
1876    350     16145   2.463   1       
1877    350     16029   2.147   1       
1878    350     15936   2.035   1       
1879    350     15937   2.020   1       
1880    350     15938   1.976   1       
1881    350     15939   1.981   1       
1882    350     15940   2.033   1       
1883    350     15849   2.043   1       
1884    350     15848   2.030   1       
1885    350     15751   2.141   1       
1886    350     15752   2.147   1       
1887    350     15645   2.448   1       
1888    350     15646   3.020   1       
1889    350     15647   2.045   1       
1890    350     15648   1.963   1       
1891    350     15649   1.922   1       
1892    350     15650   1.930   1       
1893    350     15651   1.904   1       
1894    350     15760   1.906   1       
1895    350     15652   1.748   1       
1896    350     15653   1.981   1       
1897    350     15654   2.015   1       
1898    350     15540   2.138   1       
1899    350     15656   2.136   1       
1900    350     15657   2.277   1       
1901    350     15659   2.180   1       
1902    350     15658   2.155   1       
1903    350     15544   2.172   1       
1904    350     15545   2.234   1       
1905    350     15664   2.299   1       
1906    350     15665   2.231   1       
1907    350     15549   2.268   1       
1908    350     15550   2.312   1       
1909    350     15438   2.215   1       
1910    350     15437   2.000   1       
1911    350     15325   1.984   1       
1912    350     15439   2.059   1       
1913    350     15440   2.142   1       
1914    350     15441   2.084   1       
1915    350     15442   2.015   1       
1916    350     15555   2.079   1       
1917    350     15556   1.981   1       
1918    350     15443   1.857   1       
1919    350     15444   1.838   1       
1920    350     15445   1.804   1       
1921    350     15446   1.810   1       
1922    350     15447   1.778   1       
1923    350     15448   1.845   1       
1924    350     15449   1.852   1       
1925    350     15332   1.794   1       
1926    350     15333   1.801   1       
1927    350     15450   1.814   1       
1928    350     15335   1.815   1       
1929    350     15451   1.828   1       
1930    550     16385   1.862   1       /Reach 42 - Tuolumne River
1931    550     16384   1.877   1       
1932    550     16383   1.892   1       
1933    550     16245   1.886   1       
1934    550     16381   1.835   1       
1935    550     16489   1.821   1       
1936    550     16379   1.798   1       
1937    550     16378   1.744   1       
1938    550     16377   1.496   1       
1939    550     16484   1.379   1       
1940    550     16374   1.763   1       
1941    550     16481   1.835   1       
1942    550     16372   1.857   1       
1943    550     16371   1.872   1       
1944    550     16369   1.879   1       
1945    550     16476   1.885   1       
1946    550     16475   1.890   1       
1947    550     16366   1.893   1       
1948    550     16365   1.887   1       
1949    550     16364   2.069   1       
1950    550     16363   2.011   1       
1951    550     16362   1.728   1       
1952    550     16360   1.719   1       
1953    550     16229   1.714   1       
1954    550     16228   1.908   1       
1955    550     16227   1.838   1       
1956    550     16226   1.774   1       
1957    550     16225   1.839   1       
1958    550     16224   2.206   1       
1959    550     16223   1.606   1       
1960    550     16350   1.850   1       
1961    550     16221   1.870   1       
1962    550     16347   1.795   1       
1963    550     16346   1.958   1       
1964    550     16345   1.772   1       
1965    550     16218   1.857   1       
1966    550     16217   1.647   1       
1967    550     16216   1.890   1       
1968    550     16215   1.736   1       
1969    1000    16338   2.018   1       
1970    1000    16336   1.874   1       
1971    1000    16335   2.027   1       
1972    1000    16334   2.081   1       
1973    1000    16333   2.052   1       
1974    1000    16453   2.022   1       
1975    1000    16452   1.988   1       
1976    1000    16451   1.998   1       
1977    1000    16329   2.040   1       
1978    1000    16328   2.005   1       
1979    1000    16207   2.017   1       
1980    1000    16206   2.579   1       
1981    1000    16323   2.094   1       
1982    1000    16324   2.075   1       
1983    1000    16321   2.021   1       
1984    1000    16203   1.993   1       
1985    1000    16083   1.942   1       
1986    1000    16201   2.005   1       
1987    1000    16200   1.915   1       
1988    1000    16199   1.943   1       
1989    1000    16198   1.872   1       
1990    1000    16197   1.850   1       
1991    1000    16316   1.964   1       
1992    1000    16315   1.919   1       
1993    1000    16314   1.825   1       
1994    1000    16313   2.015   1       
1995    1000    16192   1.961   1       
1996    1000    16311   1.995   1       
1997    1000    16310   2.130   1       
1998    1000    16190   1.904   1       
1999    1000    16308   1.841   1       
2000    1000    16188   1.793   1       
2001    1000    16187   1.773   1       
2002    1000    16185   1.743   1       
2003    1000    16184   1.756   1       
2004    1000    16071   1.833   1       
2005    1000    16180   1.913   1       
2006    1000    16179   1.865   1       
2007    1000    16178   1.798   1       
2008    1000    16177   2.106   1       
2009    1000    16176   1.925   1       
2010    1000    16175   1.821   1       
2011    1000    16174   1.574   1       
2012    1000    16173   1.748   1       
2013    1000    16062   1.884   1       
2014    1000    16061   1.935   1       
2015    1000    16060   1.781   1       
2016    1000    16168   1.696   1       
2017    1000    16295   1.728   1       
2018    1000    16161   1.903   1       
2019    1000    16162   2.034   1       
2020    1000    16045   2.331   1       
2021    1000    16046   2.064   1       
2022    1000    16047   2.086   1       
2023    1000    15953   2.097   1       
2024    1000    15865   2.136   1       
2025    1000    15866   2.208   1       
2026    1000    15774   2.263   1       
2027    1000    15867   2.149   1       
2028    1000    15868   2.121   1       
2029    1000    15869   2.240   1       
2030    1000    15870   2.139   1       
2031    1000    15960   2.095   1       
2032    1000    15872   2.818   1       
2033    1000    15962   2.332   1       
2034    1000    15873   2.032   1       
2035    1000    15874   1.935   1       
2036    1000    15782   1.934   1       
2037    1000    15783   1.876   1       
2038    1000    15680   1.889   1       
2039    1000    15679   1.854   1       
2040    1000    15565   1.894   1       
2041    1000    15564   1.860   1       
2042    1000    15563   1.836   1       
2043    1000    15451   1.828   1       
2044    310     15451   1.828   1       /Reach 43 - San Joaquin River
2045    310     15452   1.861   1       
2046    310     15453   1.827   1       
2047    310     15454   1.864   1       
2048    310     15455   1.835   1       
2049    310     15456   1.812   1       
2050    310     15457   1.867   1       
2051    310     15575   1.794   1       
2052    310     15459   1.784   1       
2053    310     15341   1.792   1       
2054    350     15210   1.895   1       
2055    310     15211   1.921   1       
2056    310     15212   1.804   1       
2057    310     15213   1.769   1       
2058    310     15087   1.793   1       
2059    310     15088   1.738   1       
2060    310     15215   1.732   1       
2061    310     15090   1.705   1       
2062    310     14976   1.702   1       
2063    310     14977   1.813   1       
2064    280     15313   1.262   1       /Reach 44 - Stanislaus River
2065    280     15190   1.541   1       
2066    280     15066   1.632   1       
2067    280     14955   1.635   1       
2068    280     15063   1.623   1       
2069    280     14953   1.645   1       
2070    280     14952   1.610   1       
2071    280     15060   1.618   1       
2072    280     15059   1.609   1       
2073    280     15058   1.614   1       
2074    280     15057   1.607   1       
2075    280     14949   1.608   1       
2076    280     14948   1.603   1       
2077    280     15055   1.581   1       
2078    280     15054   1.566   1       
2079    280     15178   1.549   1       
2080    280     15177   1.325   1       
2081    280     15175   1.305   1       
2082    280     15174   1.507   1       
2083    280     15173   1.506   1       
2084    280     15049   1.599   1       
2085    280     15048   1.528   1       
2086    280     15047   1.500   1       
2087    280     15169   1.463   1       
2088    280     15045   1.389   1       
2089    280     15167   1.392   1       
2090    280     15044   1.475   1       
2091    280     15043   1.472   1       
2092    280     15042   1.517   1       
2093    280     15041   1.593   1       
2094    280     15040   1.606   1       
2095    280     15039   1.593   1       
2096    280     15038   1.615   1       
2097    280     15037   1.582   1       
2098    280     15036   1.657   1       
2099    280     15035   1.707   1       
2100    280     15034   1.664   1       
2101    280     15033   1.678   1       
2102    280     15032   1.534   1       
2103    280     15031   1.591   1       
2104    280     15153   1.689   1       
2105    280     15150   1.721   1       
2106    280     15281   1.712   1       
2107    280     15282   1.665   1       
2108    280     15279   1.577   1       
2109    280     15400   1.771   1       
2110    280     15399   1.722   1       
2111    280     15398   1.735   1       
2112    280     15397   1.766   1       
2113    280     15396   1.752   1       
2114    420     15274   1.817   1       
2115    420     15145   2.746   1       
2116    420     15144   1.686   1       
2117    420     15023   1.743   1       
2118    420     15022   1.748   1       
2119    420     15141   1.710   1       
2120    420     15267   1.768   1       
2121    420     15266   1.830   1       
2122    420     15139   1.799   1       
2123    420     15138   1.861   1       
2124    420     15263   2.020   1       
2125    420     15383   1.893   1       
2126    420     15261   1.891   1       
2127    420     15381   1.962   1       
2128    420     15258   1.895   1       
2129    420     15133   1.831   1       
2130    420     15256   1.861   1       
2131    420     15378   1.877   1       
2132    420     15252   1.892   1       
2133    420     15129   1.801   1       
2134    420     15128   1.748   1       
2135    420     15127   1.753   1       
2136    420     15248   1.739   1       
2137    420     15125   1.722   1       
2138    420     15011   1.727   1       
2139    420     15123   1.752   1       
2140    420     15124   1.876   1       
2141    420     15245   1.884   1       
2142    420     15370   1.707   1       
2143    420     15243   1.695   1       
2144    420     15242   1.696   1       
2145    420     15241   1.756   1       
2146    420     15238   1.813   1       
2147    420     15239   1.827   1       
2148    420     15116   1.816   1       
2149    420     15235   1.796   1       
2150    420     15363   1.785   1       
2151    420     15362   1.739   1       
2152    420     15361   1.714   1       
2153    420     15478   1.681   1       
2154    420     15360   1.687   1       
2155    420     15359   1.835   1       
2156    420     15358   1.858   1       
2157    420     15477   1.748   1       
2158    420     15476   1.858   1       
2159    420     15590   1.779   1       
2160    420     15588   1.775   1       
2161    420     15696   1.767   1       
2162    420     15695   1.758   1       
2163    420     15587   1.771   1       
2164    420     15473   1.793   1       
2165    420     15584   1.731   1       
2166    420     15472   1.814   1       
2167    420     15471   1.780   1       
2168    420     15470   1.697   1       
2169    420     15468   1.590   1       
2170    420     15469   1.710   1       
2171    420     15350   1.706   1       
2172    420     15349   1.730   1       
2173    420     15218   1.736   1       
2174    420     15217   1.736   1       
2175    420     15092   1.738   1       
2176    420     14977   1.813   1       
2177    310     14977   1.813   1       /Reach 45 - San Joaquin River
2178    310     14978   3.139   1       
2179    310     14885   1.758   1       
2180    310     14886   1.800   1       
2181    310     14887   1.894   1       
2182    310     14888   1.765   1       
2183    310     14980   1.660   1       
2184    310     15097   1.690   1       
2185    310     15098   1.626   1       
2186    310     14981   1.605   1       
2187    310     14889   1.652   1       
2188    310     14890   1.697   1       
2189    310     14982   1.631   1       
2190    310     14984   1.590   1       
2191    310     14894   1.639   1       
2192    310     14895   1.607   1       
2193    310     14896   1.607   1       
2194    310     14990   1.642   1       
2195    310     15106   1.659   1       
2196    310     14992   1.624   1       
2197    310     14899   1.626   1       
2198    310     14898   1.615   1       
2199    310     14820   1.671   1       
2200    310     14821   1.634   1       
2201    310     14742   1.654   1       
2202    310     14743   1.618   1       
2203    310     14657   1.604   1       
2204    310     14745   1.604   1       
2205    310     14746   1.567   1       
2206    310     14747   1.567   1       
2207    310     14748   1.576   1       
2208    310     14660   1.566   1       
2209    310     14661   1.561   1       
2210    310     14575   1.537   1       
2211    310     14663   1.539   1       
2212    310     14664   1.543   1       
2213    310     14665   1.575   1       
2214    310     14578   1.535   1       
2215    310     14579   1.553   1       
2216    310     14580   1.587   1       
2217    310     14581   1.588   1       
2218    310     14582   1.574   1       
2219    310     14584   1.564   1       
2220    310     14495   1.591   1       
2221    310     14496   1.574   1       
2222    310     14497   1.552   1       
2223    310     14587   1.561   1       
2224    310     14674   1.554   1       
2225    310     14588   1.569   1       
2226    310     14589   1.548   1       
2227    310     14675   1.547   1       
2228    310     14676   1.533   1       
2229    310     14677   1.503   1       
2230    310     14593   1.499   1       
2231    310     14503   1.496   1       
2232    310     14595   1.460   1       
2233    310     14506   1.441   1       
2234    310     14420   1.459   1       
2235    310     14421   1.415   1       
2236    310     14422   1.385   1       
2237    310     14424   1.268   1       
2238    310     14425   1.274   1       
2239    310     14426   1.366   1       
2240    310     14512   1.371   1       
2241    310     14431   1.365   1       
2242    310     14432   1.362   1       
2243    310     14356   1.358   1       
2244    310     14430   1.360   1       
2245    310     14354   1.349   1       
2246    310     14353   1.357   1       
2247    310     14276   1.354   1       
2248    310     14277   1.407   1       
2249    310     14203   1.459   1       
2250    310     14201   1.386   1       
2251    400     14125   1.346   1       
2252    400     14124   1.227   1       
2253    400     14123   1.052   1       
2254    140     13611   1.221   1       /Reach 46 - Calaveras River
2255    140     13610   1.088   1       
2256    140     13609   1.154   1       
2257    140     13702   1.247   1       
2258    140     13701   1.335   1       
2259    140     13700   1.363   1       
2260    140     13776   1.353   1       
2261    140     13698   1.361   1       
2262    140     13697   1.383   1       
2263    140     13696   1.415   1       
2264    140     13604   1.536   1       
2265    140     13603   1.528   1       
2266    140     13602   1.327   1       
2267    140     13601   1.175   1       
2268    140     13600   1.286   1       
2269    140     13511   1.290   1       
2270    140     13509   1.275   1       
2271    140     13508   1.280   1       
2272    140     13596   1.253   1       
2273    140     13595   1.210   1       
2274    140     13594   1.054   1       
2275    140     13505   1.141   1       
2276    140     13504   1.185   1       
2277    140     13503   1.180   1       
2278    140     13589   1.168   1       
2279    140     13682   1.168   1       
2280    140     13681   1.155   1       
2281    140     13680   1.133   1       
2282    140     13679   1.117   1       
2283    140     13678   1.022   1       
2284    140     13677   1.014   1       
2285    140     13585   1.029   1       
2286    140     13584   1.066   1       
2287    140     13583   1.087   1       
2288    140     13582   1.101   1       
2289    140     13581   1.073   1       
2290    140     13580   1.047   1       
2291    140     13670   0.935   1       
2292    140     13669   0.964   1       
2293    140     13668   1.029   1       
2294    140     13666   1.026   1       
2295    140     13665   1.031   1       
2296    140     13663   1.065   1       
2297    140     13662   1.071   1       
2298    140     13661   1.077   1       
2299    140     13747   1.102   1       
2300    140     13826   1.113   1       
2301    140     13824   1.114   1       
2302    140     13823   1.132   1       
2303    140     13822   1.124   1       
2304    140     13897   1.103   1       
2305    140     13978   1.120   1       
2306    140     13977   1.148   1       
2307    140     13975   1.110   1       
2308    140     13974   1.011   1       
2309    140     14061   1.154   1       
2310    140     13971   1.188   1       
2311    140     13970   1.198   1       
2312    140     13969   1.226   1       
2313    140     14055   1.235   1       
2314    140     14054   1.228   1       
2315    140     14053   1.204   1       
2316    140     13965   1.242   1       
2317    400     13964   1.271   1       
2318    400     13963   1.277   1       
2319    400     13962   1.265   1       
2320    400     14047   1.215   1       
2321    400     14123   1.052   1       
2322    400     14123   1.052   1       /Reach 47 - San Joaquin River
2323    400     14122   1.229   1       
2324    400     14044   1.319   1       
2325    400     14043   1.352   1       
2326    400     13957   1.369   1       
2327    400     13956   1.377   1       
2328    400     13955   1.387   1       
2329    400     13954   1.405   1       
2330    400     14038   1.386   1       
2331    400     14034   1.417   1       
2332    400     14035   1.430   1       
2333    400     13949   1.407   1       
2334    400     13876   1.416   1       
2335    400     13877   1.442   1       
2336    400     13800   1.475   1       
2337    400     13721   1.465   1       
2338    400     13722   1.493   1       
2339    400     13630   1.515   1       
2340    400     13634   1.529   1       
2341    400     13633   1.543   1       
2342    400     13544   1.559   1       
2343    400     13459   1.574   1       
2344    400     13370   1.704   1       
2345    400     13371   1.710   1       
2346    400     13276   1.709   1       
2347    400     13171   1.701   1       
2348    400     13172   1.674   1       
2349    400     13173   1.621   1       
2350    400     13056   1.582   1       
2351    100     12905   0.000   1       /Reach 48 - Mokelumne River
2352    100     12904   0.000   1       
2353    100     12902   0.000   1       
2354    100     12901   0.000   1       
2355    100     12900   0.000   1       
2356    100     13029   0.000   1       
2357    100     12897   0.000   1       
2358    100     12896   0.000   1       
2359    100     12756   0.000   1       
2360    100     12755   0.000   1       
2361    100     12603   0.000   1       
2362    100     12602   0.000   1       
2363    100     12600   0.000   1       
2364    100     12599   0.000   1       
2365    100     12598   1.096   1       
2366    100     12596   1.147   1       
2367    100     12595   1.204   1       
2368    100     12443   1.292   1       
2369    100     12442   1.321   1       
2370    100     12591   1.168   1       
2371    100     12590   1.116   1       
2372    100     12589   1.239   1       
2373    100     12438   1.839   1       
2374    100     12586   1.749   1       
2375    100     12741   1.575   1       
2376    100     12740   1.466   1       
2377    100     12739   1.434   1       
2378    100     12738   1.466   1       
2379    100     12737   1.501   1       
2380    100     12736   1.572   1       
2381    100     12735   1.619   1       
2382    100     12876   1.719   1       
2383    100     12875   1.909   1       
2384    100     13006   2.005   1       
2385    100     13005   2.364   1       
2386    100     12873   3.028   1       
2387    100     12872   3.116   1       
2388    100     12871   2.604   1       
2389    100     13001   2.690   1       
2390    100     13000   2.597   1       
2391    100     13124   2.750   1       
2392    100     12999   2.029   1       
2393    100     13122   1.810   1       
2394    100     13121   1.689   1       
2395    100     13120   1.701   1       
2396    100     12996   1.761   1       
2397    100     12995   1.795   1       
2398    100     12994   1.877   1       
2399    100     13118   1.879   1       
2400    100     13117   1.840   1       
2401    100     13228   1.762   1       
2402    100     13227   1.755   1       
2403    100     13226   1.722   1       
2404    100     13225   1.626   1       
2405    100     13224   1.588   1       
2406    100     13113   1.595   1       
2407    100     13222   1.569   1       
2408    100     13316   1.570   1       
2409    100     13315   1.560   1       
2410    100     13400   1.534   1       
2411    100     13313   1.519   1       
2412    100     13312   1.467   1       
2413    100     13397   1.504   1       
2414    100     13396   1.479   1       
2415    100     13311   1.424   1       
2416    100     13310   1.361   1       
2417    100     13215   1.285   1       
2418    100     13214   1.171   1       
2419    100     13305   1.096   1       
2420    100     13213   1.072   1       
2421    100     13104   1.139   1       
2422    100     13211   1.143   1       
2423    100     13210   1.201   1       
2424    100     13102   1.238   1       
2425    100     13101   1.200   1       
2426    100     13100   1.238   1       
2427    100     13099   1.253   1       
2428    100     12980   1.082   1       
2429    100     12979   1.314   1       
2430    100     12978   1.361   1       
2431    100     12850   1.411   1       
2432    100     12976   1.434   1       
2433    100     12975   1.496   1       
2434    100     12974   1.554   1       
2435    100     12973   1.608   1       
2436    100     13091   1.665   1       
2437    100     12970   1.817   1       
2438    100     12971   2.135   1       
2439    100     12841   2.283   1       
2440    100     12842   1.225   1       
2441    100     12702   1.181   1       
2442    180     11298   1.552   1       /Reach 49 - Dry Creek
2443    180     11297   1.547   1       
2444    180     11446   1.539   1       
2445    180     11443   1.532   1       
2446    180     11442   1.526   1       
2447    180     11441   1.519   1       
2448    180     11591   1.512   1       
2449    180     11590   1.507   1       
2450    180     11589   1.498   1       
2451    180     11588   1.488   1       
2452    180     11587   1.482   1       
2453    180     11736   1.478   1       
2454    180     11885   1.502   1       
2455    180     12027   1.469   1       
2456    180     12026   1.464   1       
2457    180     12025   1.458   1       
2458    180     11881   1.453   1       
2459    180     11880   1.448   1       
2460    180     11879   1.446   1       
2461    180     11878   1.446   1       
2462    180     12018   1.448   1       
2463    180     12017   1.450   1       
2464    180     11875   1.444   1       
2465    180     11728   1.440   1       
2466    180     11727   1.450   1       
2467    180     11726   1.463   1       
2468    180     11578   1.486   1       
2469    180     11723   1.527   1       
2470    180     11722   1.584   1       
2471    180     11721   1.690   1       
2472    180     11572   1.754   1       
2473    180     11718   1.664   1       
2474    180     11717   1.439   1       
2475    180     11716   1.303   1       
2476    180     11715   1.262   1       
2477    180     11861   1.325   1       
2478    180     12004   1.380   1       
2479    180     12003   1.211   1       
2480    180     12002   1.180   1       
2481    180     12001   1.468   1       
2482    180     12146   1.488   1       
2483    180     12145   1.506   1       
2484    180     12144   1.527   1       
2485    180     12143   1.554   1       
2486    180     12142   1.588   1       
2487    180     12141   1.643   1       
2488    180     12140   1.719   1       
2489    180     12139   1.783   1       
2490    180     12279   1.748   1       
2491    180     12278   1.668   1       
2492    180     12418   1.460   1       
2493    180     12417   1.539   1       
2494    180     12416   1.506   1       
2495    180     12565   1.548   1       
2496    180     12564   1.823   1       
2497    180     12563   1.416   1       
2498    180     12560   1.421   1       
2499    180     12559   1.459   1       
2500    180     12558   1.496   1       
2501    180     12710   1.574   1       
2502    180     12709   1.717   1       
2503    180     12708   1.940   1       
2504    180     12843   2.491   1       
2505    180     12705   1.933   1       
2506    180     12702   1.181   1       
2507    210     12702   1.181   1       /Reach 50 - Mokelumne River
2508    210     12703   1.201   1       
2509    210     12549   1.270   1       
2510    210     12401   1.342   1       
2511    210     12262   1.391   1       
2512    210     12261   1.404   1       
2513    210     12260   1.408   1       
2514    210     10327   1.386   1       /Reach 51 - Cosumnes River
2515    210     10211   1.393   1       
2516    210     10324   1.613   1       
2517    210     10323   1.844   1       
2518    210     10322   1.867   1       
2519    210     10208   1.888   1       
2520    210     10318   1.917   1       
2521    210     10433   1.950   1       
2522    210     10432   1.982   1       
2523    210     10431   1.968   1       
2524    210     10316   1.664   1       
2525    210     10315   2.153   1       
2526    210     10203   1.961   1       
2527    210     10202   1.521   1       
2528    210     10311   1.369   1       
2529    210     10310   1.586   1       
2530    210     10423   1.868   1       
2531    210     10539   2.327   1       
2532    210     10538   1.280   1       
2533    210     10537   1.218   1       
2534    210     10653   2.694   1       
2535    210     10652   2.268   1       
2536    210     10650   1.239   1       
2537    210     10649   1.699   1       
2538    210     10771   1.501   1       
2539    210     10895   1.483   1       
2540    210     10894   1.513   1       
2541    210     10893   1.505   1       
2542    210     10767   1.504   1       
2543    210     10766   1.279   1       
2544    210     10765   1.496   1       
2545    210     10888   1.494   1       
2546    210     11014   1.487   1       
2547    210     11012   1.481   1       
2548    210     11138   1.475   1       
2549    210     11137   1.472   1       
2550    210     11136   1.475   1       
2551    210     11135   1.474   1       
2552    210     11265   1.472   1       
2553    210     11264   1.468   1       
2554    210     11263   1.470   1       
2555    210     11262   1.470   1       
2556    210     11261   1.469   1       
2557    210     11407   1.468   1       
2558    210     11555   1.467   1       
2559    210     11699   1.467   1       
2560    210     11698   1.466   1       
2561    210     11697   1.243   1       
2562    210     11843   1.465   1       
2563    210     11985   1.465   1       
2564    210     11984   1.464   1       
2565    210     12129   1.465   1       
2566    210     12130   1.467   1       
2567    210     12131   1.470   1       
2568    210     12126   1.471   1       
2569    210     12268   1.476   1       
2570    210     12267   1.480   1       
2571    210     12266   1.488   1       
2572    210     12404   1.487   1       
2573    210     12403   1.448   1       
2574    210     12263   1.417   1       
2575    210     12121   1.417   1       
2576    210     12120   1.414   1       
2577    210     12260   1.408   1       
2578    210     12260   1.408   1       /Reach 52 - Mokelumne River
2579    210     12259   1.413   1       
2580    210     12258   1.412   1       
2581    210     12257   1.423   1       
2582    210     12117   1.428   1       
2583    210     12253   1.431   1       
2584    210     12391   1.429   1       
2585    210     12392   1.259   1       
2586    210     12536   1.251   1       
2587    210     12535   1.260   1       
2588    210     12689   1.264   1       
2589    210     12688   1.274   1       
2590    210     12831   1.280   1       
2591    210     12829   1.256   1       
2592    210     12828   1.197   1       
2593    210     12827   1.276   1       
2594    210     12958   1.346   1       
2595    210     12957   1.379   1       
2596    210     12956   1.415   1       
2597    210     12823   1.424   1       
2598    210     12953   1.451   1       
2599    400     12951   1.479   1       
2600    400     13077   1.493   1       
2601    400     13190   1.508   1       
2602    400     13189   1.523   1       
2603    400     13188   1.539   1       
2604    400     13074   1.561   1       
2605    400     13073   1.582   1       
2606    400     13072   1.606   1       
2607    400     13071   1.625   1       
2608    400     12943   1.634   1       
2609    400     12942   1.658   1       
2610    400     12940   1.682   1       
2611    400     12939   1.718   1       
2612    400     13067   1.766   1       
2613    400     13066   1.870   1       
2614    400     12936   2.168   1       
2615    400     12935   4.257   1       
2616    400     12934   2.734   1       
2617    400     12933   1.173   1       
2618    400     12932   1.473   1       
2619    400     13058   1.669   1       
2620    400     13176   1.685   1       
2621    400     13175   1.664   1       
2622    400     13056   1.582   1       
2623    400     13056   1.582   1       /Reach 53 - San Joaquin River
2624    400     12930   1.589   1       
2625    400     12801   1.775   1       
2626    400     12655   1.826   1       
2627    400     12654   1.790   1       
2628    400     12653   1.835   1       
2629    400     12652   2.009   1       
2630    400     12651   2.094   1       
2631    400     12793   2.339   1       
2632    400     12792   2.632   1       
2633    400     12648   2.838   1       
2634    400     12493   3.072   1       
2635    400     12645   3.242   1       
2636    400     12644   3.082   1       
2637    400     12643   3.128   1       
2638    400     12785   3.898   1       
2639    400     12784   3.193   1       
2640    400     12783   2.510   1       
2641    400     12782   2.238   1       
2642    400     12637   2.069   1       
2643    400     12636   1.946   1       
2644    400     12483   1.840   1       
2645    400     12481   1.765   1       
2646    400     12480   1.717   1       
2647    400     12479   1.681   1       
2648    400     12477   1.649   1       
2649    400     12476   1.620   1       
2650    400     12475   1.596   1       
2651    400     12474   1.585   1       
2652    400     12473   1.575   1       
2653    400     12332   1.570   1       
2654    400     12330   1.565   1       
2655    400     12329   1.563   1       
2656    400     12328   1.556   1       
2657    400     12189   1.547   1       
2658    400     12055   1.541   1       
2659    400     11915   1.526   1       
2660    400     11916   1.506   1       
2661    400     11776   1.483   1       
2662    400     11632   1.411   1       
2663    400     11633   1.288   1       
2664    500     551     1.256   1       /Reach 54 - Clear Creek
2665    500     498     1.244   1       
2666    500     450     2.300   1       
2667    500     402     2.286   1       
2668    500     359     2.268   1       
2669    500     316     1.244   1       
2670    500     318     2.220   1       
2671    500     276     2.187   1       
2672    500     277     2.139   1       
2673    500     279     2.070   1       
2674    500     325     1.982   1       
2675    500     326     1.876   1       
2676    500     327     1.753   1       
2677    500     328     1.599   1       
2678    500     329     1.548   1       
2679    500     330     0.000   1       
2680    500     63      4.852   1       /Reach 55 - Sacramento River
2681    500     64      5.891   1       
2682    500     42      6.769   1       
2683    500     43      6.503   1       
2684    500     44      5.644   1       
2685    500     45      4.453   1       
2686    500     69      4.038   1       
2687    500     70      3.276   1       
2688    500     96      3.192   1       
2689    500     126     2.940   1       
2690    500     127     2.608   1       
2691    500     165     2.350   1       
2692    500     205     2.209   1       
2693    500     206     2.165   1       
2694    500     168     2.109   1       
2695    500     210     2.061   1       
2696    500     209     2.003   1       
2697    500     245     1.967   1       
2698    500     246     1.950   1       
2699    500     286     1.864   1       
2700    500     330     1.799   1       
2701    500     330     1.799   1       /Reach 56 - Sacramento River
2702    500     331     1.979   1       
2703    500     332     2.096   1       
2704    500     333     2.163   1       
2705    500     290     2.292   1       
2706    500     291     2.404   1       
2707    500     292     2.492   1       
2708    500     337     2.432   1       
2709    500     338     2.379   1       
2710    500     339     2.324   1       
2711    500     381     2.220   1       
2712    500     382     2.087   1       
2713    500     383     1.951   1       
2714    500     344     1.980   1       
2715    500     345     2.017   1       
2716    500     386     2.050   1       
2717    500     387     2.047   1       
2718    500     432     2.085   1       
2719    500     433     2.146   1       
2720    400     159     1.823   1       /Reach 57 - Cow Creek
2721    400     158     1.817   1       
2722    400     156     1.704   1       
2723    400     195     1.630   1       
2724    400     194     1.550   1       
2725    400     154     1.555   1       
2726    400     191     1.522   1       
2727    400     190     1.495   1       
2728    400     151     1.476   1       
2729    400     149     1.391   1       
2730    400     187     1.379   1       
2731    400     147     1.308   1       
2732    400     112     1.218   1       
2733    400     111     1.073   1       
2734    400     110     1.178   1       
2735    400     109     1.281   1       
2736    400     143     1.369   1       
2737    400     181     1.405   1       
2738    400     180     1.812   1       
2739    400     224     1.395   1       
2740    400     263     1.438   1       
2741    400     262     1.426   1       
2742    400     261     1.394   1       
2743    400     304     1.304   1       
2744    400     303     1.118   1       
2745    400     349     1.278   1       
2746    400     390     1.340   1       
2747    400     433     0.000   1       
2748    500     433     2.146   1       /Reach 58 - Sacramento River
2749    500     434     2.127   1       
2750    500     480     2.150   1       
2751    500     481     2.264   1       
2752    500     483     2.359   1       
2753    500     484     2.274   1       
2754    500     532     1.766   1       
2755    500     590     2.409   1       
2756    500     654     6.802   1       
2757    500     726     5.841   1       
2758    500     725     3.529   1       
2759    500     797     2.141   1       
2760    500     862     1.462   1       
2761    500     920     1.451   1       
2762    500     971     1.451   1       
2763    200     617     1.250   1       /Reach 59 - Cottonwood North
2764    200     618     1.242   1       
2765    200     561     1.205   1       
2766    200     620     1.255   1       
2767    200     882     1.313   1       /Reach 60 - Cottonwood Middle
2768    200     881     1.303   1       
2769    200     819     1.296   1       
2770    200     817     1.289   1       
2771    200     818     1.282   1       
2772    200     751     1.270   1       
2773    200     683     1.261   1       
2774    200     620     1.255   1       
2775    200     620     1.255   1       /Reach 61 - Cottonwood Creek
2776    200     622     1.255   1       
2777    200     623     1.253   1       
2778    200     687     1.153   1       
2779    200     688     1.382   1       
2780    200     689     1.461   1       
2781    200     690     1.566   1       
2782    200     691     1.164   1       
2783    200     692     1.111   1       
2784    200     693     1.255   1       
2785    200     695     1.258   1       
2786    200     696     1.308   1       
2787    200     632     1.439   1       
2788    200     699     1.328   1       
2789    200     700     1.231   1       
2790    200     767     1.225   1       
2791    200     769     1.231   1       
2792    200     771     1.149   1       
2793    200     772     1.393   1       
2794    200     773     1.551   1       
2795    200     775     1.571   1       
2796    200     707     1.459   1       
2797    200     708     1.500   1       
2798    200     1543    0.1365  1.000   /Reach 62 - SF Cottonwood Creek
2799    200     1544    0.1276  1.000   
2800    200     1488    0.1117  1.000   
2801    200     1490    0.1041  1.000   
2802    200     1491    0.1179  1.000   
2803    200     1433    0.1296  1.000   
2804    200     1434    0.1355  1.000   
2805    200     1435    0.1381  1.000   
2806    200     1436    0.1400  1
2807    200     1375    0.1443  1
2808    200     1376    0.1563  1
2809    200     1377    0.1556  1
2810    200     1378    0.1358  1
2811    200     1315    0.1290  1
2812    200     1380    0.1250  1
2813    200     1381    0.1238  1
2814    200     1318    0.1253  1
2815    200     1320    0.1249  1
2816    200     1256    0.1249  1
2817    200     1322    0.1270  1
2818    200     1258    0.1306  1
2819    200     1259    0.1363  1
2820    200     1196    0.1448  1
2821    200     1197    0.1485  1
2822    200     1129    0.1823  1
2823    200     1130    0.1498  1
2824    200     1131    0.1483  1
2825    200     1065    0.1481  1
2826    200     1068    0.1371  1
2827    200     1066    0.1628  1
2828    200     1003    0.3026  1
2829    200     946     0.2012  1
2830    200     947     0.1399  1
2831    200     895     0.1323  1
2832    200     897     0.1254  1
2833    200     898     0.1195  1
2834    200     899     0.1204  1
2835    200     954     0.1269  1
2836    200     902     0.1298  1
2837    200     904     0.1303  1
2838    200     905     0.1253  1
2839    200     840     0.1262  1
2840    200     841     0.1595  1
2841    200     778     0.1313  1
2842    200     708     0.1500  1
2843    200     708     1.500   1       /Reach 63 - Cottonwood Creek
2844    200     709     1.531   1       
2845    200     710     1.475   1       
2846    200     711     4.599   1       
2847    200     712     5.473   1       
2848    200     784     5.557   1       
2849    200     786     3.386   1       
2850    200     787     2.316   1       
2851    200     716     1.728   1       
2852    200     717     1.177   1       
2853    200     718     1.425   1       
2854    200     791     2.315   1       
2855    200     793     2.508   1       
2856    200     859     2.311   1       
2857    200     861     1.719   1       
2858    200     919     1.719   1       
2859    200     971     0.000   1       
2860    500     971     1.451   1       /Reach 64 - Sacramento River
2861    500     1029    1.988   1       
2862    500     1031    2.853   1       
2863    500     1032    3.669   1       
2864    500     1033    3.948   1       
2865    400     677     1.377   1       /Reach 65 - Battle Creek
2866    400     676     1.334   1       
2867    400     675     1.374   1       
2868    400     674     1.409   1       
2869    400     606     1.441   1       
2870    400     545     1.507   1       
2871    400     604     1.558   1       
2872    400     603     1.578   1       
2873    400     669     1.620   1       
2874    400     600     1.680   1       
2875    400     664     1.727   1       
2876    400     663     1.761   1       
2877    400     665     1.658   1       
2878    400     736     2.184   1       
2879    400     735     2.070   1       
2880    400     660     1.926   1       
2881    400     732     2.177   1       
2882    400     800     2.493   1       
2883    400     799     2.665   1       
2884    400     798     2.117   1       
2885    400     863     1.881   1       
2886    400     921     2.153   1       
2887    400     922     2.372   1       
2888    400     923     2.635   1       
2889    400     977     3.027   1       
2890    400     1033    0.000   1       
2891    500     1033    3.948   1       /Reach 66 - Sacramento River
2892    500     1093    4.758   1       
2893    500     1156    5.344   1       
2894    500     1155    5.832   1       
2895    500     1154    6.557   1       
2896    500     1222    7.111   1       
2897    500     1285    5.811   1       
2898    500     1284    5.858   1       
2899    500     1348    6.351   1       
2900    500     1288    6.065   1       
2901    500     1227    5.412   1       
2902    500     1161    4.882   1       
2903    500     1098    4.629   1       
2904    500     1099    1.632   1       
2905    500     1100    1.527   1       
2906    500     1166    3.729   1       
2907    500     1164    3.768   1       
2908    500     1232    3.575   1       
2909    500     1296    1.615   1       
2910    500     1360    1.624   1       
2911    500     1294    1.565   1       
2912    500     1293    1.706   1       
2913    500     1292    3.661   1       
2914    500     1354    3.378   1       
2915    500     1413    3.114   1       
2916    500     1471    2.912   1       
2917    500     1469    2.707   1       
2918    500     1468    2.744   1       
2919    500     1467    2.661   1       
2920    500     1466    2.557   1       
2921    500     1465    2.462   1       
2922    500     1522    2.363   1       
2923    500     1521    2.202   1       
2924    500     1578    2.009   1       
2925    500     1579    2.119   1       
2926    500     1580    2.282   1       
2927    500     1530    2.433   1       
2928    500     1531    2.474   1       
2929    150     1116    1.447   1       /Reach 67 - Paynes Creek
2930    150     1115    1.384   1       
2931    150     1049    1.293   1       
2932    150     1048    1.188   1       
2933    150     1047    1.138   1       
2934    150     1111    1.188   1       
2935    150     1177    1.148   1       
2936    150     1242    1.100   1       
2937    150     1175    1.220   1       
2938    150     1240    1.344   1       
2939    150     1239    1.487   1       
2940    150     1238    1.581   1       
2941    150     1237    1.672   1       
2942    150     1300    1.734   1       
2943    150     1299    1.783   1       
2944    150     1361    1.835   1       
2945    150     1420    2.036   1       
2946    150     1477    2.592   1       
2947    150     1415    3.467   1       
2948    150     1475    4.453   1       
2949    150     1531    0.000   1       
2950    500     1531    2.474   1       /Reach 68 - Sacramento River
2951    500     1532    2.373   1       
2952    500     1533    2.338   1       
2953    500     1584    2.146   1       
2954    500     1635    1.893   1       
2955    500     1630    1.561   1       
2956    500     1629    1.187   1       
2957    500     1628    1.340   1       
2958    500     1625    3.717   1       
2959    500     1572    6.872   1       
2960    500     1571    4.086   1       
2961    500     1619    3.065   1       
2962    500     1675    2.912   1       
2963    500     1722    2.701   1       
2964    500     1721    2.575   1       
2965    500     1720    2.510   1       
2966    500     1767    2.441   1       
2967    500     1766    2.404   1       
2968    500     1813    2.409   1       
2969    500     1858    2.434   1       
2970    500     1858    2.434   1       /Reach 69 - Sacramento River
2971    500     1909    2.469   1       
2972    500     1862    2.602   1       
2973    500     1910    2.553   1       
2974    500     1967    2.381   1       
2975    500     1912    2.882   1       
2976    500     1969    2.438   1       
2977    500     1970    1.891   1       
2978    500     2032    1.809   1       
2979    500     2033    1.916   1       
2980    500     2034    2.047   1       
2981    500     2100    2.139   1       
2982    500     2164    2.182   1       
2983    500     2224    2.231   1       
2984    500     2226    2.329   1       
2985    500     2167    2.194   1       
2986    100     1646    3.314   1       /Reach 70 - Antelope Creek Group
2987    100     1645    5.218   1       
2988    100     1690    5.357   1       
2989    100     1733    2.537   1       
2990    100     1780    2.526   1       
2991    100     1781    2.470   1       
2992    100     1823    2.408   1       
2993    100     1866    6.976   1       
2994    100     1867    3.176   1       
2995    100     1868    2.354   1       
2996    100     1869    1.975   1       
2997    100     1920    1.334   1       
2998    100     1973    1.291   1       
2999    100     2036    1.996   1       
3000    100     2037    2.489   1       
3001    100     2103    2.295   1       
3002    100     2166    2.194   1       
3003    100     2167    0.000   1       
3004    500     2167    2.194   1       /Reach 71 - Sacramento River
3005    500     2169    2.239   1       
3006    500     2228    2.615   1       
3007    500     2297    2.744   1       
3008    500     2298    2.732   1       
3009    500     2299    2.858   1       
3010    500     2300    1.911   1       
3011    500     2371    1.990   1       
3012    500     2372    2.186   1       
3013    150     1876    1.377   1       /Reach 72 - Elder Creek
3014    150     1930    1.333   1       
3015    150     1931    1.232   1       
3016    150     1987    1.062   1       
3017    150     1988    1.180   1       
3018    150     1989    1.329   1       
3019    150     2054    1.391   1       
3020    150     2055    1.413   1       
3021    150     2056    1.465   1       
3022    150     1992    1.391   1       
3023    150     1993    1.131   1       
3024    150     1994    1.125   1       
3025    150     1995    1.139   1       
3026    150     1997    1.275   1       
3027    150     1940    1.431   1       
3028    150     1941    1.430   1       
3029    150     1887    1.384   1       
3030    150     1888    1.379   1       
3031    150     1890    1.382   1       
3032    150     1891    1.389   1       
3033    150     1892    1.397   1       
3034    150     1948    1.402   1       
3035    150     2008    1.408   1       
3036    150     2074    1.422   1       
3037    150     2072    1.446   1       
3038    150     2075    1.484   1       
3039    150     2011    1.475   1       
3040    150     2076    1.563   1       
3041    150     2012    1.558   1       
3042    150     2013    1.954   1       
3043    150     2081    1.831   1       
3044    150     2082    1.634   1       
3045    150     2083    1.665   1       
3046    150     2148    1.665   1       
3047    150     2149    1.789   1       
3048    150     2087    2.534   1       
3049    150     2153    1.662   1       
3050    150     2154    1.564   1       
3051    150     2155    1.902   1       
3052    150     2217    2.195   1       
3053    150     2290    1.938   1       
3054    150     2361    1.938   1       
3055    150     2429    2.275   1       
3056    150     2430    2.271   1       
3057    150     2431    2.237   1       
3058    150     2370    2.139   1       
3059    150     2433    2.163   1       
3060    150     2372    0.000   1       
3061    100     2246    1.581   1       /Reach 73 - Mill Creek
3062    100     2245    1.497   1       
3063    100     2243    1.396   1       
3064    100     2242    1.424   1       
3065    100     2241    1.582   1       
3066    100     2240    1.768   1       
3067    100     2239    1.878   1       
3068    100     2238    1.939   1       
3069    100     2237    1.998   1       
3070    100     2236    2.200   1       
3071    100     2235    1.834   1       
3072    100     2234    1.349   1       
3073    100     2304    1.786   1       
3074    100     2375    2.047   1       
3075    100     2374    2.081   1       
3076    100     2436    2.142   1       
3077    100     2372    0.000   1       
3078    500     2372    2.186   1       /Reach 74 - Sacramento River
3079    500     2435    2.229   1       
3080    500     2491    2.227   1       
3081    500     2552    2.234   1       
3082    500     2551    2.300   1       
3083    500     2614    2.321   1       
3084    500     2613    2.153   1       
3085    500     2612    2.126   1       
3086    500     2611    1.809   1       
3087    500     2674    1.687   1       
3088    500     2677    1.808   1       
3089    250     2451    1.395   1       /Reach 75 - Thomes Creek
3090    250     2452    1.417   1       
3091    250     2453    1.540   1       
3092    250     2454    1.487   1       
3093    250     2455    1.259   1       
3094    250     2457    1.104   1       
3095    250     2392    1.139   1       
3096    250     2393    1.471   1       
3097    250     2394    1.977   1       
3098    250     2323    1.293   1       
3099    250     2324    1.323   1       
3100    250     2325    1.483   1       
3101    250     2399    1.643   1       
3102    250     2327    1.694   1       
3103    250     2328    1.308   1       
3104    250     2256    1.307   1       
3105    250     2194    1.355   1       
3106    250     2195    1.372   1       
3107    250     2259    1.388   1       
3108    250     2261    1.405   1       
3109    250     2262    1.404   1       
3110    250     2264    1.369   1       
3111    250     2265    1.341   1       
3112    250     2266    1.282   1       
3113    250     2267    1.147   1       
3114    250     2268    1.266   1       
3115    250     2201    1.465   1       
3116    250     2202    1.573   1       
3117    250     2203    1.599   1       
3118    250     2273    1.625   1       
3119    250     2274    1.640   1       
3120    250     2275    1.654   1       
3121    250     2346    1.629   1       
3122    500     2347    1.618   1       
3123    250     2415    1.566   1       
3124    250     2479    1.516   1       
3125    250     2478    1.462   1       
3126    250     2480    1.386   1       
3127    250     2481    1.260   1       
3128    250     2543    1.522   1       
3129    250     2604    1.681   1       
3130    250     2605    1.846   1       
3131    250     2607    1.955   1       
3132    250     2608    1.894   1       
3133    250     2609    2.023   1       
3134    250     2672    1.978   1       
3135    250     2673    1.671   1       
3136    250     2677    0.000   1       
3137    500     2677    1.808   1       /Reach 76 - Sacramento River
3138    500     2735    2.012   1       
3139    500     2736    2.329   1       
3140    500     2737    2.718   1       
3141    500     2799    3.134   1       
3142    500     2800    3.358   1       
3143    500     2872    3.358   1       
3144    500     2945    3.630   1       
3145    500     3017    3.626   1       
3146    500     2942    3.965   1       
3147    500     2941    4.267   1       
3148    500     3014    3.888   1       
3149    150     2511    1.593   1       /Reach 77 - Deer Creek Group
3150    150     2510    1.563   1       
3151    150     2509    1.545   1       
3152    150     2567    1.481   1       
3153    150     2627    1.566   1       
3154    150     2692    1.573   1       
3155    150     2691    1.757   1       
3156    150     2752    1.938   1       
3157    150     2751    2.121   1       
3158    150     2750    2.240   1       
3159    150     2687    1.990   1       
3160    150     2686    2.237   1       
3161    150     2746    2.550   1       
3162    150     2745    2.549   1       
3163    150     2808    2.482   1       
3164    150     2807    2.393   1       
3165    150     2876    3.576   1       
3166    150     2950    3.760   1       
3167    150     2949    3.519   1       
3168    150     2948    3.529   1       
3169    150     3015    3.881   1       
3170    150     3014    0.000   1       
3171    550     3014    3.888   1       /Reach 78 - Sacramento River
3172    550     3013    3.749   1       
3173    550     2939    3.598   1       
3174    550     2938    3.558   1       
3175    550     3010    3.411   1       
3176    550     3088    2.393   1       
3177    550     3087    4.366   1       
3178    550     3086    4.673   1       
3179    550     3085    4.485   1       
3180    550     3084    4.603   1       
3181    550     3160    4.558   1       
3182    550     3159    4.394   1       
3183    550     3158    4.476   1       
3184    550     3157    4.722   1       
3185    550     3156    7.316   1       
3186    550     3155    5.498   1       
3187    550     3078    6.959   1       
3188    550     3077    4.339   1       
3189    550     3076    3.211   1       
3190    550     3151    2.931   1       
3191    550     3219    3.119   1       
3192    550     3282    3.291   1       
3193    550     3280    3.391   1       
3194    550     3279    3.433   1       
3195    550     3341    4.673   1       
3196    550     3341    4.673   1       /Reach 79 - Sacramento River
3197    550     3404    6.769   1       
3198    550     3472    4.019   1       
3199    550     3473    3.398   1       
3200    550     3408    3.398   1       
3201    550     3409    3.136   1       
3202    550     3475    3.136   1       
3203    550     3536    2.888   1       
3204    550     3535    2.694   1       
3205    200     3606    2.578   1       
3206    200     3605    2.878   1       
3207    200     3604    5.189   1       
3208    200     3607    3.050   1       
3209    200     3608    2.593   1       
3210    200     3609    2.412   1       
3211    200     3610    2.125   1       
3212    550     3612    2.599   1       
3213    550     3544    2.590   1       
3214    550     3545    2.608   1       
3215    550     3615    2.557   1       
3216    550     3683    2.592   1       
3217    550     3682    2.780   1       
3218    550     3754    3.038   1       
3219    550     3836    3.093   1       
3220    550     3835    3.375   1       
3221    550     3834    3.119   1       
3222    125     3499    1.632   1       /Reach 80 - Big Chico Creek
3223    125     3498    1.750   1       
3224    125     3497    1.966   1       
3225    125     3563    2.435   1       
3226    125     3562    1.319   1       
3227    125     3561    1.094   1       
3228    125     3560    1.219   1       
3229    125     3631    1.443   1       
3230    125     3630    1.618   1       
3231    125     3629    1.815   1       
3232    125     3628    2.027   1       
3233    125     3627    2.317   1       
3234    125     3626    2.512   1       
3235    125     3625    2.562   1       
3236    125     3624    2.432   1       
3237    125     3623    2.086   1       
3238    125     3622    1.582   1       
3239    125     3691    1.489   1       
3240    125     3690    1.507   1       
3241    125     3689    1.495   1       
3242    125     3688    1.939   1       
3243    125     3760    2.182   1       
3244    125     3758    2.383   1       
3245    125     3838    2.627   1       
3246    125     3915    2.929   1       
3247    125     3834    0.000   1       
3248    550     3834    3.119   1       /Reach 81 - Sacramento River
3249    550     3912    2.900   1       
3250    550     3911    2.916   1       
3251    550     3910    2.882   1       
3252    550     3990    2.772   1       
3253    550     4067    4.158   1       
3254    550     4066    3.584   1       
3255    200     2890    1.499   1       /Reach 82 - Stony Creek
3256    200     2891    1.497   1       
3257    200     2892    1.490   1       
3258    200     2893    3.114   1       
3259    200     2894    3.130   1       
3260    200     2826    3.146   1       
3261    200     2827    3.163   1       
3262    200     2829    0.000   1       
3263    200     2830    0.000   1       
3264    200     2831    0.000   1       
3265    200     2832    0.000   1       
3266    200     2833    0.000   1       
3267    200     2834    0.000   1       
3268    200     2904    0.000   1       
3269    200     2837    0.000   1       
3270    200     3178    3.088   1       /Reach 83 - Stoney Creek
3271    200     3179    3.116   1       
3272    200     3180    0.000   1       
3273    200     3181    0.000   1       
3274    200     3182    0.000   1       
3275    200     3183    0.000   1       
3276    200     3115    0.000   1       
3277    200     3116    0.000   1       
3278    200     3045    0.000   1       
3279    200     2975    0.000   1       
3280    200     2903    0.000   1       
3281    200     2837    0.000   1       
3282    200     2837    0.000   1       /Reach 84 - Stoney Creek
3283    200     2770    0.000   1       
3284    200     2772    2.378   1       
3285    200     2840    3.540   1       
3286    200     2841    3.593   1       
3287    200     2842    3.624   1       
3288    200     2911    3.629   1       
3289    200     2912    3.641   1       
3290    200     2914    3.688   1       
3291    200     2915    3.870   1       
3292    200     2917    4.214   1       
3293    200     2918    4.492   1       
3294    200     2987    4.213   1       
3295    200     3056    3.368   1       
3296    200     3057    2.756   1       
3297    200     3058    2.496   1       
3298    200     3059    2.489   1       
3299    200     3131    2.528   1       
3300    200     3132    2.759   1       
3301    200     3135    3.188   1       
3302    200     3136    3.647   1       
3303    200     3137    3.433   1       
3304    200     3204    3.210   1       
3305    200     3266    2.488   1       
3306    200     3265    1.799   1       
3307    200     3267    1.332   1       
3308    200     3268    1.198   1       
3309    200     3329    1.451   1       
3310    200     3330    1.808   1       
3311    200     3331    2.080   1       
3312    200     3393    2.150   1       
3313    200     3394    2.043   1       
3314    200     3457    1.883   1       
3315    200     3458    1.961   1       
3316    200     3526    2.157   1       
3317    200     3596    2.308   1       
3318    200     3667    2.411   1       
3319    200     3745    2.440   1       
3320    200     3826    2.779   1       
3321    200     3828    2.857   1       
3322    200     3905    2.805   1       
3323    200     3902    2.759   1       
3324    200     3906    3.095   1       
3325    200     3987    3.144   1       
3326    200     4066    0.000   1       
3327    550     4066    3.584   1       /Reach 85 - Sacramento River
3328    550     4065    3.043   1       
3329    550     3985    3.352   1       
3330    550     3984    2.305   1       
3331    550     3983    4.257   1       
3332    550     4063    7.109   1       
3333    550     4146    3.951   1       
3334    550     4145    3.520   1       
3335    550     4223    3.520   1       
3336    550     4222    3.258   1       
3337    550     4142    3.573   1       
3338    550     4141    3.358   1       
3339    550     4058    2.958   1       
3340    550     4139    2.840   1       
3341    550     4138    2.834   1       
3342    550     4137    3.004   1       
3343    550     4136    3.358   1       
3344    550     4135    4.426   1       
3345    550     4134    3.224   1       
3346    550     4132    2.782   1       
3347    550     4131    2.312   1       
3348    550     4130    1.864   1       
3349    550     4211    1.566   1       
3350    550     4210    1.430   1       
3351    550     4288    1.430   1       
3352    550     4287    1.406   1       
3353    550     4209    1.386   1       
3354    550     4208    1.351   1       
3355    550     4207    1.370   1       
3356    550     4284    1.388   1       
3357    550     4283    1.407   1       
3358    550     4361    1.405   1       
3359    550     4281    1.364   1       
3360    550     4280    1.338   1       
3361    550     4279    1.353   1       
3362    550     4358    1.366   1       
3363    550     4357    1.329   1       
3364    550     4354    1.342   1       
3365    550     4353    1.339   1       
3366    550     4425    1.320   1       
3367    550     4424    1.292   1       
3368    550     4487    1.238   1       
3369    550     4486    1.137   1       
3370    550     4485    1.080   1       
3371    550     4548    1.162   1       
3372    550     4547    1.263   1       
3373    550     4546    1.300   1       
3374    550     4545    1.301   1       
3375    550     4544    1.293   1       
3376    550     4543    1.291   1       
3377    550     4542    1.328   1       
3378    550     4608    1.260   1       
3379    550     4677    1.173   1       
3380    550     4676    1.150   1       
3381    550     4675    1.131   1       
3382    550     4750    1.124   1       
3383    550     4749    1.104   1       
3384    550     4748    1.353   1       
3385    550     4834    1.489   1       
3386    550     4922    1.373   1       
3387    550     4832    1.251   1       
3388    550     4831    1.183   1       
3389    200     4917    1.088   1       
3390    200     4918    1.114   1       
3391    550     5005    1.085   1       
3392    550     5004    1.144   1       
3393    550     5090    1.208   1       
3394    550     5002    1.126   1       
3395    550     5001    1.178   1       
3396    550     5000    1.294   1       
3397    550     5086    1.163   1       
3398    550     5085    1.200   1       
3399    550     5169    1.321   1       
3400    550     5168    1.200   1       
3401    550     5254    1.501   1       
3402    550     5253    1.823   1       
3403    550     5338    1.444   1       
3404    550     5339    1.402   1       
3405    550     5340    1.363   1       
3406    550     5425    1.276   1       
3407    550     5424    1.095   1       
3408    550     5515    1.287   1       
3409    550     5609    1.359   1       
3410    550     5513    1.367   1       
3411    550     5607    1.434   1       
3412    550     5606    0.000   1       
3413    110     3781    1.824   1       /Reach 86 - Butte/SutterBypass/
3414    110     3859    1.908   1       
3415    110     3858    1.963   1       
3416    110     3857    1.888   1       
3417    110     3856    1.703   1       
3418    110     3855    1.621   1       
3419    110     3854    1.591   1       
3420    110     3931    1.525   1       
3421    110     3930    1.440   1       
3422    110     3929    2.012   1       
3423    110     4008    2.511   1       
3424    110     4010    2.401   1       
3425    110     4087    2.315   1       
3426    110     4169    2.514   1       
3427    110     4167    3.246   1       
3428    110     4166    2.936   1       
3429    110     4242    2.362   1       
3430    110     4243    1.578   1       
3431    110     4244    1.298   1       
3432    110     4315    1.500   1       
3433    110     4314    1.264   1       
3434    110     4384    1.273   1       
3435    110     4383    1.305   1       
3436    110     4448    1.309   1       
3437    110     4447    1.317   1       
3438    110     4446    1.329   1       
3439    110     4444    1.349   1       
3440    110     4443    1.318   1       
3441    110     4441    1.266   1       
3442    110     4440    1.195   1       
3443    110     4439    1.153   1       
3444    110     4503    1.162   1       
3445    110     4566    1.176   1       
3446    110     4565    1.184   1       
3447    110     4564    1.182   1       
3448    110     4629    1.170   1       
3449    110     4562    1.131   1       
3450    110     4561    1.132   1       
3451    110     4626    1.147   1       
3452    110     4698    1.180   1       
3453    110     4697    1.196   1       
3454    110     4773    1.208   1       
3455    110     4694    1.212   1       
3456    110     4770    1.216   1       
3457    110     4768    1.224   1       
3458    110     4767    1.226   1       
3459    110     4854    1.226   1       
3460    110     4853    1.212   1       
3461    110     4851    1.199   1       
3462    110     4850    1.184   1       
3463    110     4849    1.168   1       
3464    110     4848    1.148   1       
3465    110     4847    1.104   1       
3466    110     4932    1.059   1       
3467    110     5022    1.109   1       
3468    110     5021    1.137   1       
3469    110     5108    1.136   1       
3470    110     5192    1.123   1       
3471    110     5105    1.102   1       
3472    110     5104    1.056   1       
3473    110     5103    1.081   1       
3474    110     5187    1.114   1       
3475    110     5186    1.122   1       
3476    110     5184    1.123   1       
3477    110     5183    1.129   1       
3478    110     5182    1.133   1       
3479    110     5267    1.133   1       
3480    110     5266    1.129   1       
3481    110     5265    1.129   1       
3482    110     5350    1.144   1       
3483    110     5349    1.161   1       
3484    110     5433    1.166   1       
3485    110     5432    1.172   1       
3486    110     5431    1.176   1       
3487    110     5430    1.177   1       
3488    110     5521    1.524   1       
3489    110     5615    1.512   1       
3490    110     5707    1.467   1       
3491    110     5706    1.367   1       
3492    110     5797    1.208   1       
3493    110     5879    1.395   1       
3494    110     5880    1.444   1       
3495    110     5881    1.494   1       
3496    110     5882    1.527   1       
3497    110     5970    1.538   1       
3498    575     5606    1.364   1       /Reach 87 - Sacramento River
3499    575     5605    1.361   1       
3500    575     5510    1.127   1       
3501    575     5603    1.590   1       
3502    575     5602    2.800   1       
3503    575     5697    1.915   1       
3504    575     5792    1.259   1       
3505    575     5695    2.351   1       
3506    575     5694    2.139   1       
3507    575     5693    3.118   1       
3508    575     5787    1.510   1       
3509    575     5872    1.685   1       
3510    575     5963    1.833   1       
3511    575     5964    1.552   1       
3512    575     5965    1.163   1       
3513    575     5966    1.417   1       
3514    575     5960    1.473   1       
3515    575     5959    2.267   1       
3516    575     5958    1.558   1       
3517    575     6055    1.518   1       
3518    575     6053    1.699   1       
3519    575     6156    1.852   1       
3520    575     6257    1.455   1       
3521    575     6256    1.899   1       
3522    575     6154    1.756   1       
3523    575     6153    1.479   1       
3524    575     6152    1.952   1       
3525    575     6151    1.934   1       
3526    575     6253    2.101   1       
3527    575     6149    1.317   1       
3528    575     6251    1.489   1       
3529    575     6249    1.372   1       
3530    575     6248    1.199   1       
3531    575     6358    1.199   1       
3532    575     6357    1.169   1       
3533    575     6356    1.386   1       
3534    575     6458    1.551   1       
3535    575     6457    1.718   1       
3536    575     6559    2.313   1       
3537    575     6558    1.849   1       
3538    575     6557    1.293   1       
3539    575     6655    1.485   1       
3540    575     6759    1.412   1       
3541    575     6758    1.162   1       
3542    575     6757    2.178   1       
3543    575     6868    2.244   1       
3544    575     6871    1.538   1       
3545    575     6872    1.458   1       
3546    575     6981    1.497   1       
3547    575     6980    1.347   1       
3548    575     6979    1.920   1       
3549    575     6978    2.621   1       
3550    575     7096    2.497   1       
3551    575     7097    1.870   1       
3552    575     7094    2.018   1       
3553    575     7093    1.704   1       
3554    575     7092    1.519   1       
3555    575     7204    1.456   1       
3556    575     7320    1.502   1       
3557    575     7439    1.526   1       
3558    575     7440    1.453   1       
3559    575     7437    1.369   1       
3560    575     7317    1.373   1       
3561    575     7201    1.286   1       
3562    575     7200    1.279   1       
3563    575     7315    1.228   1       
3564    575     7198    1.214   1       
3565    575     7197    1.196   1       
3566    575     7196    1.257   1       
3567    575     7195    1.250   1       
3568    575     7309    1.275   1       
3569    575     7308    1.292   1       
3570    575     7430    1.317   1       
3571    575     7307    1.260   1       
3572    575     7191    1.142   1       
3573    575     7304    1.215   1       
3574    575     7426    1.224   1       
3575    575     7560    1.201   1       
3576    575     7559    1.233   1       
3577    575     7558    1.218   1       
3578    575     7693    1.260   1       
3579    575     7692    1.267   1       
3580    575     7556    1.362   1       
3581    575     7557    1.310   1       
3582    575     7422    1.349   1       
3583    575     7553    1.243   1       
3584    575     7552    1.253   1       
3585    575     7551    1.245   1       
3586    575     7550    1.272   1       
3587    575     7683    1.304   1       
3588    575     7816    1.364   1       
3589    575     7817    1.360   1       
3590    575     7938    1.377   1       
3591    575     7939    1.362   1       
3592    575     8061    1.394   1       
3593    575     8062    1.357   1       
3594    575     8063    1.349   1       
3595    575     8064    1.337   1       
3596    575     8065    1.269   1       
3597    575     8066    1.394   1       
3598    575     8067    1.082   1       
3599    575     8187    1.174   1       
3600    575     8188    1.314   1       
3601    575     8297    1.418   1       
3602    575     8401    1.496   1       
3603    575     8299    1.554   1       
3604    575     8400    1.582   1       
3605    575     8402    1.673   1       
3606    575     8397    1.748   1       
3607    575     8510    1.876   1       
3608    575     8509    2.016   1       
3609    575     8393    2.186   1       
3610    575     8392    2.981   1       
3611    200     3341    0.000   1       /Reach 88 - Glen Colusa Canal
3612    200     3340    0.000   1       
3613    200     3402    0.000   1       
3614    200     3401    0.000   1       
3615    200     3467    0.000   1       
3616    200     3534    0.000   1       
3617    200     3533    0.000   1       
3618    200     3532    0.000   1       
3619    200     3531    0.000   1       
3620    200     3530    0.000   1       
3621    200     3600    0.000   1       
3622    200     3599    0.000   1       
3623    200     3670    0.000   1       
3624    200     3746    0.000   1       
3625    200     3744    0.000   1       
3626    200     3743    0.000   1       
3627    200     3742    0.000   1       
3628    200     3741    0.000   1       
3629    200     3740    0.000   1       
3630    200     3738    0.000   1       
3631    200     3737    0.000   1       
3632    200     3736    0.000   1       
3633    200     3814    0.000   1       
3634    200     3813    0.000   1       
3635    200     3812    0.000   1       
3636    200     3810    0.000   1       
3637    200     3731    0.000   1       
3638    200     3730    0.000   1       
3639    200     3729    0.000   1       
3640    200     3654    0.000   1       
3641    200     3726    0.000   1       
3642    200     3805    0.000   1       
3643    200     3724    0.000   1       
3644    200     3723    0.000   1       
3645    200     3722    0.000   1       
3646    200     3721    0.000   1       
3647    200     3799    0.000   1       
3648    200     3798    0.000   1       
3649    200     3797    0.000   1       
3650    200     3878    0.000   1       
3651    200     3961    0.000   1       
3652    200     3876    0.000   1       
3653    200     3959    0.000   1       
3654    200     3873    0.000   1       
3655    200     3872    0.000   1       
3656    200     3871    0.000   1       
3657    200     3954    0.000   1       
3658    200     4035    0.000   1       
3659    200     3952    0.000   1       
3660    200     3951    0.000   1       
3661    200     3950    0.000   1       
3662    200     3949    0.000   1       
3663    200     3948    0.000   1       
3664    200     3947    0.000   1       
3665    200     4028    0.000   1       
3666    200     4026    0.000   1       
3667    200     4025    0.000   1       
3668    200     4024    0.000   1       
3669    200     4023    0.000   1       
3670    200     4104    0.000   1       
3671    200     4103    0.000   1       
3672    200     4102    0.000   1       
3673    200     4186    0.000   1       
3674    200     4185    0.000   1       
3675    200     4184    0.000   1       
3676    200     4257    0.000   1       
3677    200     4256    0.000   1       
3678    200     4331    0.000   1       
3679    200     4400    0.000   1       
3680    200     4399    0.000   1       
3681    200     4464    0.000   1       
3682    200     4463    0.000   1       
3683    200     4461    0.000   1       
3684    200     4460    0.000   1       
3685    200     4523    0.000   1       
3686    200     4586    0.000   1       
3687    200     4585    0.000   1       
3688    200     4584    0.000   1       
3689    200     4654    0.000   1       
3690    200     4653    0.000   1       
3691    200     4655    0.000   1       
3692    200     4726    0.000   1       
3693    200     4727    0.000   1       
3694    200     4810    0.000   1       
3695    200     4809    0.000   1       
3696    200     4808    0.000   1       
3697    200     4807    0.000   1       
3698    200     4806    0.000   1       
3699    200     4805    0.000   1       
3700    200     4894    0.000   1       
3701    200     4978    0.000   1       
3702    200     4977    0.000   1       
3703    200     4975    0.000   1       
3704    200     4974    0.000   1       
3705    200     5056    0.000   1       
3706    200     5143    0.000   1       
3707    200     5142    0.000   1       
3708    200     5224    0.000   1       
3709    200     5307    0.000   1       
3710    200     5308    0.000   1       
3711    200     5227    0.000   1       
3712    200     5229    0.000   1       
3713    200     5230    0.000   1       
3714    200     5310    0.000   1       
3715    200     5391    0.000   1       
3716    200     5392    0.000   1       
3717    200     5393    0.000   1       
3718    200     5394    0.000   1       
3719    200     5396    0.000   1       
3720    200     5397    0.000   1       
3721    200     5398    0.000   1       
3722    200     5399    0.000   1       
3723    200     5488    0.000   1       
3724    200     5487    0.000   1       
3725    200     5576    0.000   1       
3726    200     5577    0.000   1       
3727    200     5491    0.000   1       
3728    200     5492    0.000   1       
3729    200     5580    0.000   1       
3730    200     5581    0.000   1       
3731    200     5582    0.000   1       
3732    200     5673    0.000   1       
3733    200     5767    0.000   1       
3734    200     5766    0.000   1       
3735    200     5768    0.000   1       
3736    200     5769    0.000   1       
3737    200     5770    0.000   1       
3738    200     5771    0.000   1       
3739    200     5857    0.000   1       
3740    200     5858    0.000   1       
3741    200     4666    1.232   1       /Reach 89 - Colusa Drain
3742    200     4739    1.192   1       
3743    200     4822    1.167   1       
3744    200     4823    1.174   1       
3745    200     4824    1.177   1       
3746    200     4909    1.178   1       
3747    200     4908    1.165   1       
3748    200     4995    1.153   1       
3749    200     4994    1.144   1       
3750    200     4993    1.131   1       
3751    200     5077    1.120   1       
3752    200     5076    1.106   1       
3753    200     4989    1.096   1       
3754    200     5072    1.119   1       
3755    200     5071    1.130   1       
3756    200     5159    1.125   1       
3757    200     5158    1.127   1       
3758    200     5245    1.129   1       
3759    200     5244    1.129   1       
3760    200     5243    1.126   1       
3761    200     5326    1.118   1       
3762    200     5325    1.104   1       
3763    200     5414    1.087   1       
3764    200     5413    1.070   1       
3765    200     5412    1.087   1       
3766    200     5503    1.110   1       
3767    200     5502    1.141   1       
3768    200     5501    1.132   1       
3769    200     5592    1.119   1       
3770    200     5685    1.108   1       
3771    200     5684    1.113   1       
3772    200     5683    1.072   1       
3773    200     5775    1.038   1       
3774    200     5774    1.115   1       
3775    200     5773    1.213   1       
3776    200     5858    1.160   1       
3777    200     5858    1.160   1       /Reach 90 - Colusa Drain
3778    200     5944    1.056   1       
3779    200     5943    1.106   1       
3780    200     6039    1.080   1       
3781    200     6037    1.148   1       
3782    200     6036    1.106   1       
3783    200     6035    1.078   1       
3784    200     6034    1.047   1       
3785    200     6134    1.094   1       
3786    200     6133    1.053   1       
3787    200     6132    1.118   1       
3788    200     6131    1.053   1       
3789    200     6130    1.222   1       
3790    200     6232    1.172   1       
3791    200     6340    2.013   1       
3792    200     6341    1.754   1       
3793    200     6443    1.634   1       
3794    200     6442    1.299   1       
3795    200     6543    1.075   1       
3796    200     6542    1.089   1       
3797    200     6541    1.047   1       
3798    200     6641    1.104   1       
3799    200     6643    1.070   1       
3800    200     6743    1.081   1       
3801    200     6742    1.176   1       
3802    200     6849    1.210   1       
3803    200     6848    1.233   1       
3804    200     6847    1.294   1       
3805    200     6846    1.577   1       
3806    200     6961    1.830   1       
3807    200     6843    1.470   1       
3808    200     6842    1.237   1       
3809    200     6841    1.113   1       
3810    200     6840    1.051   1       
3811    200     6839    1.267   1       
3812    200     6953    1.783   1       
3813    200     6952    2.210   1       
3814    200     7070    1.814   1       
3815    200     7069    1.563   1       
3816    200     7068    1.402   1       
3817    200     7180    1.313   1       
3818    200     7291    1.233   1       
3819    200     7414    1.176   1       
3820    200     7544    1.148   1       
3821    200     7543    1.158   1       
3822    200     7677    1.056   1       
3823    200     7676    1.133   1       
3824    200     7675    1.169   1       
3825    200     7808    1.235   1       
3826    200     7807    1.346   1       
3827    200     7931    1.380   1       
3828    200     8055    1.366   1       
3829    200     8175    1.359   1       
3830    200     8174    1.335   1       
3831    200     8173    1.321   1       
3832    200     8172    1.261   1       
3833    200     8286    1.068   1       
3834    200     8392    0.000   1       
3835    550     8392    2.981   1       /Reach 91 - Sacramento River
3836    550     8504    3.781   1       
3837    550     8503    3.924   1       
3838    550     8610    3.572   1       
3839    550     8609    1.463   1       
3840    550     8608    1.910   1       
3841    550     8500    1.762   1       
3842    550     8499    1.376   1       
3843    550     8498    1.151   1       
3844    550     8386    1.340   1       
3845    550     8496    1.474   1       
3846    550     8495    1.519   1       
3847    550     8601    1.584   1       
3848    550     8600    1.602   1       
3849    550     8713    1.596   1       
3850    550     8712    1.607   1       
3851    550     8711    1.605   1       
3852    550     8822    1.586   1       
3853    110     5970    1.538   1       /Reach 92 - Sutter Bypass/Butte
3854    110     5971    1.540   1       
3855    110     5972    1.511   1       
3856    110     6064    1.437   1       
3857    110     6162    1.388   1       
3858    110     6264    1.234   1       
3859    110     6164    1.291   1       
3860    110     6165    1.386   1       
3861    110     6166    1.297   1       
3862    110     6269    1.310   1       
3863    110     6370    1.703   1       
3864    110     6468    1.349   1       
3865    110     6372    1.209   1       
3866    110     6273    1.114   1       
3867    110     6274    1.235   1       
3868    110     6275    1.289   1       
3869    110     6376    1.349   1       
3870    110     6377    1.366   1       
3871    110     6474    1.444   1       
3872    110     6475    1.431   1       
3873    110     6575    1.338   1       
3874    110     6576    2.570   1       
3875    110     6577    1.290   1       
3876    110     6671    1.405   1       
3877    110     6774    1.724   1       
3878    110     6775    1.457   1       
3879    110     6776    1.193   1       
3880    110     6777    1.171   1       
3881    110     6883    1.064   1       
3882    110     6995    1.096   1       
3883    110     6996    1.263   1       
3884    110     6997    1.255   1       
3885    110     7109    1.152   1       
3886    110     7219    1.169   1       
3887    110     7333    1.322   1       
3888    110     7334    1.230   1       
3889    110     7335    1.217   1       
3890    110     7452    1.197   1       
3891    110     7578    1.165   1       
3892    110     7579    1.135   1       
3893    110     7580    1.239   1       
3894    110     7581    1.543   1       
3895    110     7708    1.560   1       
3896    110     7709    1.322   1       
3897    110     7839    1.194   1       
3898    110     7840    1.175   1       
3899    110     7960    1.158   1       
3900    110     7961    1.166   1       
3901    110     8083    1.244   1       
3902    110     8082    1.263   1       
3903    110     8204    1.301   1       
3904    110     8316    1.359   1       
3905    110     8315    1.495   1       
3906    110     8420    1.612   1       
3907    110     8418    1.761   1       
3908    110     8417    1.585   1       
3909    110     8416    1.544   1       
3910    110     8310    1.568   1       
3911    110     8309    1.691   1       
3912    110     8308    2.194   1       
3913    110     8410    1.684   1       
3914    110     8516    1.546   1       
3915    110     8617    1.476   1       
3916    110     8722    1.435   1       
3917    110     8829    1.487   1       
3918    110     8945    1.539   1       
3919    110     8942    1.534   1       
3920    110     8941    1.537   1       
3921    110     8940    1.516   1       
3922    110     8822    0.000   1       
3923    300     5565    1.555   1       /Reach 93 - Honcut Creek North
3924    300     5564    1.641   1       
3925    300     5563    1.727   1       
3926    300     5562    3.770   1       
3927    300     5561    1.960   1       
3928    300     5647    1.850   1       
3929    300     5739    1.283   1       
3930    300     5736    1.279   1       
3931    300     5821    1.125   1       
3932    300     5653    1.537   1       /Reach 94 - Honcut Creek South
3933    300     5652    1.605   1       
3934    300     5651    1.651   1       
3935    300     5650    2.057   1       
3936    300     5649    1.580   1       
3937    300     5648    1.727   1       
3938    300     5740    1.444   1       
3939    300     5822    1.208   1       
3940    300     5821    1.125   1       
3941    300     5820    1.232   1       
3942    300     5906    1.355   1       
3943    300     5904    1.675   1       
3944    300     4889    2.119   1       /Reach 95 - Feather River
3945    300     4798    1.976   1       
3946    300     4717    1.950   1       
3947    300     4716    2.615   1       
3948    300     4794    2.940   1       
3949    300     4883    2.662   1       
3950    300     4882    2.730   1       
3951    300     4881    2.390   1       
3952    300     4880    2.468   1       
3953    300     4963    2.977   1       
3954    300     4877    2.116   1       
3955    300     4875    1.940   1       
3956    300     4874    2.018   1       
3957    300     4873    2.372   1       
3958    300     4872    1.908   1       
3959    300     4955    1.582   1       
3960    300     4956    1.638   1       
3961    300     5044    1.701   1       
3962    300     5043    1.894   1       
3963    300     5130    2.564   1       
3964    300     5129    2.673   1       
3965    300     5211    2.676   1       
3966    300     5212    3.127   1       
3967    300     5293    5.535   1       
3968    300     5292    4.065   1       
3969    300     5291    1.435   1       
3970    300     5290    1.436   1       
3971    300     5374    1.444   1       
3972    300     5373    1.445   1       
3973    300     5372    1.447   1       
3974    300     5459    1.477   1       
3975    300     5458    1.452   1       
3976    300     5551    1.369   1       
3977    300     5553    1.235   1       
3978    300     5642    1.422   1       
3979    300     5641    1.472   1       
3980    300     5640    1.541   1       
3981    300     5639    1.473   1       
3982    300     5735    1.411   1       
3983    300     5733    1.419   1       
3984    300     5819    1.447   1       
3985    300     5905    1.696   1       
3986    300     5904    1.675   1       
3987    300     5995    1.675   1       
3988    300     5902    3.422   1       
3989    300     5901    1.789   1       
3990    300     5993    1.541   1       
3991    300     5992    1.558   1       
3992    300     5991    1.255   1       
3993    300     5996    1.611   1       
3994    300     5997    1.482   1       
3995    300     6093    1.464   1       
3996    300     5990    2.751   1       
3997    300     5989    1.243   1       
3998    300     5988    1.293   1       
3999    300     6089    1.279   1       
4000    300     6088    1.280   1       
4001    300     6187    1.263   1       
4002    300     6188    1.274   1       
4003    300     6190    1.295   1       
4004    300     6294    1.279   1       
4005    300     6293    1.263   1       
4006    300     6392    1.289   1       
4007    300     6391    1.253   1       
4008    300     6393    1.319   1       
4009    300     6390    1.418   1       
4010    300     6493    1.300   1       
4011    300     6492    1.321   1       
4012    300     6495    1.382   1       
4013    300     6496    1.505   1       
4014    300     6594    1.309   1       
4015    300     6596    1.362   1       
4016    300     6691    1.325   1       
4017    300     6690    1.283   1       
4018    300     6689    1.356   1       
4019    300     6797    1.265   1       
4020    300     6796    1.912   1       
4021    300     6795    2.220   1       
4022    300     6903    1.632   1       
4023    400     6211    1.665   1       /Reach 96 - Yuba River
4024    400     6210    1.780   1       
4025    400     6209    1.791   1       
4026    400     6208    1.796   1       
4027    400     6206    1.798   1       
4028    400     6312    1.852   1       
4029    400     6204    1.897   1       
4030    400     6203    2.507   1       
4031    400     6308    2.350   1       
4032    400     6405    2.029   1       
4033    400     6404    1.785   1       
4034    400     6403    1.435   1       
4035    400     6402    1.607   1       
4036    400     6506    1.621   1       
4037    400     6606    1.615   1       
4038    400     6604    1.917   1       
4039    400     6503    2.157   1       
4040    400     6603    1.912   1       
4041    400     6697    1.776   1       
4042    400     6696    1.624   1       
4043    400     6801    1.315   1       
4044    400     6908    1.541   1       
4045    400     6906    2.053   1       
4046    400     6904    1.690   1       
4047    400     6903    1.632   1       
4048    300     6903    1.632   1       /Reach 97 - Feather River
4049    300     6902    1.625   1       
4050    300     6901    2.918   1       
4051    300     6900    2.494   1       
4052    300     7018    2.880   1       
4053    300     7130    1.789   1       
4054    300     7016    1.479   1       
4055    300     7015    1.270   1       
4056    300     7014    1.508   1       
4057    300     7012    2.927   1       
4058    300     7011    2.883   1       
4059    300     7009    3.623   1       
4060    300     7122    4.393   1       
4061    300     7121    2.372   1       
4062    300     7232    1.951   1       
4063    300     7350    1.626   1       
4064    300     7349    1.661   1       
4065    300     7469    1.644   1       
4066    300     7347    1.536   1       
4067    300     7468    1.589   1       
4068    300     7597    1.643   1       
4069    300     7595    1.828   1       
4070    300     7594    1.566   1       
4071    300     7464    1.738   1       
4072    300     7463    1.405   1       
4073    300     7589    1.286   1       
4074    300     7718    1.528   1       
4075    300     7850    1.400   1       
4076    300     7849    1.422   1       
4077    300     7970    1.456   1       
4078    300     7969    1.433   1       
4079    150     7383    1.513   1       /Reach 98 - Bear River
4080    150     7382    1.512   1       
4081    150     7503    1.515   1       
4082    150     7502    1.516   1       
4083    150     7501    1.534   1       
4084    150     7499    1.544   1       
4085    150     7498    1.556   1       
4086    150     7497    1.572   1       
4087    150     7374    1.596   1       
4088    150     7373    1.656   1       
4089    150     7372    1.938   1       
4090    150     7252    1.666   1       
4091    150     7251    1.500   1       
4092    150     7367    1.378   1       
4093    150     7366    1.599   1       
4094    150     7365    1.605   1       
4095    150     7483    1.621   1       
4096    150     7482    1.642   1       
4097    150     7481    1.938   1       
4098    150     7480    1.740   1       
4099    150     7606    1.643   1       
4100    150     7605    1.566   1       
4101    150     7604    1.551   1       
4102    150     7730    1.545   1       
4103    150     7729    1.221   1       
4104    150     7856    1.347   1       
4105    150     7855    1.672   1       
4106    150     7974    1.428   1       
4107    150     8096    1.385   1       
4108    150     8095    1.416   1       
4109    150     8094    1.445   1       
4110    150     8093    1.456   1       
4111    150     7969    1.433   1       
4112    300     7969    1.433   1       /Reach 99 - Feather River
4113    300     8091    1.475   1       
4114    300     8213    1.914   1       
4115    300     8212    1.470   1       
4116    300     8324    1.531   1       
4117    300     8323    1.399   1       
4118    300     8322    1.428   1       
4119    300     8321    1.559   1       
4120    300     8320    1.616   1       
4121    300     8424    1.664   1       
4122    300     8423    1.642   1       
4123    300     8422    1.829   1       
4124    300     8527    2.244   1       
4125    300     8524    1.780   1       
4126    300     8523    1.651   1       
4127    300     8522    1.667   1       
4128    300     8521    1.879   1       
4129    300     8520    3.545   1       
4130    300     8519    1.936   1       
4131    300     8518    1.663   1       
4132    300     8619    1.557   1       
4133    300     8724    1.484   1       
4134    300     8831    1.454   1       
4135    300     8947    1.606   1       
4136    300     9061    1.607   1       
4137    300     9062    0.000   1       
4138    600     8822    1.586   1       /Reach 100 - Sacramento River
4139    600     8938    1.535   1       
4140    600     9056    1.586   1       
4141    600     9057    1.620   1       
4142    600     9060    1.619   1       
4143    600     9062    1.631   1       
4144    600     9062    1.631   1       /Reach 101 - Sacramento River
4145    600     9064    1.883   1       
4146    600     9065    1.749   1       
4147    600     9066    1.885   1       
4148    600     9067    3.490   1       
4149    600     9177    1.218   1       
4150    600     9169    1.390   1       
4151    600     9050    1.499   1       
4152    600     9049    1.538   1       
4153    600     9048    1.567   1       
4154    600     9163    1.576   1       
4155    600     9045    1.576   1       
4156    600     9044    1.584   1       
4157    600     9043    1.614   1       
4158    600     9042    1.581   1       
4159    600     9157    1.492   1       
4160    600     9156    1.451   1       
4161    600     9155    1.408   1       
4162    600     9255    1.235   1       
4163    600     9347    1.130   1       
4164    600     9440    1.481   1       
4165    600     9439    1.652   1       
4166    600     9438    1.741   1       
4167    600     9540    1.787   1       
4168    600     9650    1.643   1       
4169    600     9649    1.533   1       
4170    600     9648    1.103   1       
4171    600     9647    1.579   1       
4172    600     9746    1.964   1       
4173    600     9745    2.416   1       
4174    600     9843    1.855   1       
4175    600     9842    1.728   1       
4176    600     9841    1.538   1       
4177    600     9946    1.726   1       
4178    600     9948    2.088   1       
4179    600     9849    2.234   1       
4180    600     9951    2.685   1       
4181    600     10061   2.000   1       
4182    425     9296    2.213   1       /Reach 102 - American River
4183    425     9295    2.253   1       
4184    425     9204    2.289   1       
4185    425     9293    2.342   1       
4186    425     9383    2.425   1       
4187    425     9382    2.533   1       
4188    425     9381    2.641   1       
4189    425     9477    2.839   1       
4190    425     9476    3.203   1       
4191    425     9576    4.031   1       
4192    425     9474    6.180   1       
4193    425     9473    3.227   1       
4194    425     9472    2.455   1       
4195    425     9471    2.271   1       
4196    425     9470    2.154   1       
4197    425     9469    2.097   1       
4198    425     9468    2.057   1       
4199    425     9568    2.016   1       
4200    425     9567    1.999   1       
4201    425     9467    2.038   1       
4202    425     9565    2.002   1       
4203    425     9564    1.952   1       
4204    425     9563    1.842   1       
4205    425     9675    1.697   1       
4206    425     9674    1.426   1       
4207    425     9772    1.417   1       
4208    425     9769    1.871   1       
4209    425     9768    2.033   1       
4210    425     9872    2.072   1       
4211    425     9979    2.074   1       
4212    425     9980    2.201   1       
4213    425     9977    2.320   1       
4214    425     9976    4.256   1       
4215    425     9975    4.438   1       
4216    425     9974    4.154   1       
4217    425     10081   6.823   1       
4218    425     10080   3.290   1       
4219    425     10079   2.312   1       
4220    425     10078   1.851   1       
4221    425     10177   1.687   1       
4222    425     10176   1.950   1       
4223    425     10175   2.095   1       
4224    425     10074   2.267   1       
4225    425     9967    3.312   1       
4226    425     9966    6.121   1       
4227    425     9965    2.984   1       
4228    425     9964    2.261   1       
4229    425     9963    2.035   1       
4230    425     9859    1.927   1       
4231    425     9857    1.887   1       
4232    425     9856    1.937   1       
4233    425     9855    1.795   1       
4234    425     9854    1.745   1       
4235    425     9853    1.885   1       
4236    425     9953    2.014   1       
4237    425     10061   0.000   1       
4238    600     10061   2.000   1       /Reach 103 - Sacramento River
4239    600     10062   2.198   1       
4240    600     10165   2.486   1       
4241    600     10163   1.903   1       
4242    600     10162   1.816   1       
4243    600     10161   1.990   1       
4244    600     10160   1.919   1       
4245    600     10278   2.253   1       
4246    600     10277   2.311   1       
4247    600     10276   2.001   1       
4248    600     10274   1.681   1       
4249    600     10273   3.477   1       
4250    600     10272   3.077   1       
4251    600     10392   2.571   1       
4252    600     10391   2.680   1       
4253    600     10390   2.334   1       
4254    600     10268   2.313   1       
4255    600     10267   2.465   1       
4256    600     10266   2.085   1       
4257    600     10265   1.537   1       
4258    600     10264   1.735   1       
4259    600     10263   5.744   1       
4260    600     10381   3.277   1       
4261    600     10502   3.101   1       
4262    600     10620   2.815   1       
4263    600     10621   2.118   1       
4264    600     10744   1.477   1       
4265    600     10870   1.179   1       
4266    600     10869   1.448   1       
4267    600     10996   2.405   1       
4268    600     10995   3.176   1       
4269    600     10994   2.294   1       
4270    600     10864   2.329   1       
4271    600     10863   1.735   1       
4272    600     10862   1.723   1       
4273    600     10989   1.626   1       
4274    600     11116   1.264   1       
4275    600     11115   1.597   1       
4276    600     11246   1.631   1       
4277    600     11393   1.706   1       
4278    600     11392   1.791   1       
4279    600     11391   1.746   1       
4280    600     11390   1.769   1       
4281    600     11540   3.084   1       
4282    600     11388   2.120   1       
4283    600     11239   1.554   1       
4284    600     11238   2.077   1       
4285    600     11237   5.291   1       
4286    600     11235   2.422   1       
4287    600     11105   1.644   1       
4288    600     11104   1.516   1       
4289    600     11102   1.510   1       
4290    600     11101   1.428   1       
4291    600     11228   1.264   1       
4292    600     11378   1.478   1       
4293    600     11530   1.642   1       
4294    600     11679   1.594   1       
4295    600     11824   1.607   1       
4296    600     11965   1.624   1       
4297    600     11966   1.623   1       
4298    600     12110   1.605   1       
4299    600     12247   1.576   1       
4300    600     12246   1.559   1       
4301    600     12386   1.544   1       
4302    600     12529   1.453   1       
4303    600     12528   1.296   1       
4304    600     12527   1.212   1       
4305    600     12526   1.354   1       
4306    600     12382   1.399   1       
4307    600     12241   1.437   1       
4308    600     12239   1.445   1       
4309    600     12238   1.432   1       
4310    600     12376   1.310   1       
4311    600     12520   1.150   1       
4312    600     12519   1.291   1       
4313    600     12675   1.436   1       
4314    600     12674   1.495   1       
4315    600     12672   1.536   1       
4316    600     12671   1.570   1       
4317    600     12513   1.596   1       
4318    600     12512   1.608   1       
4319    600     12511   1.610   1       
4320    600     12510   1.624   1       
4321    600     12509   1.595   1       
4322    600     12508   1.494   1       
4323    600     12366   1.392   1       
4324    600     12365   1.527   1       
4325    600     12226   1.647   1       
4326    600     12092   1.659   1       
4327    600     12091   1.645   1       
4328    600     12089   1.734   1       
4329    600     11948   1.776   1       
4330    600     11802   1.821   1       
4331    200     8822    1.586   1       /Reach 104 - Yolo Bypass
4332    200     8821    1.509   1       
4333    200     8937    1.492   1       
4334    200     8819    1.385   1       
4335    200     8818    1.227   1       
4336    200     8817    1.207   1       
4337    200     8704    1.285   1       
4338    200     8813    1.306   1       
4339    200     8812    1.306   1       
4340    200     8811    1.309   1       
4341    200     8926    1.321   1       
4342    200     8925    1.285   1       
4343    200     8924    1.264   1       
4344    200     9037    1.120   1       
4345    50      6415    1.941   1       /Reach 105 - Cache Creek
4346    50      6416    1.987   1       
4347    50      6417    2.026   1       
4348    50      6517    2.139   1       
4349    50      6518    2.347   1       
4350    50      6617    2.838   1       
4351    50      6713    3.475   1       
4352    50      6714    2.631   1       
4353    50      6715    2.047   1       
4354    50      6822    1.813   1       
4355    50      6930    1.741   1       
4356    50      7048    1.776   1       
4357    50      7047    1.681   1       
4358    50      7046    1.517   1       
4359    50      7156    1.523   1       
4360    50      7265    1.988   1       
4361    50      7388    2.015   1       
4362    50      7387    1.711   1       
4363    50      7511    1.427   1       
4364    50      7509    1.427   1       
4365    50      7631    1.510   1       
4366    50      7630    1.710   1       
4367    50      7757    1.888   1       
4368    50      7756    2.109   1       
4369    50      7883    2.007   1       
4370    50      8002    1.724   1       
4371    50      8001    1.546   1       
4372    50      8124    1.505   1       
4373    50      8123    1.454   1       
4374    50      8122    1.383   1       
4375    50      8127    1.351   1       
4376    50      8006    1.400   1       
4377    50      8126    1.449   1       
4378    50      8005    1.454   1       
4379    50      7885    1.496   1       
4380    50      7886    1.589   1       
4381    50      7762    1.561   1       
4382    50      7764    1.465   1       
4383    50      7640    1.480   1       
4384    50      7641    1.637   1       
4385    50      7643    1.813   1       
4386    50      7769    1.665   1       
4387    50      7770    1.739   1       
4388    50      7645    1.832   1       
4389    50      7772    1.870   1       
4390    50      7773    1.719   1       
4391    50      7649    1.693   1       
4392    50      7650    1.846   1       
4393    50      7652    2.478   1       
4394    50      7653    3.801   1       
4395    50      7780    2.704   1       
4396    50      7900    2.065   1       
4397    50      7782    2.193   1       
4398    50      7783    2.225   1       
4399    50      7784    1.825   1       
4400    50      7785    1.725   1       
4401    50      7786    1.741   1       
4402    50      7788    1.706   1       
4403    50      7907    1.626   1       
4404    50      7908    1.484   1       
4405    50      7909    1.419   1       
4406    50      8030    1.428   1       
4407    50      7912    1.439   1       
4408    50      7913    1.438   1       
4409    50      8034    1.431   1       
4410    50      8150    1.420   1       
4411    50      8151    1.423   1       
4412    50      8152    1.446   1       
4413    50      8153    1.478   1       
4414    50      8154    1.107   1       
4415    50      8155    1.269   1       
4416    50      8040    1.409   1       
4417    50      8041    1.651   1       
4418    50      8042    1.516   1       
4419    50      8157    1.798   1       
4420    50      8158    1.532   1       
4421    50      8270    1.467   1       
4422    50      8161    1.433   1       
4423    50      8162    1.394   1       
4424    50      8163    1.356   1       
4425    50      8274    1.318   1       
4426    50      8275    1.325   1       
4427    50      8378    1.217   1       
4428    50      8484    1.127   1       
4429    50      8485    1.166   1       
4430    50      8588    1.071   1       
4431    50      8587    1.220   1       
4432    50      8693    1.265   1       
4433    50      8692    1.349   1       
4434    50      8802    1.244   1       
4435    50      8801    1.114   1       
4436    50      8919    1.317   1       
4437    400     8920    1.276   1       
4438    400     8921    1.276   1       
4439    400     9036    1.120   1       
4440    400     9037    1.120   1       
4441    400     9037    1.120   1       /Reach 106 - Yolo Bypass
4442    400     9153    1.353   1       
4443    400     9253    1.288   1       
4444    400     9252    1.208   1       
4445    400     9251    1.226   1       
4446    400     9250    1.246   1       
4447    400     9249    1.209   1       
4448    400     9341    1.217   1       
4449    400     9433    1.217   1       
4450    400     9432    1.348   1       
4451    400     9531    1.283   1       
4452    400     9530    1.283   1       
4453    400     9528    1.323   1       
4454    400     9527    1.491   1       
4455    400     9526    1.304   1       
4456    400     9524    1.259   1       
4457    400     9523    1.495   1       
4458    400     9629    1.495   1       
4459    400     9628    1.517   1       
4460    400     9627    1.596   1       
4461    400     9625    1.304   1       
4462    400     9624    1.340   1       
4463    400     9622    1.267   1       
4464    400     9725    1.450   1       
4465    125     8865    1.769   1       /Reach 107 - Putah Creek
4466    125     8866    1.659   1       
4467    125     8981    1.398   1       
4468    125     8982    1.083   1       
4469    125     8983    2.554   1       
4470    125     9101    3.064   1       
4471    125     9102    2.997   1       
4472    125     8986    3.131   1       
4473    125     8987    2.244   1       
4474    125     9106    2.294   1       
4475    125     9107    2.345   1       
4476    125     8991    2.018   1       
4477    125     8876    1.666   1       
4478    125     8877    1.497   1       
4479    125     8878    1.658   1       
4480    125     8769    1.941   1       
4481    125     8770    2.228   1       
4482    125     8881    1.513   1       
4483    125     8882    1.376   1       
4484    125     8883    1.348   1       
4485    125     8885    1.293   1       
4486    125     8886    1.103   1       
4487    125     8999    2.060   1       
4488    125     9000    3.534   1       
4489    125     8889    1.576   1       
4490    125     8890    1.584   1       
4491    125     8891    1.402   1       
4492    125     8892    1.660   1       
4493    125     9006    1.514   1       
4494    125     9007    1.299   1       
4495    125     9124    1.142   1       
4496    125     9010    1.240   1       
4497    125     9011    1.224   1       
4498    125     9128    1.085   1       
4499    125     9129    1.236   1       
4500    125     9130    1.258   1       
4501    125     9131    1.272   1       
4502    125     9132    1.137   1       
4503    125     9231    1.130   1       
4504    125     9232    1.124   1       
4505    125     9322    1.082   1       
4506    125     9323    1.095   1       
4507    125     9235    1.096   1       
4508    125     9327    1.291   1       
4509    125     9416    1.146   1       
4510    125     9417    1.149   1       
4511    125     9418    1.179   1       
4512    125     9512    1.218   1       
4513    125     9420    1.216   1       
4514    125     9515    1.674   1       
4515    125     9618    1.500   1       
4516    125     9723    1.474   1       
4517    125     9620    1.487   1       
4518    125     9725    1.450   1       
4519    400     9725    1.450   1       /Reach 108 - Yolo Bypass
4520    400     9724    1.298   1       
4521    400     9722    1.388   1       
4522    400     9720    1.497   1       
4523    400     9719    1.546   1       
4524    400     9816    1.465   1       
4525    400     9815    1.356   1       
4526    400     9814    1.356   1       
4527    400     9913    1.380   1       
4528    400     9912    1.445   1       
4529    400     9911    1.484   1       
4530    400     10024   1.457   1       
4531    400     10023   1.543   1       
4532    400     10022   1.504   1       
4533    400     10020   1.523   1       
4534    400     10018   1.503   1       
4535    400     10131   1.512   1       
4536    400     10130   1.520   1       
4537    400     10129   1.652   1       
4538    400     10128   1.652   1       
4539    400     10239   1.729   1       
4540    400     10238   1.729   1       
4541    400     10355   1.620   1       
4542    400     10354   2.193   1       
4543    400     10477   2.379   1       
4544    400     10594   2.018   1       
4545    400     10593   1.823   1       
4546    400     10592   1.712   1       
4547    400     10714   1.417   1       
4548    400     10713   1.382   1       
4549    400     10712   1.291   1       
4550    400     10711   1.291   1       
4551    400     10833   1.354   1       
4552    400     10831   1.411   1       
4553    400     10830   1.472   1       
4554    400     10959   1.828   1       
4555    400     10958   1.828   1       
4556    400     11081   2.000   1       
4557    400     11210   2.122   1       
4558    400     11209   2.122   1       
4559    400     11208   1.896   1       
4560    400     11207   1.701   1       
4561    400     11358   1.667   1       
4562    400     11357   1.630   1       
4563    400     11354   1.586   1       
4564    400     11506   1.589   1       
4565    400     11658   1.604   1       
4566    400     11657   1.626   1       
4567    400     11805   1.612   1       
4568    400     11803   1.661   1       
4569    400     11802   0.000   1       
4570    400     11802   1.821   1       /Reach 109 - Sacramento River
4571    400     11801   2.025   1       
4572    400     11800   1.711   1       
4573    400     11943   1.790   1       
4574    400     11942   1.672   1       
4575    400     11941   1.625   1       
4576    400     11940   1.795   1       
4577    400     12079   2.076   1       
4578    400     12213   2.267   1       
4579    400     12212   2.018   1       
4580    400     12349   1.886   1       
4581    400     12209   1.791   1       
4582    400     12208   1.668   1       
4583    400     12207   1.538   1       
4584    400     12072   1.538   1       
4585    400     12071   1.405   1       
4586    400     11931   1.411   1       
4587    400     11930   1.423   1       
4588    400     11929   1.430   1       
4589    400     11928   1.445   1       
4590    400     11785   1.467   1       
4591    400     11784   1.482   1       
4592    400     11782   1.479   1       
4593    400     11781   1.453   1       
4594    400     11635   1.419   1       
4595    400     11634   1.397   1       
4596    400     11633   1.288   1       
4597    400     11633   1.288   1       /Reach 110 - Suisun Bay
4598    400     11482   1.349   1       
4599    400     11629   1.461   1       
4600    400     11628   1.521   1       
4601    400     11627   1.564   1       
4602    400     11771   1.596   1       
4603    400     11770   1.620   1       
4604    400     11769   1.641   1       
4605    400     11768   1.662   1       
4606    400     11765   1.683   1       
4607    400     11764   1.704   1       
4608    400     11763   1.735   1       
4609    400     11619   1.783   1       
4610    400     11618   1.849   1       
4611    400     11617   1.904   1       
4612    400     11616   1.944   1       
4613    400     11469   1.946   1       
4614    400     11468   1.912   1       
4615    400     11466   1.862   1       
4616    400     11465   1.805   1       
4617    400     11463   1.755   1       
4618    400     11462   1.709   1       
4619    400     11461   1.658   1       
4620    400     11460   1.617   1       
4621    400     11459   1.570   1       
4622    400     11310   1.527   1       
4623    400     11309   1.473   1       
4624    400     11308   1.412   1       
4625    400     11307   1.345   1       
4626    400     11306   1.289   1       
4627    400     11305   1.240   1       
4628    400     11451   1.215   1       
4629    400     11450   1.221   1       
4630    400     11449   1.238   1       
4631    400     11598   1.286   1       
4632    400     11745   1.334   1       
4633    400     11894   1.371   1       
4634    400     12034   1.387   1       
C*******************************************************************************
C
C                Hydraulic Disconnection for Stream-Aquifer Interaction
C
C  INTRCTYPE   ; Assumption for hydraulic disconnection of stream and aquifer
C                 1 = Stream and aquifer disconnects when groundwater head falls 
C                      below the top of stream bed (i.e. stream bottom)
C                 2 = Stream and aquifer disconnects when groundwater head falls 
C                      below bottom of stream bed
C
C------------------------------------------------------------------------------
C   VALUE                         DESCRIPTION
C------------------------------------------------------------------------------
        1                                  / INTRCTYPE     
C*******************************************************************************
C                            Stream Evaporation
C
C     The following data is used to simulate stream evaporation. If stream evaporation
C     will not be simulated, leave this section blank.
C
C   STARFL ;  Filename for stream surface area timeseries input data (max. 1000 characters)
C              * Leave blank if stream surface area will be computed using wetted 
C                perimeter and stream length
C   IR     ;  Stream node number
C   ICETST ;  Stream evaporation - this number corresponds to the appropriate data 
C              column in the ET data file listed in the Main Control Data file.
C              * Enter 0 if stream evaporation will not be simulated
C   ICARST ;  Stream surface area - this number corresponds to the appropriate data
C              column in the Stream Surface Area input file, STARFL
C              * Enter 0 if stream surface area will be calculated as wetted 
C                perimer (WETPR) times the length of the stream length associated 
C                with the stream node
C
C------------------------------------------------------------------------------
C   VALUE                         DESCRIPTION
C------------------------------------------------------------------------------
    Streams\C2VSimFG_OW_area.dat                              / STARFL
C------------------------------------------------------------------------------
C         IR      ICETST       ICARST            
C------------------------------------------------------------------------------
			1			756			1
			2			755			2
			3			755			3
			4			756			4
			5			756			5
			6			756			6
			7			755			7
			8			755			8
			9			755			9
			10			0			0
			11			0			0
			12			755			10
			13			755			11
			14			755			12
			15			755			13
			16			755			14
			17			755			15
			18			755			16
			19			755			17
			20			755			18
			21			755			19
			22			755			20
			23			755			21
			24			755			22
			25			756			23
			26			755			24
			27			756			25
			28			756			26
			29			755			27
			30			756			28
			31			756			29
			32			756			30
			33			756			31
			34			756			32
			35			756			33
			36			756			34
			37			756			35
			38			756			36
			39			756			37
			40			756			38
			41			756			39
			42			756			40
			43			756			41
			44			756			42
			45			756			43
			46			756			44
			47			756			45
			48			756			46
			49			756			47
			50			756			48
			51			756			49
			52			756			50
			53			756			51
			54			756			52
			55			756			53
			56			756			54
			57			755			55
			58			756			56
			59			756			57
			60			756			58
			61			756			59
			62			756			60
			63			756			61
			64			756			62
			65			756			63
			66			756			64
			67			756			65
			68			756			66
			69			756			67
			70			756			68
			71			756			69
			72			756			70
			73			756			71
			74			756			72
			75			756			73
			76			756			74
			77			756			75
			78			756			76
			79			756			77
			80			756			78
			81			756			79
			82			756			80
			83			756			81
			84			756			82
			85			756			83
			86			756			84
			87			756			85
			88			754			86
			89			754			87
			90			756			88
			91			756			89
			92			756			90
			93			755			91
			94			755			92
			95			755			93
			96			755			94
			97			755			95
			98			755			96
			99			755			97
			100			755			98
			101			755			99
			102			755			100
			103			755			101
			104			755			102
			105			755			103
			106			755			104
			107			755			105
			108			755			106
			109			755			107
			110			755			108
			111			755			109
			112			755			110
			113			755			111
			114			755			112
			115			755			113
			116			755			114
			117			755			115
			118			755			116
			119			755			117
			120			755			118
			121			755			119
			122			755			120
			123			755			121
			124			755			122
			125			755			123
			126			755			124
			127			755			125
			128			755			126
			129			755			127
			130			755			128
			131			755			129
			132			755			130
			133			755			131
			134			755			132
			135			755			133
			136			755			134
			137			755			135
			138			755			136
			139			755			137
			140			755			138
			141			755			139
			142			755			140
			143			755			141
			144			755			142
			145			755			143
			146			754			144
			147			755			145
			148			755			146
			149			754			147
			150			754			148
			151			754			149
			152			754			150
			153			754			151
			154			754			152
			155			754			153
			156			754			154
			157			754			155
			158			754			156
			159			754			157
			160			754			158
			161			754			159
			162			754			160
			163			754			161
			164			754			162
			165			754			163
			166			754			164
			167			754			165
			168			754			166
			169			754			167
			170			754			168
			171			754			169
			172			754			170
			173			754			171
			174			754			172
			175			754			173
			176			754			174
			177			754			175
			178			754			176
			179			754			177
			180			754			178
			181			754			179
			182			754			180
			183			754			181
			184			754			182
			185			0			0
			186			0			0
			187			0			0
			188			0			0
			189			0			0
			190			754			183
			191			754			184
			192			754			185
			193			754			186
			194			754			187
			195			754			188
			196			754			189
			197			754			190
			198			754			191
			199			756			192
			200			756			193
			201			754			194
			202			756			195
			203			754			196
			204			754			197
			205			756			198
			206			754			199
			207			754			200
			208			754			201
			209			756			202
			210			754			203
			211			754			204
			212			754			205
			213			754			206
			214			754			207
			215			754			208
			216			754			209
			217			754			210
			218			754			211
			219			754			212
			220			754			213
			221			754			214
			222			754			215
			223			754			216
			224			754			217
			225			754			218
			226			754			219
			227			754			220
			228			754			221
			229			754			222
			230			754			223
			231			754			224
			232			754			225
			233			754			226
			234			754			227
			235			754			228
			236			754			229
			237			754			230
			238			754			231
			239			754			232
			240			754			233
			241			754			234
			242			754			235
			243			754			236
			244			754			237
			245			754			238
			246			754			239
			247			754			240
			248			754			241
			249			754			242
			250			754			243
			251			754			244
			252			754			245
			253			754			246
			254			754			247
			255			754			248
			256			754			249
			257			754			250
			258			754			251
			259			754			252
			260			754			253
			261			754			254
			262			754			255
			263			754			256
			264			754			257
			265			754			258
			266			754			259
			267			754			260
			268			754			261
			269			0			0
			270			754			262
			271			754			263
			272			754			264
			273			754			265
			274			754			266
			275			754			267
			276			754			268
			277			754			269
			278			754			270
			279			754			271
			280			754			272
			281			754			273
			282			754			274
			283			754			275
			284			754			276
			285			754			277
			286			754			278
			287			754			279
			288			754			280
			289			750			281
			290			750			282
			291			750			283
			292			750			284
			293			750			285
			294			750			286
			295			750			287
			296			750			288
			297			750			289
			298			750			290
			299			750			291
			300			750			292
			301			750			293
			302			750			294
			303			750			295
			304			750			296
			305			750			297
			306			750			298
			307			750			299
			308			750			300
			309			750			301
			310			750			302
			311			750			303
			312			750			304
			313			750			305
			314			750			306
			315			750			307
			316			750			308
			317			750			309
			318			750			310
			319			750			311
			320			750			312
			321			750			313
			322			750			314
			323			750			315
			324			750			316
			325			750			317
			326			750			318
			327			750			319
			328			750			320
			329			750			321
			330			750			322
			331			750			323
			332			750			324
			333			755			325
			334			755			326
			335			755			327
			336			755			328
			337			755			329
			338			755			330
			339			755			331
			340			755			332
			341			755			333
			342			755			334
			343			755			335
			344			755			336
			345			755			337
			346			755			338
			347			753			339
			348			755			340
			349			753			341
			350			755			342
			351			755			343
			352			755			344
			353			755			345
			354			753			346
			355			755			347
			356			753			348
			357			755			349
			358			753			350
			359			753			351
			360			755			352
			361			753			353
			362			753			354
			363			753			355
			364			753			356
			365			753			357
			366			753			358
			367			753			359
			368			753			360
			369			753			361
			370			753			362
			371			753			363
			372			753			364
			373			753			365
			374			753			366
			375			753			367
			376			753			368
			377			753			369
			378			753			370
			379			753			371
			380			753			372
			381			753			373
			382			753			374
			383			753			375
			384			753			376
			385			753			377
			386			753			378
			387			753			379
			388			753			380
			389			750			381
			390			750			382
			391			753			383
			392			753			384
			393			753			385
			394			753			386
			395			753			387
			396			753			388
			397			753			389
			398			753			390
			399			753			391
			400			753			392
			401			753			393
			402			753			394
			403			753			395
			404			753			396
			405			753			397
			406			753			398
			407			753			399
			408			753			400
			409			753			401
			410			753			402
			411			753			403
			412			753			404
			413			753			405
			414			753			406
			415			753			407
			416			753			408
			417			753			409
			418			753			410
			419			753			411
			420			753			412
			421			753			413
			422			753			414
			423			753			415
			424			753			416
			425			753			417
			426			753			418
			427			753			419
			428			753			420
			429			753			421
			430			753			422
			431			753			423
			432			753			424
			433			753			425
			434			753			426
			435			753			427
			436			753			428
			437			753			429
			438			753			430
			439			753			431
			440			753			432
			441			753			433
			442			753			434
			443			753			435
			444			753			436
			445			753			437
			446			753			438
			447			753			439
			448			0			0
			449			0			0
			450			753			440
			451			753			441
			452			753			442
			453			753			443
			454			753			444
			455			753			445
			456			753			446
			457			753			447
			458			753			448
			459			753			449
			460			753			450
			461			753			451
			462			753			452
			463			753			453
			464			753			454
			465			753			455
			466			753			456
			467			753			457
			468			753			458
			469			753			459
			470			753			460
			471			753			461
			472			753			462
			473			753			463
			474			753			464
			475			753			465
			476			753			466
			477			753			467
			478			753			468
			479			753			469
			480			753			470
			481			753			471
			482			753			472
			483			753			473
			484			753			474
			485			753			475
			486			753			476
			487			753			477
			488			753			478
			489			753			479
			490			753			480
			491			753			481
			492			753			482
			493			753			483
			494			753			484
			495			753			485
			496			753			486
			497			753			487
			498			753			488
			499			753			489
			500			753			490
			501			753			491
			502			753			492
			503			753			493
			504			753			494
			505			753			495
			506			753			496
			507			753			497
			508			753			498
			509			753			499
			510			753			500
			511			753			501
			512			0			0
			513			753			502
			514			753			503
			515			753			504
			516			753			505
			517			753			506
			518			753			507
			519			753			508
			520			753			509
			521			753			510
			522			753			511
			523			753			512
			524			753			513
			525			753			514
			526			753			515
			527			753			516
			528			753			517
			529			753			518
			530			753			519
			531			753			520
			532			753			521
			533			753			522
			534			753			523
			535			0			0
			536			753			524
			537			753			525
			538			753			526
			539			753			527
			540			753			528
			541			753			529
			542			753			530
			543			753			531
			544			753			532
			545			753			533
			546			753			534
			547			753			535
			548			753			536
			549			753			537
			550			753			538
			551			0			0
			552			0			0
			553			750			539
			554			750			540
			555			750			541
			556			750			542
			557			750			543
			558			750			544
			559			750			545
			560			750			546
			561			750			547
			562			750			548
			563			750			549
			564			750			550
			565			750			551
			566			750			552
			567			753			553
			568			753			554
			569			753			555
			570			753			556
			571			753			557
			572			753			558
			573			753			559
			574			753			560
			575			753			561
			576			753			562
			577			753			563
			578			753			564
			579			753			565
			580			753			566
			581			753			567
			582			753			568
			583			753			569
			584			753			570
			585			753			571
			586			753			572
			587			753			573
			588			753			574
			589			753			575
			590			753			576
			591			753			577
			592			753			578
			593			753			579
			594			753			580
			595			753			581
			596			753			582
			597			753			583
			598			753			584
			599			753			585
			600			753			586
			601			753			587
			602			753			588
			603			753			589
			604			753			590
			605			753			591
			606			753			592
			607			753			593
			608			753			594
			609			753			595
			610			753			596
			611			753			597
			612			753			598
			613			753			599
			614			753			600
			615			753			601
			616			753			602
			617			753			603
			618			753			604
			619			753			605
			620			753			606
			621			753			607
			622			753			608
			623			753			609
			624			753			610
			625			753			611
			626			753			612
			627			753			613
			628			753			614
			629			753			615
			630			753			616
			631			753			617
			632			753			618
			633			753			619
			634			753			620
			635			753			621
			636			753			622
			637			753			623
			638			753			624
			639			753			625
			640			753			626
			641			753			627
			642			753			628
			643			753			629
			644			753			630
			645			753			631
			646			753			632
			647			753			633
			648			753			634
			649			753			635
			650			750			636
			651			750			637
			652			750			638
			653			750			639
			654			750			640
			655			750			641
			656			750			642
			657			750			643
			658			750			644
			659			751			645
			660			752			646
			661			751			647
			662			751			648
			663			752			649
			664			751			650
			665			752			651
			666			751			652
			667			751			653
			668			752			654
			669			752			655
			670			751			656
			671			752			657
			672			752			658
			673			751			659
			674			752			660
			675			751			661
			676			751			662
			677			752			663
			678			752			664
			679			752			665
			680			751			666
			681			752			667
			682			752			668
			683			752			669
			684			752			670
			685			752			671
			686			752			672
			687			752			673
			688			752			674
			689			752			675
			690			752			676
			691			752			677
			692			752			678
			693			752			679
			694			752			680
			695			752			681
			696			752			682
			697			752			683
			698			752			684
			699			752			685
			700			752			686
			701			752			687
			702			752			688
			703			752			689
			704			752			690
			705			752			691
			706			752			692
			707			752			693
			708			752			694
			709			752			695
			710			752			696
			711			752			697
			712			0			0
			713			752			698
			714			752			699
			715			752			700
			716			752			701
			717			752			702
			718			752			703
			719			752			704
			720			752			705
			721			752			706
			722			752			707
			723			753			708
			724			752			709
			725			752			710
			726			750			711
			727			750			712
			728			752			713
			729			752			714
			730			753			715
			731			752			716
			732			750			717
			733			752			718
			734			750			719
			735			752			720
			736			750			721
			737			750			722
			738			750			723
			739			750			724
			740			750			725
			741			750			726
			742			750			727
			743			750			728
			744			750			729
			745			750			730
			746			750			731
			747			0			0
			748			750			732
			749			750			733
			750			750			734
			751			750			735
			752			750			736
			753			752			737
			754			750			738
			755			750			739
			756			750			740
			757			750			741
			758			750			742
			759			750			743
			760			750			744
			761			750			745
			762			750			746
			763			750			747
			764			750			748
			765			750			749
			766			750			750
			767			750			751
			768			750			752
			769			750			753
			770			750			754
			771			750			755
			772			750			756
			773			750			757
			774			750			758
			775			750			759
			776			750			760
			777			750			761
			778			750			762
			779			750			763
			780			749			764
			781			749			765
			782			750			766
			783			750			767
			784			749			768
			785			750			769
			786			750			770
			787			0			0
			788			749			771
			789			749			772
			790			750			773
			791			750			774
			792			750			775
			793			750			776
			794			749			777
			795			750			778
			796			750			779
			797			749			780
			798			750			781
			799			750			782
			800			749			783
			801			750			784
			802			750			785
			803			750			786
			804			750			787
			805			750			788
			806			750			789
			807			0			0
			808			750			790
			809			749			791
			810			749			792
			811			750			793
			812			750			794
			813			750			795
			814			750			796
			815			750			797
			816			750			798
			817			750			799
			818			750			800
			819			750			801
			820			750			802
			821			750			803
			822			750			804
			823			750			805
			824			750			806
			825			750			807
			826			750			808
			827			0			0
			828			0			0
			829			750			809
			830			750			810
			831			750			811
			832			750			812
			833			750			813
			834			750			814
			835			750			815
			836			750			816
			837			750			817
			838			0			0
			839			750			818
			840			0			0
			841			750			819
			842			750			820
			843			750			821
			844			750			822
			845			750			823
			846			750			824
			847			750			825
			848			750			826
			849			750			827
			850			750			828
			851			750			829
			852			750			830
			853			750			831
			854			750			832
			855			750			833
			856			750			834
			857			750			835
			858			750			836
			859			750			837
			860			750			838
			861			750			839
			862			750			840
			863			750			841
			864			750			842
			865			750			843
			866			750			844
			867			750			845
			868			750			846
			869			750			847
			870			750			848
			871			750			849
			872			750			850
			873			750			851
			874			750			852
			875			750			853
			876			750			854
			877			750			855
			878			750			856
			879			750			857
			880			750			858
			881			749			859
			882			749			860
			883			749			861
			884			749			862
			885			749			863
			886			749			864
			887			749			865
			888			749			866
			889			749			867
			890			749			868
			891			749			869
			892			749			870
			893			749			871
			894			749			872
			895			749			873
			896			749			874
			897			749			875
			898			749			876
			899			749			877
			900			749			878
			901			749			879
			902			749			880
			903			749			881
			904			749			882
			905			749			883
			906			749			884
			907			749			885
			908			749			886
			909			749			887
			910			749			888
			911			749			889
			912			749			890
			913			0			0
			914			0			0
			915			749			891
			916			749			892
			917			749			893
			918			749			894
			919			749			895
			920			749			896
			921			749			897
			922			749			898
			923			749			899
			924			749			900
			925			749			901
			926			749			902
			927			749			903
			928			749			904
			929			749			905
			930			749			906
			931			749			907
			932			749			908
			933			749			909
			934			749			910
			935			749			911
			936			749			912
			937			749			913
			938			749			914
			939			749			915
			940			749			916
			941			749			917
			942			749			918
			943			749			919
			944			749			920
			945			749			921
			946			749			922
			947			749			923
			948			749			924
			949			749			925
			950			749			926
			951			749			927
			952			749			928
			953			0			0
			954			0			0
			955			0			0
			956			0			0
			957			749			929
			958			749			930
			959			749			931
			960			749			932
			961			749			933
			962			749			934
			963			749			935
			964			749			936
			965			749			937
			966			749			938
			967			749			939
			968			749			940
			969			749			941
			970			749			942
			971			749			943
			972			749			944
			973			749			945
			974			749			946
			975			749			947
			976			749			948
			977			749			949
			978			749			950
			979			749			951
			980			749			952
			981			749			953
			982			749			954
			983			749			955
			984			749			956
			985			749			957
			986			749			958
			987			749			959
			988			749			960
			989			749			961
			990			749			962
			991			749			963
			992			749			964
			993			749			965
			994			749			966
			995			749			967
			996			749			968
			997			749			969
			998			749			970
			999			749			971
			1000			749			972
			1001			749			973
			1002			749			974
			1003			749			975
			1004			749			976
			1005			749			977
			1006			749			978
			1007			749			979
			1008			749			980
			1009			749			981
			1010			749			982
			1011			749			983
			1012			749			984
			1013			749			985
			1014			745			986
			1015			745			987
			1016			745			988
			1017			745			989
			1018			745			990
			1019			745			991
			1020			745			992
			1021			745			993
			1022			0			0
			1023			745			994
			1024			745			995
			1025			745			996
			1026			745			997
			1027			745			998
			1028			745			999
			1029			745			1000
			1030			745			1001
			1031			745			1002
			1032			745			1003
			1033			745			1004
			1034			745			1005
			1035			745			1006
			1036			745			1007
			1037			745			1008
			1038			745			1009
			1039			745			1010
			1040			745			1011
			1041			745			1012
			1042			745			1013
			1043			745			1014
			1044			745			1015
			1045			745			1016
			1046			745			1017
			1047			745			1018
			1048			745			1019
			1049			745			1020
			1050			745			1021
			1051			745			1022
			1052			750			1023
			1053			750			1024
			1054			750			1025
			1055			750			1026
			1056			750			1027
			1057			750			1028
			1058			750			1029
			1059			750			1030
			1060			750			1031
			1061			750			1032
			1062			750			1033
			1063			750			1034
			1064			750			1035
			1065			750			1036
			1066			749			1037
			1067			750			1038
			1068			750			1039
			1069			750			1040
			1070			750			1041
			1071			749			1042
			1072			750			1043
			1073			750			1044
			1074			750			1045
			1075			749			1046
			1076			750			1047
			1077			750			1048
			1078			750			1049
			1079			750			1050
			1080			750			1051
			1081			750			1052
			1082			750			1053
			1083			750			1054
			1084			750			1055
			1085			750			1056
			1086			750			1057
			1087			750			1058
			1088			749			1059
			1089			750			1060
			1090			749			1061
			1091			750			1062
			1092			750			1063
			1093			750			1064
			1094			750			1065
			1095			750			1066
			1096			750			1067
			1097			750			1068
			1098			750			1069
			1099			750			1070
			1100			750			1071
			1101			750			1072
			1102			750			1073
			1103			750			1074
			1104			750			1075
			1105			750			1076
			1106			750			1077
			1107			750			1078
			1108			750			1079
			1109			750			1080
			1110			750			1081
			1111			750			1082
			1112			750			1083
			1113			750			1084
			1114			750			1085
			1115			750			1086
			1116			750			1087
			1117			750			1088
			1118			750			1089
			1119			750			1090
			1120			750			1091
			1121			750			1092
			1122			750			1093
			1123			749			1094
			1124			750			1095
			1125			750			1096
			1126			750			1097
			1127			749			1098
			1128			749			1099
			1129			750			1100
			1130			750			1101
			1131			749			1102
			1132			750			1103
			1133			750			1104
			1134			749			1105
			1135			750			1106
			1136			750			1107
			1137			750			1108
			1138			750			1109
			1139			750			1110
			1140			750			1111
			1141			750			1112
			1142			749			1113
			1143			745			1114
			1144			748			1115
			1145			748			1116
			1146			748			1117
			1147			748			1118
			1148			751			1119
			1149			748			1120
			1150			748			1121
			1151			748			1122
			1152			748			1123
			1153			751			1124
			1154			751			1125
			1155			751			1126
			1156			748			1127
			1157			748			1128
			1158			748			1129
			1159			748			1130
			1160			0			0
			1161			751			1131
			1162			751			1132
			1163			751			1133
			1164			748			1134
			1165			751			1135
			1166			748			1136
			1167			748			1137
			1168			748			1138
			1169			748			1139
			1170			751			1140
			1171			751			1141
			1172			748			1142
			1173			751			1143
			1174			748			1144
			1175			751			1145
			1176			751			1146
			1177			751			1147
			1178			748			1148
			1179			751			1149
			1180			748			1150
			1181			748			1151
			1182			751			1152
			1183			751			1153
			1184			748			1154
			1185			751			1155
			1186			748			1156
			1187			748			1157
			1188			748			1158
			1189			751			1159
			1190			751			1160
			1191			748			1161
			1192			751			1162
			1193			751			1163
			1194			748			1164
			1195			748			1165
			1196			748			1166
			1197			751			1167
			1198			751			1168
			1199			748			1169
			1200			748			1170
			1201			751			1171
			1202			751			1172
			1203			748			1173
			1204			748			1174
			1205			748			1175
			1206			751			1176
			1207			751			1177
			1208			748			1178
			1209			748			1179
			1210			748			1180
			1211			751			1181
			1212			751			1182
			1213			751			1183
			1214			751			1184
			1215			751			1185
			1216			748			1186
			1217			748			1187
			1218			751			1188
			1219			751			1189
			1220			748			1190
			1221			748			1191
			1222			748			1192
			1223			751			1193
			1224			751			1194
			1225			748			1195
			1226			748			1196
			1227			748			1197
			1228			748			1198
			1229			750			1199
			1230			748			1200
			1231			751			1201
			1232			0			0
			1233			748			1202
			1234			748			1203
			1235			748			1204
			1236			750			1205
			1237			748			1206
			1238			748			1207
			1239			750			1208
			1240			750			1209
			1241			750			1210
			1242			750			1211
			1243			748			1212
			1244			748			1213
			1245			750			1214
			1246			748			1215
			1247			748			1216
			1248			750			1217
			1249			748			1218
			1250			748			1219
			1251			748			1220
			1252			750			1221
			1253			0			0
			1254			0			0
			1255			748			1222
			1256			750			1223
			1257			748			1224
			1258			0			0
			1259			0			0
			1260			750			1225
			1261			748			1226
			1262			748			1227
			1263			748			1228
			1264			748			1229
			1265			750			1230
			1266			748			1231
			1267			748			1232
			1268			748			1233
			1269			750			1234
			1270			750			1235
			1271			748			1236
			1272			748			1237
			1273			750			1238
			1274			750			1239
			1275			748			1240
			1276			748			1241
			1277			748			1242
			1278			750			1243
			1279			750			1244
			1280			748			1245
			1281			748			1246
			1282			750			1247
			1283			750			1248
			1284			748			1249
			1285			750			1250
			1286			748			1251
			1287			748			1252
			1288			748			1253
			1289			748			1254
			1290			750			1255
			1291			748			1256
			1292			748			1257
			1293			748			1258
			1294			748			1259
			1295			748			1260
			1296			748			1261
			1297			748			1262
			1298			748			1263
			1299			748			1264
			1300			748			1265
			1301			748			1266
			1302			748			1267
			1303			748			1268
			1304			748			1269
			1305			748			1270
			1306			748			1271
			1307			748			1272
			1308			748			1273
			1309			748			1274
			1310			748			1275
			1311			748			1276
			1312			748			1277
			1313			748			1278
			1314			748			1279
			1315			748			1280
			1316			748			1281
			1317			748			1282
			1318			748			1283
			1319			748			1284
			1320			748			1285
			1321			748			1286
			1322			748			1287
			1323			748			1288
			1324			748			1289
			1325			748			1290
			1326			748			1291
			1327			748			1292
			1328			748			1293
			1329			748			1294
			1330			748			1295
			1331			748			1296
			1332			748			1297
			1333			748			1298
			1334			748			1299
			1335			748			1300
			1336			748			1301
			1337			748			1302
			1338			748			1303
			1339			748			1304
			1340			748			1305
			1341			748			1306
			1342			748			1307
			1343			748			1308
			1344			748			1309
			1345			748			1310
			1346			748			1311
			1347			748			1312
			1348			0			0
			1349			0			0
			1350			748			1313
			1351			748			1314
			1352			748			1315
			1353			748			1316
			1354			748			1317
			1355			748			1318
			1356			748			1319
			1357			748			1320
			1358			748			1321
			1359			748			1322
			1360			748			1323
			1361			748			1324
			1362			748			1325
			1363			748			1326
			1364			748			1327
			1365			748			1328
			1366			748			1329
			1367			748			1330
			1368			748			1331
			1369			748			1332
			1370			748			1333
			1371			748			1334
			1372			748			1335
			1373			748			1336
			1374			748			1337
			1375			748			1338
			1376			748			1339
			1377			748			1340
			1378			748			1341
			1379			748			1342
			1380			748			1343
			1381			0			0
			1382			748			1344
			1383			748			1345
			1384			748			1346
			1385			748			1347
			1386			748			1348
			1387			748			1349
			1388			748			1350
			1389			748			1351
			1390			748			1352
			1391			748			1353
			1392			748			1354
			1393			748			1355
			1394			748			1356
			1395			748			1357
			1396			0			0
			1397			748			1358
			1398			748			1359
			1399			748			1360
			1400			748			1361
			1401			748			1362
			1402			748			1363
			1403			748			1364
			1404			748			1365
			1405			748			1366
			1406			748			1367
			1407			748			1368
			1408			748			1369
			1409			748			1370
			1410			748			1371
			1411			748			1372
			1412			748			1373
			1413			748			1374
			1414			748			1375
			1415			748			1376
			1416			748			1377
			1417			748			1378
			1418			748			1379
			1419			748			1380
			1420			748			1381
			1421			745			1382
			1422			748			1383
			1423			745			1384
			1424			748			1385
			1425			748			1386
			1426			745			1387
			1427			748			1388
			1428			748			1389
			1429			748			1390
			1430			745			1391
			1431			745			1392
			1432			745			1393
			1433			748			1394
			1434			748			1395
			1435			748			1396
			1436			748			1397
			1437			748			1398
			1438			745			1399
			1439			745			1400
			1440			745			1401
			1441			748			1402
			1442			748			1403
			1443			745			1404
			1444			748			1405
			1445			745			1406
			1446			748			1407
			1447			745			1408
			1448			745			1409
			1449			748			1410
			1450			748			1411
			1451			748			1412
			1452			745			1413
			1453			748			1414
			1454			748			1415
			1455			745			1416
			1456			745			1417
			1457			745			1418
			1458			748			1419
			1459			745			1420
			1460			748			1421
			1461			748			1422
			1462			748			1423
			1463			745			1424
			1464			745			1425
			1465			748			1426
			1466			748			1427
			1467			748			1428
			1468			748			1429
			1469			745			1430
			1470			745			1431
			1471			745			1432
			1472			748			1433
			1473			748			1434
			1474			745			1435
			1475			748			1436
			1476			748			1437
			1477			745			1438
			1478			745			1439
			1479			748			1440
			1480			748			1441
			1481			748			1442
			1482			745			1443
			1483			748			1444
			1484			748			1445
			1485			745			1446
			1486			748			1447
			1487			745			1448
			1488			748			1449
			1489			745			1450
			1490			745			1451
			1491			745			1452
			1492			745			1453
			1493			748			1454
			1494			748			1455
			1495			745			1456
			1496			748			1457
			1497			745			1458
			1498			745			1459
			1499			745			1460
			1500			748			1461
			1501			748			1462
			1502			745			1463
			1503			748			1464
			1504			745			1465
			1505			748			1466
			1506			745			1467
			1507			745			1468
			1508			748			1469
			1509			745			1470
			1510			748			1471
			1511			748			1472
			1512			748			1473
			1513			748			1474
			1514			748			1475
			1515			748			1476
			1516			748			1477
			1517			748			1478
			1518			748			1479
			1519			748			1480
			1520			748			1481
			1521			748			1482
			1522			748			1483
			1523			748			1484
			1524			748			1485
			1525			748			1486
			1526			748			1487
			1527			748			1488
			1528			748			1489
			1529			748			1490
			1530			748			1491
			1531			748			1492
			1532			0			0
			1533			0			0
			1534			748			1493
			1535			748			1494
			1536			748			1495
			1537			748			1496
			1538			0			0
			1539			0			0
			1540			748			1497
			1541			748			1498
			1542			748			1499
			1543			748			1500
			1544			748			1501
			1545			748			1502
			1546			748			1503
			1547			748			1504
			1548			748			1505
			1549			748			1506
			1550			748			1507
			1551			748			1508
			1552			748			1509
			1553			748			1510
			1554			748			1511
			1555			748			1512
			1556			748			1513
			1557			748			1514
			1558			748			1515
			1559			748			1516
			1560			748			1517
			1561			748			1518
			1562			748			1519
			1563			748			1520
			1564			748			1521
			1565			748			1522
			1566			748			1523
			1567			748			1524
			1568			748			1525
			1569			748			1526
			1570			748			1527
			1571			748			1528
			1572			748			1529
			1573			748			1530
			1574			748			1531
			1575			748			1532
			1576			0			0
			1577			748			1533
			1578			748			1534
			1579			748			1535
			1580			748			1536
			1581			748			1537
			1582			748			1538
			1583			748			1539
			1584			748			1540
			1585			745			1541
			1586			748			1542
			1587			748			1543
			1588			745			1544
			1589			745			1545
			1590			748			1546
			1591			745			1547
			1592			748			1548
			1593			748			1549
			1594			745			1550
			1595			745			1551
			1596			748			1552
			1597			745			1553
			1598			745			1554
			1599			745			1555
			1600			748			1556
			1601			748			1557
			1602			745			1558
			1603			748			1559
			1604			748			1560
			1605			745			1561
			1606			745			1562
			1607			745			1563
			1608			745			1564
			1609			0			0
			1610			748			1565
			1611			745			1566
			1612			745			1567
			1613			748			1568
			1614			0			0
			1615			0			0
			1616			745			1569
			1617			748			1570
			1618			745			1571
			1619			745			1572
			1620			748			1573
			1621			745			1574
			1622			0			0
			1623			748			1575
			1624			748			1576
			1625			748			1577
			1626			748			1578
			1627			748			1579
			1628			748			1580
			1629			748			1581
			1630			748			1582
			1631			748			1583
			1632			748			1584
			1633			748			1585
			1634			748			1586
			1635			748			1587
			1636			748			1588
			1637			748			1589
			1638			748			1590
			1639			748			1591
			1640			748			1592
			1641			748			1593
			1642			748			1594
			1643			748			1595
			1644			748			1596
			1645			748			1597
			1646			748			1598
			1647			748			1599
			1648			748			1600
			1649			748			1601
			1650			748			1602
			1651			748			1603
			1652			748			1604
			1653			748			1605
			1654			748			1606
			1655			748			1607
			1656			748			1608
			1657			748			1609
			1658			748			1610
			1659			748			1611
			1660			0			0
			1661			748			1612
			1662			748			1613
			1663			748			1614
			1664			748			1615
			1665			748			1616
			1666			748			1617
			1667			748			1618
			1668			748			1619
			1669			748			1620
			1670			0			0
			1671			0			0
			1672			748			1621
			1673			748			1622
			1674			0			0
			1675			745			1623
			1676			748			1624
			1677			745			1625
			1678			745			1626
			1679			745			1627
			1680			748			1628
			1681			745			1629
			1682			745			1630
			1683			745			1631
			1684			748			1632
			1685			745			1633
			1686			0			0
			1687			745			1634
			1688			748			1635
			1689			0			0
			1690			745			1636
			1691			745			1637
			1692			745			1638
			1693			748			1639
			1694			745			1640
			1695			748			1641
			1696			748			1642
			1697			748			1643
			1698			748			1644
			1699			748			1645
			1700			748			1646
			1701			748			1647
			1702			748			1648
			1703			748			1649
			1704			748			1650
			1705			748			1651
			1706			748			1652
			1707			748			1653
			1708			748			1654
			1709			748			1655
			1710			748			1656
			1711			748			1657
			1712			748			1658
			1713			748			1659
			1714			748			1660
			1715			748			1661
			1716			748			1662
			1717			748			1663
			1718			748			1664
			1719			748			1665
			1720			748			1666
			1721			748			1667
			1722			748			1668
			1723			748			1669
			1724			748			1670
			1725			748			1671
			1726			748			1672
			1727			748			1673
			1728			748			1674
			1729			748			1675
			1730			748			1676
			1731			748			1677
			1732			748			1678
			1733			748			1679
			1734			748			1680
			1735			748			1681
			1736			748			1682
			1737			748			1683
			1738			748			1684
			1739			745			1685
			1740			745			1686
			1741			745			1687
			1742			745			1688
			1743			745			1689
			1744			748			1690
			1745			748			1691
			1746			745			1692
			1747			745			1693
			1748			745			1694
			1749			745			1695
			1750			748			1696
			1751			0			0
			1752			748			1697
			1753			748			1698
			1754			745			1699
			1755			748			1700
			1756			745			1701
			1757			745			1702
			1758			748			1703
			1759			748			1704
			1760			748			1705
			1761			745			1706
			1762			745			1707
			1763			748			1708
			1764			748			1709
			1765			745			1710
			1766			748			1711
			1767			745			1712
			1768			748			1713
			1769			745			1714
			1770			745			1715
			1771			745			1716
			1772			747			1717
			1773			747			1718
			1774			747			1719
			1775			747			1720
			1776			748			1721
			1777			747			1722
			1778			748			1723
			1779			748			1724
			1780			747			1725
			1781			747			1726
			1782			748			1727
			1783			747			1728
			1784			748			1729
			1785			747			1730
			1786			747			1731
			1787			748			1732
			1788			747			1733
			1789			748			1734
			1790			747			1735
			1791			748			1736
			1792			747			1737
			1793			747			1738
			1794			748			1739
			1795			747			1740
			1796			748			1741
			1797			747			1742
			1798			747			1743
			1799			748			1744
			1800			747			1745
			1801			748			1746
			1802			747			1747
			1803			748			1748
			1804			747			1749
			1805			748			1750
			1806			748			1751
			1807			747			1752
			1808			748			1753
			1809			747			1754
			1810			748			1755
			1811			747			1756
			1812			747			1757
			1813			747			1758
			1814			0			0
			1815			748			1759
			1816			0			0
			1817			0			0
			1818			747			1760
			1819			748			1761
			1820			747			1762
			1821			747			1763
			1822			748			1764
			1823			747			1765
			1824			747			1766
			1825			747			1767
			1826			748			1768
			1827			748			1769
			1828			747			1770
			1829			747			1771
			1830			748			1772
			1831			747			1773
			1832			748			1774
			1833			747			1775
			1834			748			1776
			1835			748			1777
			1836			747			1778
			1837			747			1779
			1838			748			1780
			1839			748			1781
			1840			748			1782
			1841			747			1783
			1842			748			1784
			1843			747			1785
			1844			747			1786
			1845			747			1787
			1846			747			1788
			1847			748			1789
			1848			747			1790
			1849			747			1791
			1850			747			1792
			1851			748			1793
			1852			747			1794
			1853			748			1795
			1854			748			1796
			1855			748			1797
			1856			747			1798
			1857			748			1799
			1858			748			1800
			1859			748			1801
			1860			0			0
			1861			0			0
			1862			747			1802
			1863			747			1803
			1864			748			1804
			1865			748			1805
			1866			747			1806
			1867			747			1807
			1868			748			1808
			1869			747			1809
			1870			748			1810
			1871			747			1811
			1872			747			1812
			1873			748			1813
			1874			748			1814
			1875			747			1815
			1876			747			1816
			1877			747			1817
			1878			745			1818
			1879			745			1819
			1880			745			1820
			1881			747			1821
			1882			745			1822
			1883			747			1823
			1884			745			1824
			1885			745			1825
			1886			747			1826
			1887			747			1827
			1888			745			1828
			1889			745			1829
			1890			745			1830
			1891			747			1831
			1892			747			1832
			1893			745			1833
			1894			745			1834
			1895			747			1835
			1896			745			1836
			1897			747			1837
			1898			745			1838
			1899			745			1839
			1900			745			1840
			1901			745			1841
			1902			745			1842
			1903			745			1843
			1904			745			1844
			1905			745			1845
			1906			745			1846
			1907			745			1847
			1908			745			1848
			1909			745			1849
			1910			745			1850
			1911			745			1851
			1912			745			1852
			1913			745			1853
			1914			745			1854
			1915			745			1855
			1916			745			1856
			1917			745			1857
			1918			745			1858
			1919			745			1859
			1920			745			1860
			1921			745			1861
			1922			747			1862
			1923			747			1863
			1924			745			1864
			1925			745			1865
			1926			747			1866
			1927			745			1867
			1928			747			1868
			1929			745			1869
			1930			747			1870
			1931			747			1871
			1932			745			1872
			1933			745			1873
			1934			745			1874
			1935			745			1875
			1936			747			1876
			1937			747			1877
			1938			745			1878
			1939			747			1879
			1940			747			1880
			1941			745			1881
			1942			747			1882
			1943			747			1883
			1944			745			1884
			1945			745			1885
			1946			745			1886
			1947			747			1887
			1948			745			1888
			1949			747			1889
			1950			747			1890
			1951			745			1891
			1952			747			1892
			1953			745			1893
			1954			747			1894
			1955			745			1895
			1956			747			1896
			1957			747			1897
			1958			745			1898
			1959			747			1899
			1960			745			1900
			1961			747			1901
			1962			747			1902
			1963			747			1903
			1964			745			1904
			1965			747			1905
			1966			745			1906
			1967			747			1907
			1968			747			1908
			1969			747			1909
			1970			745			1910
			1971			745			1911
			1972			745			1912
			1973			747			1913
			1974			745			1914
			1975			745			1915
			1976			747			1916
			1977			747			1917
			1978			745			1918
			1979			747			1919
			1980			745			1920
			1981			747			1921
			1982			745			1922
			1983			747			1923
			1984			747			1924
			1985			745			1925
			1986			745			1926
			1987			747			1927
			1988			745			1928
			1989			746			1929
			1990			747			1930
			1991			747			1931
			1992			746			1932
			1993			746			1933
			1994			746			1934
			1995			747			1935
			1996			746			1936
			1997			747			1937
			1998			747			1938
			1999			747			1939
			2000			747			1940
			2001			747			1941
			2002			746			1942
			2003			747			1943
			2004			746			1944
			2005			746			1945
			2006			747			1946
			2007			747			1947
			2008			747			1948
			2009			746			1949
			2010			746			1950
			2011			746			1951
			2012			747			1952
			2013			747			1953
			2014			746			1954
			2015			747			1955
			2016			746			1956
			2017			747			1957
			2018			746			1958
			2019			746			1959
			2020			746			1960
			2021			746			1961
			2022			747			1962
			2023			747			1963
			2024			746			1964
			2025			746			1965
			2026			747			1966
			2027			747			1967
			2028			746			1968
			2029			746			1969
			2030			746			1970
			2031			746			1971
			2032			747			1972
			2033			747			1973
			2034			747			1974
			2035			746			1975
			2036			747			1976
			2037			746			1977
			2038			746			1978
			2039			746			1979
			2040			746			1980
			2041			0			0
			2042			746			1981
			2043			0			0
			2044			0			0
			2045			0			0
			2046			747			1982
			2047			747			1983
			2048			746			1984
			2049			746			1985
			2050			747			1986
			2051			746			1987
			2052			747			1988
			2053			746			1989
			2054			747			1990
			2055			747			1991
			2056			0			0
			2057			746			1992
			2058			746			1993
			2059			746			1994
			2060			746			1995
			2061			747			1996
			2062			747			1997
			2063			746			1998
			2064			747			1999
			2065			746			2000
			2066			746			2001
			2067			746			2002
			2068			747			2003
			2069			746			2004
			2070			746			2005
			2071			746			2006
			2072			747			2007
			2073			747			2008
			2074			747			2009
			2075			747			2010
			2076			747			2011
			2077			746			2012
			2078			746			2013
			2079			746			2014
			2080			746			2015
			2081			747			2016
			2082			746			2017
			2083			747			2018
			2084			747			2019
			2085			747			2020
			2086			746			2021
			2087			746			2022
			2088			747			2023
			2089			746			2024
			2090			747			2025
			2091			747			2026
			2092			746			2027
			2093			746			2028
			2094			747			2029
			2095			747			2030
			2096			746			2031
			2097			747			2032
			2098			746			2033
			2099			747			2034
			2100			746			2035
			2101			747			2036
			2102			747			2037
			2103			746			2038
			2104			746			2039
			2105			746			2040
			2106			746			2041
			2107			747			2042
			2108			747			2043
			2109			747			2044
			2110			747			2045
			2111			745			2046
			2112			745			2047
			2113			746			2048
			2114			745			2049
			2115			746			2050
			2116			746			2051
			2117			746			2052
			2118			746			2053
			2119			745			2054
			2120			745			2055
			2121			745			2056
			2122			746			2057
			2123			745			2058
			2124			745			2059
			2125			746			2060
			2126			745			2061
			2127			745			2062
			2128			745			2063
			2129			746			2064
			2130			746			2065
			2131			746			2066
			2132			746			2067
			2133			746			2068
			2134			746			2069
			2135			746			2070
			2136			746			2071
			2137			746			2072
			2138			746			2073
			2139			746			2074
			2140			746			2075
			2141			743			2076
			2142			746			2077
			2143			746			2078
			2144			746			2079
			2145			746			2080
			2146			746			2081
			2147			746			2082
			2148			746			2083
			2149			746			2084
			2150			746			2085
			2151			746			2086
			2152			746			2087
			2153			746			2088
			2154			746			2089
			2155			746			2090
			2156			743			2091
			2157			746			2092
			2158			746			2093
			2159			746			2094
			2160			746			2095
			2161			746			2096
			2162			746			2097
			2163			746			2098
			2164			746			2099
			2165			743			2100
			2166			746			2101
			2167			746			2102
			2168			746			2103
			2169			746			2104
			2170			746			2105
			2171			746			2106
			2172			746			2107
			2173			746			2108
			2174			746			2109
			2175			0			0
			2176			0			0
			2177			0			0
			2178			746			2110
			2179			746			2111
			2180			746			2112
			2181			746			2113
			2182			746			2114
			2183			746			2115
			2184			746			2116
			2185			746			2117
			2186			746			2118
			2187			746			2119
			2188			746			2120
			2189			746			2121
			2190			746			2122
			2191			746			2123
			2192			746			2124
			2193			746			2125
			2194			746			2126
			2195			746			2127
			2196			746			2128
			2197			746			2129
			2198			0			0
			2199			746			2130
			2200			0			0
			2201			746			2131
			2202			746			2132
			2203			746			2133
			2204			746			2134
			2205			746			2135
			2206			746			2136
			2207			746			2137
			2208			746			2138
			2209			746			2139
			2210			746			2140
			2211			746			2141
			2212			746			2142
			2213			746			2143
			2214			746			2144
			2215			746			2145
			2216			746			2146
			2217			746			2147
			2218			746			2148
			2219			746			2149
			2220			746			2150
			2221			746			2151
			2222			746			2152
			2223			746			2153
			2224			746			2154
			2225			746			2155
			2226			746			2156
			2227			746			2157
			2228			746			2158
			2229			746			2159
			2230			746			2160
			2231			746			2161
			2232			746			2162
			2233			746			2163
			2234			746			2164
			2235			746			2165
			2236			746			2166
			2237			746			2167
			2238			746			2168
			2239			746			2169
			2240			746			2170
			2241			746			2171
			2242			746			2172
			2243			746			2173
			2244			746			2174
			2245			746			2175
			2246			746			2176
			2247			746			2177
			2248			746			2178
			2249			745			2179
			2250			745			2180
			2251			745			2181
			2252			745			2182
			2253			744			2183
			2254			744			2184
			2255			744			2185
			2256			744			2186
			2257			744			2187
			2258			744			2188
			2259			744			2189
			2260			744			2190
			2261			744			2191
			2262			744			2192
			2263			744			2193
			2264			744			2194
			2265			746			2195
			2266			744			2196
			2267			744			2197
			2268			744			2198
			2269			744			2199
			2270			744			2200
			2271			744			2201
			2272			744			2202
			2273			744			2203
			2274			744			2204
			2275			744			2205
			2276			744			2206
			2277			746			2207
			2278			744			2208
			2279			744			2209
			2280			744			2210
			2281			744			2211
			2282			744			2212
			2283			746			2213
			2284			744			2214
			2285			744			2215
			2286			746			2216
			2287			744			2217
			2288			744			2218
			2289			744			2219
			2290			744			2220
			2291			744			2221
			2292			744			2222
			2293			744			2223
			2294			744			2224
			2295			744			2225
			2296			744			2226
			2297			746			2227
			2298			746			2228
			2299			744			2229
			2300			744			2230
			2301			744			2231
			2302			744			2232
			2303			743			2233
			2304			744			2234
			2305			744			2235
			2306			744			2236
			2307			744			2237
			2308			744			2238
			2309			744			2239
			2310			744			2240
			2311			744			2241
			2312			743			2242
			2313			744			2243
			2314			744			2244
			2315			744			2245
			2316			744			2246
			2317			744			2247
			2318			744			2248
			2319			744			2249
			2320			744			2250
			2321			0			0
			2322			0			0
			2323			744			2251
			2324			744			2252
			2325			744			2253
			2326			743			2254
			2327			743			2255
			2328			743			2256
			2329			743			2257
			2330			743			2258
			2331			743			2259
			2332			743			2260
			2333			743			2261
			2334			743			2262
			2335			743			2263
			2336			743			2264
			2337			743			2265
			2338			743			2266
			2339			743			2267
			2340			743			2268
			2341			743			2269
			2342			743			2270
			2343			743			2271
			2344			743			2272
			2345			743			2273
			2346			743			2274
			2347			743			2275
			2348			743			2276
			2349			743			2277
			2350			743			2278
			2351			743			2279
			2352			743			2280
			2353			743			2281
			2354			743			2282
			2355			743			2283
			2356			743			2284
			2357			743			2285
			2358			743			2286
			2359			743			2287
			2360			743			2288
			2361			743			2289
			2362			743			2290
			2363			743			2291
			2364			743			2292
			2365			743			2293
			2366			743			2294
			2367			743			2295
			2368			743			2296
			2369			743			2297
			2370			743			2298
			2371			743			2299
			2372			743			2300
			2373			743			2301
			2374			743			2302
			2375			743			2303
			2376			743			2304
			2377			743			2305
			2378			743			2306
			2379			743			2307
			2380			743			2308
			2381			743			2309
			2382			743			2310
			2383			743			2311
			2384			743			2312
			2385			744			2313
			2386			744			2314
			2387			744			2315
			2388			744			2316
			2389			744			2317
			2390			744			2318
			2391			744			2319
			2392			744			2320
			2393			744			2321
			2394			744			2322
			2395			744			2323
			2396			744			2324
			2397			744			2325
			2398			744			2326
			2399			744			2327
			2400			744			2328
			2401			744			2329
			2402			744			2330
			2403			744			2331
			2404			744			2332
			2405			744			2333
			2406			744			2334
			2407			744			2335
			2408			744			2336
			2409			744			2337
			2410			744			2338
			2411			744			2339
			2412			744			2340
			2413			744			2341
			2414			744			2342
			2415			744			2343
			2416			744			2344
			2417			744			2345
			2418			744			2346
			2419			744			2347
			2420			744			2348
			2421			744			2349
			2422			744			2350
			2423			743			2351
			2424			743			2352
			2425			743			2353
			2426			743			2354
			2427			743			2355
			2428			743			2356
			2429			743			2357
			2430			743			2358
			2431			743			2359
			2432			743			2360
			2433			743			2361
			2434			743			2362
			2435			743			2363
			2436			743			2364
			2437			743			2365
			2438			743			2366
			2439			743			2367
			2440			743			2368
			2441			743			2369
			2442			743			2370
			2443			743			2371
			2444			743			2372
			2445			743			2373
			2446			743			2374
			2447			743			2375
			2448			743			2376
			2449			743			2377
			2450			743			2378
			2451			743			2379
			2452			743			2380
			2453			743			2381
			2454			743			2382
			2455			743			2383
			2456			743			2384
			2457			743			2385
			2458			743			2386
			2459			743			2387
			2460			743			2388
			2461			743			2389
			2462			743			2390
			2463			743			2391
			2464			743			2392
			2465			743			2393
			2466			743			2394
			2467			743			2395
			2468			743			2396
			2469			743			2397
			2470			743			2398
			2471			743			2399
			2472			743			2400
			2473			743			2401
			2474			743			2402
			2475			743			2403
			2476			743			2404
			2477			743			2405
			2478			743			2406
			2479			743			2407
			2480			743			2408
			2481			743			2409
			2482			743			2410
			2483			743			2411
			2484			743			2412
			2485			743			2413
			2486			743			2414
			2487			743			2415
			2488			743			2416
			2489			743			2417
			2490			743			2418
			2491			743			2419
			2492			743			2420
			2493			743			2421
			2494			743			2422
			2495			743			2423
			2496			743			2424
			2497			0			0
			2498			743			2425
			2499			743			2426
			2500			743			2427
			2501			743			2428
			2502			743			2429
			2503			743			2430
			2504			743			2431
			2505			743			2432
			2506			0			0
			2507			0			0
			2508			743			2433
			2509			743			2434
			2510			743			2435
			2511			744			2436
			2512			744			2437
			2513			744			2438
			2514			744			2439
			2515			744			2440
			2516			744			2441
			2517			743			2442
			2518			743			2443
			2519			743			2444
			2520			743			2445
			2521			743			2446
			2522			743			2447
			2523			743			2448
			2524			743			2449
			2525			743			2450
			2526			743			2451
			2527			743			2452
			2528			743			2453
			2529			743			2454
			2530			743			2455
			2531			743			2456
			2532			743			2457
			2533			743			2458
			2534			743			2459
			2535			743			2460
			2536			743			2461
			2537			743			2462
			2538			743			2463
			2539			743			2464
			2540			743			2465
			2541			743			2466
			2542			743			2467
			2543			743			2468
			2544			743			2469
			2545			743			2470
			2546			743			2471
			2547			743			2472
			2548			743			2473
			2549			743			2474
			2550			743			2475
			2551			743			2476
			2552			743			2477
			2553			743			2478
			2554			743			2479
			2555			743			2480
			2556			743			2481
			2557			743			2482
			2558			743			2483
			2559			743			2484
			2560			743			2485
			2561			743			2486
			2562			743			2487
			2563			743			2488
			2564			743			2489
			2565			743			2490
			2566			743			2491
			2567			743			2492
			2568			743			2493
			2569			743			2494
			2570			743			2495
			2571			743			2496
			2572			743			2497
			2573			743			2498
			2574			743			2499
			2575			743			2500
			2576			743			2501
			2577			0			0
			2578			0			0
			2579			744			2502
			2580			744			2503
			2581			744			2504
			2582			744			2505
			2583			744			2506
			2584			744			2507
			2585			744			2508
			2586			744			2509
			2587			744			2510
			2588			744			2511
			2589			744			2512
			2590			744			2513
			2591			743			2514
			2592			743			2515
			2593			743			2516
			2594			743			2517
			2595			743			2518
			2596			743			2519
			2597			743			2520
			2598			743			2521
			2599			743			2522
			2600			743			2523
			2601			743			2524
			2602			743			2525
			2603			743			2526
			2604			743			2527
			2605			743			2528
			2606			743			2529
			2607			743			2530
			2608			743			2531
			2609			743			2532
			2610			743			2533
			2611			743			2534
			2612			743			2535
			2613			743			2536
			2614			743			2537
			2615			743			2538
			2616			743			2539
			2617			743			2540
			2618			743			2541
			2619			743			2542
			2620			743			2543
			2621			0			0
			2622			0			0
			2623			0			0
			2624			743			2544
			2625			743			2545
			2626			743			2546
			2627			743			2547
			2628			743			2548
			2629			743			2549
			2630			743			2550
			2631			743			2551
			2632			743			2552
			2633			743			2553
			2634			743			2554
			2635			743			2555
			2636			743			2556
			2637			743			2557
			2638			743			2558
			2639			743			2559
			2640			743			2560
			2641			743			2561
			2642			743			2562
			2643			743			2563
			2644			743			2564
			2645			743			2565
			2646			743			2566
			2647			743			2567
			2648			743			2568
			2649			743			2569
			2650			744			2570
			2651			743			2571
			2652			744			2572
			2653			744			2573
			2654			744			2574
			2655			744			2575
			2656			744			2576
			2657			744			2577
			2658			744			2578
			2659			744			2579
			2660			744			2580
			2661			744			2581
			2662			744			2582
			2663			744			2583
			2664			744			2584
			2665			744			2585
			2666			744			2586
			2667			744			2587
			2668			744			2588
			2669			744			2589
			2670			744			2590
			2671			744			2591
			2672			744			2592
			2673			744			2593
			2674			744			2594
			2675			744			2595
			2676			744			2596
			2677			744			2597
			2678			744			2598
			2679			744			2599
			2680			744			2600
			2681			744			2601
			2682			744			2602
			2683			744			2603
			2684			744			2604
			2685			744			2605
			2686			744			2606
			2687			744			2607
			2688			744			2608
			2689			744			2609
			2690			744			2610
			2691			744			2611
			2692			744			2612
			2693			744			2613
			2694			744			2614
			2695			744			2615
			2696			744			2616
			2697			744			2617
			2698			744			2618
			2699			744			2619
			2700			0			0
			2701			0			0
			2702			744			2620
			2703			744			2621
			2704			744			2622
			2705			744			2623
			2706			744			2624
			2707			744			2625
			2708			744			2626
			2709			744			2627
			2710			744			2628
			2711			744			2629
			2712			744			2630
			2713			744			2631
			2714			744			2632
			2715			744			2633
			2716			744			2634
			2717			744			2635
			2718			744			2636
			2719			744			2637
			2720			744			2638
			2721			744			2639
			2722			744			2640
			2723			744			2641
			2724			744			2642
			2725			744			2643
			2726			744			2644
			2727			744			2645
			2728			744			2646
			2729			744			2647
			2730			744			2648
			2731			744			2649
			2732			744			2650
			2733			744			2651
			2734			744			2652
			2735			744			2653
			2736			744			2654
			2737			744			2655
			2738			744			2656
			2739			744			2657
			2740			744			2658
			2741			741			2659
			2742			744			2660
			2743			741			2661
			2744			744			2662
			2745			741			2663
			2746			736			2664
			2747			0			0
			2748			0			0
			2749			736			2665
			2750			736			2666
			2751			736			2667
			2752			736			2668
			2753			736			2669
			2754			736			2670
			2755			736			2671
			2756			736			2672
			2757			736			2673
			2758			736			2674
			2759			736			2675
			2760			736			2676
			2761			736			2677
			2762			736			2678
			2763			736			2679
			2764			736			2680
			2765			736			2681
			2766			736			2682
			2767			736			2683
			2768			736			2684
			2769			736			2685
			2770			736			2686
			2771			736			2687
			2772			736			2688
			2773			736			2689
			2774			0			0
			2775			0			0
			2776			736			2690
			2777			736			2691
			2778			736			2692
			2779			736			2693
			2780			736			2694
			2781			736			2695
			2782			736			2696
			2783			736			2697
			2784			736			2698
			2785			736			2699
			2786			736			2700
			2787			736			2701
			2788			736			2702
			2789			736			2703
			2790			736			2704
			2791			736			2705
			2792			736			2706
			2793			736			2707
			2794			736			2708
			2795			736			2709
			2796			736			2710
			2797			736			2711
			2798			736			2712
			2799			736			2713
			2800			736			2714
			2801			736			2715
			2802			736			2716
			2803			736			2717
			2804			736			2718
			2805			736			2719
			2806			736			2720
			2807			736			2721
			2808			736			2722
			2809			736			2723
			2810			736			2724
			2811			736			2725
			2812			736			2726
			2813			736			2727
			2814			736			2728
			2815			736			2729
			2816			736			2730
			2817			736			2731
			2818			736			2732
			2819			736			2733
			2820			736			2734
			2821			736			2735
			2822			736			2736
			2823			736			2737
			2824			736			2738
			2825			736			2739
			2826			736			2740
			2827			736			2741
			2828			736			2742
			2829			736			2743
			2830			736			2744
			2831			736			2745
			2832			736			2746
			2833			736			2747
			2834			736			2748
			2835			736			2749
			2836			736			2750
			2837			736			2751
			2838			736			2752
			2839			736			2753
			2840			736			2754
			2841			736			2755
			2842			0			0
			2843			0			0
			2844			736			2756
			2845			736			2757
			2846			736			2758
			2847			736			2759
			2848			736			2760
			2849			736			2761
			2850			736			2762
			2851			736			2763
			2852			736			2764
			2853			736			2765
			2854			736			2766
			2855			736			2767
			2856			736			2768
			2857			736			2769
			2858			736			2770
			2859			0			0
			2860			0			0
			2861			736			2771
			2862			736			2772
			2863			736			2773
			2864			736			2774
			2865			736			2775
			2866			736			2776
			2867			736			2777
			2868			736			2778
			2869			736			2779
			2870			736			2780
			2871			736			2781
			2872			736			2782
			2873			736			2783
			2874			736			2784
			2875			736			2785
			2876			736			2786
			2877			736			2787
			2878			736			2788
			2879			736			2789
			2880			736			2790
			2881			736			2791
			2882			736			2792
			2883			736			2793
			2884			736			2794
			2885			736			2795
			2886			736			2796
			2887			736			2797
			2888			737			2798
			2889			737			2799
			2890			0			0
			2891			0			0
			2892			736			2800
			2893			736			2801
			2894			736			2802
			2895			736			2803
			2896			736			2804
			2897			736			2805
			2898			737			2806
			2899			736			2807
			2900			736			2808
			2901			736			2809
			2902			736			2810
			2903			736			2811
			2904			736			2812
			2905			737			2813
			2906			736			2814
			2907			736			2815
			2908			736			2816
			2909			737			2817
			2910			736			2818
			2911			736			2819
			2912			736			2820
			2913			736			2821
			2914			736			2822
			2915			736			2823
			2916			736			2824
			2917			736			2825
			2918			736			2826
			2919			736			2827
			2920			736			2828
			2921			736			2829
			2922			736			2830
			2923			736			2831
			2924			736			2832
			2925			736			2833
			2926			736			2834
			2927			736			2835
			2928			736			2836
			2929			736			2837
			2930			736			2838
			2931			736			2839
			2932			736			2840
			2933			736			2841
			2934			736			2842
			2935			736			2843
			2936			736			2844
			2937			736			2845
			2938			736			2846
			2939			736			2847
			2940			736			2848
			2941			736			2849
			2942			736			2850
			2943			736			2851
			2944			736			2852
			2945			736			2853
			2946			736			2854
			2947			736			2855
			2948			736			2856
			2949			0			0
			2950			0			0
			2951			736			2857
			2952			736			2858
			2953			0			0
			2954			736			2859
			2955			736			2860
			2956			736			2861
			2957			736			2862
			2958			736			2863
			2959			736			2864
			2960			736			2865
			2961			736			2866
			2962			736			2867
			2963			736			2868
			2964			736			2869
			2965			736			2870
			2966			736			2871
			2967			736			2872
			2968			736			2873
			2969			736			2874
			2970			0			0
			2971			736			2875
			2972			736			2876
			2973			736			2877
			2974			736			2878
			2975			736			2879
			2976			736			2880
			2977			736			2881
			2978			736			2882
			2979			736			2883
			2980			736			2884
			2981			736			2885
			2982			736			2886
			2983			736			2887
			2984			736			2888
			2985			736			2889
			2986			736			2890
			2987			736			2891
			2988			736			2892
			2989			736			2893
			2990			736			2894
			2991			736			2895
			2992			736			2896
			2993			736			2897
			2994			736			2898
			2995			736			2899
			2996			736			2900
			2997			736			2901
			2998			736			2902
			2999			736			2903
			3000			736			2904
			3001			736			2905
			3002			736			2906
			3003			0			0
			3004			0			0
			3005			736			2907
			3006			736			2908
			3007			736			2909
			3008			736			2910
			3009			736			2911
			3010			736			2912
			3011			736			2913
			3012			736			2914
			3013			736			2915
			3014			736			2916
			3015			736			2917
			3016			736			2918
			3017			736			2919
			3018			737			2920
			3019			737			2921
			3020			737			2922
			3021			737			2923
			3022			737			2924
			3023			737			2925
			3024			736			2926
			3025			736			2927
			3026			736			2928
			3027			737			2929
			3028			737			2930
			3029			737			2931
			3030			736			2932
			3031			736			2933
			3032			737			2934
			3033			736			2935
			3034			737			2936
			3035			736			2937
			3036			737			2938
			3037			736			2939
			3038			736			2940
			3039			736			2941
			3040			736			2942
			3041			736			2943
			3042			736			2944
			3043			736			2945
			3044			736			2946
			3045			736			2947
			3046			736			2948
			3047			736			2949
			3048			736			2950
			3049			736			2951
			3050			737			2952
			3051			737			2953
			3052			737			2954
			3053			737			2955
			3054			737			2956
			3055			737			2957
			3056			737			2958
			3057			737			2959
			3058			737			2960
			3059			737			2961
			3060			0			0
			3061			737			2962
			3062			737			2963
			3063			737			2964
			3064			737			2965
			3065			737			2966
			3066			737			2967
			3067			737			2968
			3068			737			2969
			3069			737			2970
			3070			737			2971
			3071			737			2972
			3072			737			2973
			3073			737			2974
			3074			737			2975
			3075			737			2976
			3076			737			2977
			3077			0			0
			3078			0			0
			3079			737			2978
			3080			737			2979
			3081			737			2980
			3082			737			2981
			3083			737			2982
			3084			737			2983
			3085			737			2984
			3086			737			2985
			3087			737			2986
			3088			737			2987
			3089			737			2988
			3090			737			2989
			3091			737			2990
			3092			737			2991
			3093			737			2992
			3094			737			2993
			3095			737			2994
			3096			737			2995
			3097			737			2996
			3098			737			2997
			3099			737			2998
			3100			737			2999
			3101			737			3000
			3102			737			3001
			3103			737			3002
			3104			737			3003
			3105			737			3004
			3106			737			3005
			3107			737			3006
			3108			737			3007
			3109			737			3008
			3110			737			3009
			3111			737			3010
			3112			737			3011
			3113			737			3012
			3114			737			3013
			3115			737			3014
			3116			737			3015
			3117			737			3016
			3118			737			3017
			3119			737			3018
			3120			737			3019
			3121			737			3020
			3122			737			3021
			3123			737			3022
			3124			737			3023
			3125			737			3024
			3126			737			3025
			3127			737			3026
			3128			737			3027
			3129			737			3028
			3130			737			3029
			3131			737			3030
			3132			737			3031
			3133			737			3032
			3134			737			3033
			3135			737			3034
			3136			0			0
			3137			0			0
			3138			737			3035
			3139			737			3036
			3140			737			3037
			3141			737			3038
			3142			737			3039
			3143			737			3040
			3144			737			3041
			3145			737			3042
			3146			737			3043
			3147			737			3044
			3148			737			3045
			3149			737			3046
			3150			737			3047
			3151			737			3048
			3152			737			3049
			3153			737			3050
			3154			737			3051
			3155			737			3052
			3156			737			3053
			3157			737			3054
			3158			737			3055
			3159			737			3056
			3160			737			3057
			3161			737			3058
			3162			737			3059
			3163			737			3060
			3164			737			3061
			3165			737			3062
			3166			737			3063
			3167			737			3064
			3168			737			3065
			3169			0			0
			3170			0			0
			3171			0			0
			3172			737			3066
			3173			737			3067
			3174			737			3068
			3175			737			3069
			3176			737			3070
			3177			737			3071
			3178			737			3072
			3179			737			3073
			3180			737			3074
			3181			737			3075
			3182			737			3076
			3183			737			3077
			3184			737			3078
			3185			737			3079
			3186			737			3080
			3187			737			3081
			3188			737			3082
			3189			737			3083
			3190			737			3084
			3191			737			3085
			3192			737			3086
			3193			737			3087
			3194			737			3088
			3195			737			3089
			3196			0			0
			3197			737			3090
			3198			737			3091
			3199			737			3092
			3200			737			3093
			3201			737			3094
			3202			737			3095
			3203			737			3096
			3204			737			3097
			3205			737			3098
			3206			737			3099
			3207			737			3100
			3208			737			3101
			3209			737			3102
			3210			737			3103
			3211			737			3104
			3212			737			3105
			3213			737			3106
			3214			737			3107
			3215			737			3108
			3216			737			3109
			3217			737			3110
			3218			737			3111
			3219			737			3112
			3220			737			3113
			3221			737			3114
			3222			737			3115
			3223			737			3116
			3224			737			3117
			3225			737			3118
			3226			737			3119
			3227			737			3120
			3228			737			3121
			3229			737			3122
			3230			737			3123
			3231			737			3124
			3232			737			3125
			3233			737			3126
			3234			737			3127
			3235			737			3128
			3236			737			3129
			3237			737			3130
			3238			737			3131
			3239			737			3132
			3240			737			3133
			3241			737			3134
			3242			737			3135
			3243			737			3136
			3244			737			3137
			3245			737			3138
			3246			737			3139
			3247			0			0
			3248			0			0
			3249			737			3140
			3250			737			3141
			3251			737			3142
			3252			737			3143
			3253			737			3144
			3254			0			0
			3255			737			3145
			3256			737			3146
			3257			737			3147
			3258			737			3148
			3259			737			3149
			3260			737			3150
			3261			737			3151
			3262			737			3152
			3263			737			3153
			3264			737			3154
			3265			737			3155
			3266			737			3156
			3267			737			3157
			3268			737			3158
			3269			737			3159
			3270			737			3160
			3271			737			3161
			3272			737			3162
			3273			737			3163
			3274			737			3164
			3275			737			3165
			3276			737			3166
			3277			737			3167
			3278			737			3168
			3279			737			3169
			3280			737			3170
			3281			0			0
			3282			0			0
			3283			737			3171
			3284			737			3172
			3285			737			3173
			3286			737			3174
			3287			737			3175
			3288			737			3176
			3289			737			3177
			3290			737			3178
			3291			737			3179
			3292			737			3180
			3293			737			3181
			3294			737			3182
			3295			737			3183
			3296			737			3184
			3297			737			3185
			3298			737			3186
			3299			737			3187
			3300			737			3188
			3301			737			3189
			3302			737			3190
			3303			737			3191
			3304			737			3192
			3305			737			3193
			3306			737			3194
			3307			737			3195
			3308			737			3196
			3309			737			3197
			3310			737			3198
			3311			737			3199
			3312			737			3200
			3313			737			3201
			3314			737			3202
			3315			737			3203
			3316			737			3204
			3317			737			3205
			3318			737			3206
			3319			737			3207
			3320			737			3208
			3321			737			3209
			3322			737			3210
			3323			737			3211
			3324			737			3212
			3325			737			3213
			3326			0			0
			3327			0			0
			3328			737			3214
			3329			737			3215
			3330			737			3216
			3331			737			3217
			3332			737			3218
			3333			737			3219
			3334			737			3220
			3335			737			3221
			3336			740			3222
			3337			740			3223
			3338			737			3224
			3339			737			3225
			3340			737			3226
			3341			737			3227
			3342			737			3228
			3343			740			3229
			3344			737			3230
			3345			737			3231
			3346			737			3232
			3347			740			3233
			3348			737			3234
			3349			740			3235
			3350			737			3236
			3351			737			3237
			3352			737			3238
			3353			737			3239
			3354			737			3240
			3355			737			3241
			3356			737			3242
			3357			737			3243
			3358			737			3244
			3359			737			3245
			3360			737			3246
			3361			737			3247
			3362			737			3248
			3363			739			3249
			3364			739			3250
			3365			739			3251
			3366			739			3252
			3367			739			3253
			3368			739			3254
			3369			737			3255
			3370			737			3256
			3371			737			3257
			3372			737			3258
			3373			737			3259
			3374			737			3260
			3375			737			3261
			3376			737			3262
			3377			737			3263
			3378			737			3264
			3379			737			3265
			3380			737			3266
			3381			737			3267
			3382			737			3268
			3383			737			3269
			3384			738			3270
			3385			737			3271
			3386			738			3272
			3387			737			3273
			3388			737			3274
			3389			738			3275
			3390			737			3276
			3391			737			3277
			3392			737			3278
			3393			737			3279
			3394			737			3280
			3395			737			3281
			3396			737			3282
			3397			737			3283
			3398			737			3284
			3399			737			3285
			3400			737			3286
			3401			737			3287
			3402			737			3288
			3403			737			3289
			3404			737			3290
			3405			737			3291
			3406			737			3292
			3407			737			3293
			3408			737			3294
			3409			737			3295
			3410			737			3296
			3411			737			3297
			3412			737			3298
			3413			737			3299
			3414			738			3300
			3415			738			3301
			3416			737			3302
			3417			737			3303
			3418			737			3304
			3419			737			3305
			3420			737			3306
			3421			737			3307
			3422			737			3308
			3423			737			3309
			3424			737			3310
			3425			737			3311
			3426			737			3312
			3427			737			3313
			3428			737			3314
			3429			737			3315
			3430			737			3316
			3431			737			3317
			3432			737			3318
			3433			737			3319
			3434			737			3320
			3435			737			3321
			3436			737			3322
			3437			739			3323
			3438			739			3324
			3439			739			3325
			3440			739			3326
			3441			739			3327
			3442			739			3328
			3443			739			3329
			3444			739			3330
			3445			739			3331
			3446			739			3332
			3447			739			3333
			3448			739			3334
			3449			739			3335
			3450			739			3336
			3451			739			3337
			3452			739			3338
			3453			739			3339
			3454			739			3340
			3455			738			3341
			3456			739			3342
			3457			739			3343
			3458			739			3344
			3459			739			3345
			3460			739			3346
			3461			739			3347
			3462			739			3348
			3463			738			3349
			3464			738			3350
			3465			739			3351
			3466			739			3352
			3467			738			3353
			3468			738			3354
			3469			738			3355
			3470			739			3356
			3471			739			3357
			3472			739			3358
			3473			739			3359
			3474			738			3360
			3475			739			3361
			3476			739			3362
			3477			739			3363
			3478			739			3364
			3479			738			3365
			3480			739			3366
			3481			739			3367
			3482			739			3368
			3483			739			3369
			3484			739			3370
			3485			739			3371
			3486			739			3372
			3487			738			3373
			3488			739			3374
			3489			739			3375
			3490			738			3376
			3491			738			3377
			3492			739			3378
			3493			739			3379
			3494			739			3380
			3495			739			3381
			3496			738			3382
			3497			739			3383
			3498			0			0
			3499			739			3384
			3500			739			3385
			3501			739			3386
			3502			739			3387
			3503			739			3388
			3504			739			3389
			3505			739			3390
			3506			739			3391
			3507			739			3392
			3508			739			3393
			3509			739			3394
			3510			739			3395
			3511			739			3396
			3512			739			3397
			3513			739			3398
			3514			739			3399
			3515			739			3400
			3516			739			3401
			3517			739			3402
			3518			739			3403
			3519			739			3404
			3520			739			3405
			3521			739			3406
			3522			739			3407
			3523			739			3408
			3524			739			3409
			3525			739			3410
			3526			739			3411
			3527			739			3412
			3528			740			3413
			3529			740			3414
			3530			740			3415
			3531			740			3416
			3532			740			3417
			3533			740			3418
			3534			740			3419
			3535			740			3420
			3536			740			3421
			3537			740			3422
			3538			740			3423
			3539			740			3424
			3540			740			3425
			3541			740			3426
			3542			740			3427
			3543			740			3428
			3544			740			3429
			3545			740			3430
			3546			740			3431
			3547			740			3432
			3548			740			3433
			3549			740			3434
			3550			740			3435
			3551			740			3436
			3552			740			3437
			3553			740			3438
			3554			740			3439
			3555			740			3440
			3556			740			3441
			3557			740			3442
			3558			740			3443
			3559			740			3444
			3560			740			3445
			3561			740			3446
			3562			740			3447
			3563			740			3448
			3564			740			3449
			3565			740			3450
			3566			740			3451
			3567			740			3452
			3568			740			3453
			3569			740			3454
			3570			740			3455
			3571			740			3456
			3572			740			3457
			3573			740			3458
			3574			740			3459
			3575			740			3460
			3576			740			3461
			3577			740			3462
			3578			740			3463
			3579			740			3464
			3580			740			3465
			3581			740			3466
			3582			739			3467
			3583			739			3468
			3584			740			3469
			3585			740			3470
			3586			740			3471
			3587			739			3472
			3588			739			3473
			3589			740			3474
			3590			740			3475
			3591			739			3476
			3592			740			3477
			3593			740			3478
			3594			740			3479
			3595			739			3480
			3596			739			3481
			3597			740			3482
			3598			740			3483
			3599			739			3484
			3600			739			3485
			3601			739			3486
			3602			739			3487
			3603			739			3488
			3604			739			3489
			3605			740			3490
			3606			739			3491
			3607			740			3492
			3608			739			3493
			3609			739			3494
			3610			740			3495
			3611			0			0
			3612			740			3496
			3613			740			3497
			3614			740			3498
			3615			739			3499
			3616			739			3500
			3617			739			3501
			3618			739			3502
			3619			739			3503
			3620			739			3504
			3621			739			3505
			3622			739			3506
			3623			739			3507
			3624			0			0
			3625			739			3508
			3626			739			3509
			3627			739			3510
			3628			739			3511
			3629			739			3512
			3630			739			3513
			3631			739			3514
			3632			739			3515
			3633			739			3516
			3634			739			3517
			3635			739			3518
			3636			739			3519
			3637			739			3520
			3638			739			3521
			3639			739			3522
			3640			739			3523
			3641			739			3524
			3642			739			3525
			3643			739			3526
			3644			739			3527
			3645			739			3528
			3646			739			3529
			3647			739			3530
			3648			739			3531
			3649			739			3532
			3650			739			3533
			3651			739			3534
			3652			739			3535
			3653			739			3536
			3654			739			3537
			3655			739			3538
			3656			739			3539
			3657			739			3540
			3658			739			3541
			3659			739			3542
			3660			739			3543
			3661			739			3544
			3662			739			3545
			3663			739			3546
			3664			739			3547
			3665			739			3548
			3666			739			3549
			3667			739			3550
			3668			739			3551
			3669			739			3552
			3670			739			3553
			3671			739			3554
			3672			739			3555
			3673			739			3556
			3674			739			3557
			3675			739			3558
			3676			739			3559
			3677			739			3560
			3678			739			3561
			3679			739			3562
			3680			739			3563
			3681			739			3564
			3682			739			3565
			3683			739			3566
			3684			739			3567
			3685			739			3568
			3686			739			3569
			3687			739			3570
			3688			739			3571
			3689			739			3572
			3690			739			3573
			3691			739			3574
			3692			739			3575
			3693			739			3576
			3694			739			3577
			3695			739			3578
			3696			739			3579
			3697			739			3580
			3698			739			3581
			3699			739			3582
			3700			739			3583
			3701			739			3584
			3702			739			3585
			3703			739			3586
			3704			739			3587
			3705			739			3588
			3706			739			3589
			3707			739			3590
			3708			739			3591
			3709			739			3592
			3710			739			3593
			3711			739			3594
			3712			739			3595
			3713			739			3596
			3714			739			3597
			3715			739			3598
			3716			739			3599
			3717			739			3600
			3718			739			3601
			3719			739			3602
			3720			739			3603
			3721			739			3604
			3722			739			3605
			3723			739			3606
			3724			739			3607
			3725			739			3608
			3726			739			3609
			3727			739			3610
			3728			739			3611
			3729			737			3612
			3730			737			3613
			3731			737			3614
			3732			737			3615
			3733			737			3616
			3734			737			3617
			3735			737			3618
			3736			737			3619
			3737			737			3620
			3738			737			3621
			3739			737			3622
			3740			737			3623
			3741			737			3624
			3742			738			3625
			3743			737			3626
			3744			737			3627
			3745			737			3628
			3746			738			3629
			3747			737			3630
			3748			737			3631
			3749			737			3632
			3750			738			3633
			3751			738			3634
			3752			738			3635
			3753			738			3636
			3754			738			3637
			3755			738			3638
			3756			738			3639
			3757			738			3640
			3758			738			3641
			3759			738			3642
			3760			738			3643
			3761			738			3644
			3762			738			3645
			3763			738			3646
			3764			738			3647
			3765			738			3648
			3766			738			3649
			3767			738			3650
			3768			738			3651
			3769			738			3652
			3770			738			3653
			3771			738			3654
			3772			738			3655
			3773			738			3656
			3774			738			3657
			3775			738			3658
			3776			0			0
			3777			0			0
			3778			738			3659
			3779			738			3660
			3780			738			3661
			3781			738			3662
			3782			738			3663
			3783			738			3664
			3784			738			3665
			3785			738			3666
			3786			738			3667
			3787			738			3668
			3788			738			3669
			3789			738			3670
			3790			738			3671
			3791			738			3672
			3792			738			3673
			3793			738			3674
			3794			738			3675
			3795			738			3676
			3796			738			3677
			3797			738			3678
			3798			738			3679
			3799			738			3680
			3800			738			3681
			3801			738			3682
			3802			738			3683
			3803			738			3684
			3804			738			3685
			3805			738			3686
			3806			738			3687
			3807			738			3688
			3808			738			3689
			3809			738			3690
			3810			738			3691
			3811			738			3692
			3812			738			3693
			3813			738			3694
			3814			738			3695
			3815			738			3696
			3816			738			3697
			3817			738			3698
			3818			738			3699
			3819			738			3700
			3820			738			3701
			3821			738			3702
			3822			738			3703
			3823			738			3704
			3824			738			3705
			3825			738			3706
			3826			738			3707
			3827			738			3708
			3828			738			3709
			3829			738			3710
			3830			738			3711
			3831			738			3712
			3832			738			3713
			3833			738			3714
			3834			0			0
			3835			0			0
			3836			738			3715
			3837			738			3716
			3838			738			3717
			3839			738			3718
			3840			738			3719
			3841			738			3720
			3842			738			3721
			3843			738			3722
			3844			738			3723
			3845			738			3724
			3846			738			3725
			3847			738			3726
			3848			738			3727
			3849			738			3728
			3850			738			3729
			3851			738			3730
			3852			738			3731
			3853			0			0
			3854			738			3732
			3855			738			3733
			3856			738			3734
			3857			738			3735
			3858			738			3736
			3859			738			3737
			3860			738			3738
			3861			738			3739
			3862			739			3740
			3863			738			3741
			3864			738			3742
			3865			738			3743
			3866			738			3744
			3867			738			3745
			3868			739			3746
			3869			739			3747
			3870			738			3748
			3871			739			3749
			3872			739			3750
			3873			739			3751
			3874			739			3752
			3875			738			3753
			3876			738			3754
			3877			738			3755
			3878			738			3756
			3879			738			3757
			3880			739			3758
			3881			738			3759
			3882			738			3760
			3883			738			3761
			3884			738			3762
			3885			739			3763
			3886			739			3764
			3887			738			3765
			3888			739			3766
			3889			739			3767
			3890			738			3768
			3891			739			3769
			3892			738			3770
			3893			739			3771
			3894			739			3772
			3895			739			3773
			3896			738			3774
			3897			739			3775
			3898			739			3776
			3899			739			3777
			3900			739			3778
			3901			739			3779
			3902			739			3780
			3903			738			3781
			3904			738			3782
			3905			738			3783
			3906			739			3784
			3907			739			3785
			3908			738			3786
			3909			739			3787
			3910			738			3788
			3911			738			3789
			3912			738			3790
			3913			739			3791
			3914			738			3792
			3915			738			3793
			3916			738			3794
			3917			738			3795
			3918			738			3796
			3919			738			3797
			3920			738			3798
			3921			738			3799
			3922			0			0
			3923			739			3800
			3924			739			3801
			3925			739			3802
			3926			739			3803
			3927			739			3804
			3928			739			3805
			3929			738			3806
			3930			739			3807
			3931			738			3808
			3932			739			3809
			3933			738			3810
			3934			738			3811
			3935			738			3812
			3936			738			3813
			3937			738			3814
			3938			739			3815
			3939			738			3816
			3940			0			0
			3941			738			3817
			3942			738			3818
			3943			738			3819
			3944			739			3820
			3945			738			3821
			3946			738			3822
			3947			738			3823
			3948			738			3824
			3949			738			3825
			3950			738			3826
			3951			738			3827
			3952			739			3828
			3953			739			3829
			3954			738			3830
			3955			739			3831
			3956			738			3832
			3957			738			3833
			3958			738			3834
			3959			738			3835
			3960			739			3836
			3961			739			3837
			3962			739			3838
			3963			739			3839
			3964			739			3840
			3965			739			3841
			3966			739			3842
			3967			739			3843
			3968			738			3844
			3969			739			3845
			3970			739			3846
			3971			739			3847
			3972			739			3848
			3973			739			3849
			3974			740			3850
			3975			741			3851
			3976			740			3852
			3977			740			3853
			3978			739			3854
			3979			739			3855
			3980			739			3856
			3981			739			3857
			3982			0			0
			3983			739			3858
			3984			740			3859
			3985			739			3860
			3986			0			0
			3987			740			3861
			3988			739			3862
			3989			740			3863
			3990			739			3864
			3991			740			3865
			3992			740			3866
			3993			0			0
			3994			740			3867
			3995			740			3868
			3996			740			3869
			3997			740			3870
			3998			740			3871
			3999			740			3872
			4000			740			3873
			4001			740			3874
			4002			740			3875
			4003			740			3876
			4004			740			3877
			4005			739			3878
			4006			740			3879
			4007			740			3880
			4008			740			3881
			4009			740			3882
			4010			740			3883
			4011			740			3884
			4012			740			3885
			4013			739			3886
			4014			740			3887
			4015			739			3888
			4016			739			3889
			4017			740			3890
			4018			740			3891
			4019			740			3892
			4020			739			3893
			4021			740			3894
			4022			740			3895
			4023			740			3896
			4024			739			3897
			4025			740			3898
			4026			740			3899
			4027			740			3900
			4028			739			3901
			4029			740			3902
			4030			740			3903
			4031			740			3904
			4032			740			3905
			4033			740			3906
			4034			739			3907
			4035			739			3908
			4036			740			3909
			4037			740			3910
			4038			739			3911
			4039			739			3912
			4040			739			3913
			4041			740			3914
			4042			740			3915
			4043			740			3916
			4044			740			3917
			4045			739			3918
			4046			740			3919
			4047			0			0
			4048			0			0
			4049			740			3920
			4050			740			3921
			4051			740			3922
			4052			740			3923
			4053			740			3924
			4054			740			3925
			4055			740			3926
			4056			740			3927
			4057			740			3928
			4058			740			3929
			4059			740			3930
			4060			740			3931
			4061			740			3932
			4062			740			3933
			4063			740			3934
			4064			740			3935
			4065			740			3936
			4066			740			3937
			4067			740			3938
			4068			740			3939
			4069			740			3940
			4070			740			3941
			4071			740			3942
			4072			740			3943
			4073			740			3944
			4074			740			3945
			4075			740			3946
			4076			740			3947
			4077			740			3948
			4078			740			3949
			4079			740			3950
			4080			740			3951
			4081			740			3952
			4082			740			3953
			4083			740			3954
			4084			740			3955
			4085			740			3956
			4086			740			3957
			4087			740			3958
			4088			740			3959
			4089			740			3960
			4090			740			3961
			4091			740			3962
			4092			740			3963
			4093			740			3964
			4094			740			3965
			4095			740			3966
			4096			740			3967
			4097			740			3968
			4098			740			3969
			4099			740			3970
			4100			740			3971
			4101			740			3972
			4102			740			3973
			4103			740			3974
			4104			740			3975
			4105			740			3976
			4106			740			3977
			4107			740			3978
			4108			740			3979
			4109			740			3980
			4110			740			3981
			4111			0			0
			4112			0			0
			4113			740			3982
			4114			740			3983
			4115			740			3984
			4116			740			3985
			4117			740			3986
			4118			740			3987
			4119			740			3988
			4120			740			3989
			4121			740			3990
			4122			740			3991
			4123			740			3992
			4124			740			3993
			4125			740			3994
			4126			740			3995
			4127			740			3996
			4128			740			3997
			4129			740			3998
			4130			740			3999
			4131			740			4000
			4132			740			4001
			4133			740			4002
			4134			740			4003
			4135			740			4004
			4136			740			4005
			4137			740			4006
			4138			0			0
			4139			740			4007
			4140			740			4008
			4141			740			4009
			4142			740			4010
			4143			0			0
			4144			0			0
			4145			740			4011
			4146			740			4012
			4147			740			4013
			4148			740			4014
			4149			740			4015
			4150			740			4016
			4151			740			4017
			4152			740			4018
			4153			740			4019
			4154			740			4020
			4155			740			4021
			4156			740			4022
			4157			740			4023
			4158			740			4024
			4159			740			4025
			4160			740			4026
			4161			740			4027
			4162			740			4028
			4163			740			4029
			4164			740			4030
			4165			740			4031
			4166			740			4032
			4167			740			4033
			4168			740			4034
			4169			740			4035
			4170			740			4036
			4171			740			4037
			4172			740			4038
			4173			740			4039
			4174			740			4040
			4175			740			4041
			4176			740			4042
			4177			740			4043
			4178			740			4044
			4179			740			4045
			4180			740			4046
			4181			740			4047
			4182			740			4048
			4183			740			4049
			4184			740			4050
			4185			740			4051
			4186			740			4052
			4187			740			4053
			4188			740			4054
			4189			740			4055
			4190			740			4056
			4191			740			4057
			4192			740			4058
			4193			740			4059
			4194			740			4060
			4195			740			4061
			4196			740			4062
			4197			740			4063
			4198			740			4064
			4199			740			4065
			4200			740			4066
			4201			740			4067
			4202			740			4068
			4203			740			4069
			4204			740			4070
			4205			740			4071
			4206			740			4072
			4207			740			4073
			4208			740			4074
			4209			740			4075
			4210			740			4076
			4211			740			4077
			4212			740			4078
			4213			740			4079
			4214			740			4080
			4215			742			4081
			4216			742			4082
			4217			742			4083
			4218			742			4084
			4219			742			4085
			4220			742			4086
			4221			740			4087
			4222			740			4088
			4223			742			4089
			4224			742			4090
			4225			740			4091
			4226			742			4092
			4227			740			4093
			4228			740			4094
			4229			740			4095
			4230			740			4096
			4231			742			4097
			4232			740			4098
			4233			740			4099
			4234			740			4100
			4235			742			4101
			4236			0			0
			4237			0			0
			4238			0			0
			4239			742			4102
			4240			740			4103
			4241			740			4104
			4242			740			4105
			4243			742			4106
			4244			742			4107
			4245			740			4108
			4246			742			4109
			4247			742			4110
			4248			742			4111
			4249			742			4112
			4250			740			4113
			4251			740			4114
			4252			740			4115
			4253			742			4116
			4254			740			4117
			4255			742			4118
			4256			740			4119
			4257			740			4120
			4258			742			4121
			4259			740			4122
			4260			742			4123
			4261			742			4124
			4262			742			4125
			4263			742			4126
			4264			742			4127
			4265			742			4128
			4266			742			4129
			4267			742			4130
			4268			740			4131
			4269			742			4132
			4270			742			4133
			4271			742			4134
			4272			742			4135
			4273			740			4136
			4274			741			4137
			4275			741			4138
			4276			741			4139
			4277			740			4140
			4278			741			4141
			4279			740			4142
			4280			740			4143
			4281			740			4144
			4282			742			4145
			4283			742			4146
			4284			742			4147
			4285			742			4148
			4286			742			4149
			4287			742			4150
			4288			741			4151
			4289			741			4152
			4290			742			4153
			4291			742			4154
			4292			742			4155
			4293			742			4156
			4294			742			4157
			4295			741			4158
			4296			742			4159
			4297			742			4160
			4298			742			4161
			4299			742			4162
			4300			742			4163
			4301			742			4164
			4302			741			4165
			4303			741			4166
			4304			741			4167
			4305			742			4168
			4306			742			4169
			4307			742			4170
			4308			742			4171
			4309			742			4172
			4310			741			4173
			4311			741			4174
			4312			741			4175
			4313			741			4176
			4314			741			4177
			4315			742			4178
			4316			742			4179
			4317			742			4180
			4318			741			4181
			4319			742			4182
			4320			742			4183
			4321			742			4184
			4322			742			4185
			4323			742			4186
			4324			742			4187
			4325			742			4188
			4326			742			4189
			4327			742			4190
			4328			742			4191
			4329			742			4192
			4330			742			4193
			4331			0			0
			4332			742			4194
			4333			742			4195
			4334			742			4196
			4335			742			4197
			4336			742			4198
			4337			742			4199
			4338			742			4200
			4339			742			4201
			4340			742			4202
			4341			742			4203
			4342			742			4204
			4343			742			4205
			4344			743			4206
			4345			743			4207
			4346			742			4208
			4347			742			4209
			4348			742			4210
			4349			743			4211
			4350			743			4212
			4351			742			4213
			4352			742			4214
			4353			743			4215
			4354			742			4216
			4355			743			4217
			4356			742			4218
			4357			743			4219
			4358			743			4220
			4359			743			4221
			4360			743			4222
			4361			743			4223
			4362			742			4224
			4363			742			4225
			4364			742			4226
			4365			742			4227
			4366			743			4228
			4367			743			4229
			4368			742			4230
			4369			742			4231
			4370			743			4232
			4371			743			4233
			4372			742			4234
			4373			742			4235
			4374			742			4236
			4375			742			4237
			4376			742			4238
			4377			741			4239
			4378			743			4240
			4379			743			4241
			4380			744			4242
			4381			744			4243
			4382			744			4244
			4383			743			4245
			4384			743			4246
			4385			743			4247
			4386			744			4248
			4387			744			4249
			4388			744			4250
			4389			743			4251
			4390			744			4252
			4391			744			4253
			4392			744			4254
			4393			744			4255
			4394			744			4256
			4395			744			4257
			4396			744			4258
			4397			744			4259
			4398			744			4260
			4399			744			4261
			4400			744			4262
			4401			744			4263
			4402			743			4264
			4403			744			4265
			4404			743			4266
			4405			743			4267
			4406			743			4268
			4407			744			4269
			4408			744			4270
			4409			744			4271
			4410			744			4272
			4411			744			4273
			4412			744			4274
			4413			744			4275
			4414			744			4276
			4415			743			4277
			4416			744			4278
			4417			744			4279
			4418			744			4280
			4419			744			4281
			4420			744			4282
			4421			744			4283
			4422			744			4284
			4423			744			4285
			4424			744			4286
			4425			744			4287
			4426			744			4288
			4427			744			4289
			4428			744			4290
			4429			744			4291
			4430			744			4292
			4431			744			4293
			4432			744			4294
			4433			744			4295
			4434			744			4296
			4435			744			4297
			4436			744			4298
			4437			744			4299
			4438			744			4300
			4439			744			4301
			4440			0			0
			4441			0			0
			4442			744			4302
			4443			744			4303
			4444			744			4304
			4445			744			4305
			4446			744			4306
			4447			744			4307
			4448			744			4308
			4449			744			4309
			4450			744			4310
			4451			744			4311
			4452			744			4312
			4453			744			4313
			4454			744			4314
			4455			744			4315
			4456			744			4316
			4457			744			4317
			4458			744			4318
			4459			744			4319
			4460			744			4320
			4461			744			4321
			4462			744			4322
			4463			744			4323
			4464			744			4324
			4465			744			4325
			4466			744			4326
			4467			744			4327
			4468			744			4328
			4469			744			4329
			4470			744			4330
			4471			744			4331
			4472			741			4332
			4473			741			4333
			4474			741			4334
			4475			741			4335
			4476			741			4336
			4477			741			4337
			4478			741			4338
			4479			741			4339
			4480			741			4340
			4481			741			4341
			4482			741			4342
			4483			741			4343
			4484			741			4344
			4485			738			4345
			4486			741			4346
			4487			738			4347
			4488			741			4348
			4489			741			4349
			4490			741			4350
			4491			741			4351
			4492			741			4352
			4493			738			4353
			4494			741			4354
			4495			741			4355
			4496			741			4356
			4497			741			4357
			4498			741			4358
			4499			738			4359
			4500			741			4360
			4501			738			4361
			4502			741			4362
			4503			741			4363
			4504			741			4364
			4505			741			4365
			4506			738			4366
			4507			738			4367
			4508			741			4368
			4509			741			4369
			4510			741			4370
			4511			741			4371
			4512			741			4372
			4513			741			4373
			4514			741			4374
			4515			741			4375
			4516			741			4376
			4517			741			4377
			4518			0			0
			4519			0			0
			4520			741			4378
			4521			741			4379
			4522			741			4380
			4523			741			4381
			4524			741			4382
			4525			741			4383
			4526			741			4384
			4527			741			4385
			4528			741			4386
			4529			741			4387
			4530			741			4388
			4531			741			4389
			4532			741			4390
			4533			738			4391
			4534			741			4392
			4535			741			4393
			4536			741			4394
			4537			741			4395
			4538			741			4396
			4539			741			4397
			4540			741			4398
			4541			741			4399
			4542			741			4400
			4543			741			4401
			4544			741			4402
			4545			741			4403
			4546			741			4404
			4547			738			4405
			4548			741			4406
			4549			738			4407
			4550			738			4408
			4551			741			4409
			4552			738			4410
			4553			741			4411
			4554			741			4412
			4555			738			4413
			4556			741			4414
			4557			741			4415
			4558			738			4416
			4559			738			4417
			4560			738			4418
			4561			741			4419
			4562			738			4420
			4563			741			4421
			4564			741			4422
			4565			738			4423
			4566			738			4424
			4567			738			4425
			4568			738			4426
			4569			0			0
			4570			0			0
			4571			741			4427
			4572			741			4428
			4573			741			4429
			4574			741			4430
			4575			741			4431
			4576			741			4432
			4577			741			4433
			4578			741			4434
			4579			741			4435
			4580			741			4436
			4581			741			4437
			4582			741			4438
			4583			741			4439
			4584			741			4440
			4585			741			4441
			4586			741			4442
			4587			741			4443
			4588			741			4444
			4589			741			4445
			4590			741			4446
			4591			741			4447
			4592			741			4448
			4593			741			4449
			4594			741			4450
			4595			741			4451
			4596			0			0
			4597			0			0
			4598			741			4452
			4599			741			4453
			4600			741			4454
			4601			741			4455
			4602			744			4456
			4603			744			4457
			4604			744			4458
			4605			744			4459
			4606			744			4460
			4607			744			4461
			4608			744			4462
			4609			744			4463
			4610			744			4464
			4611			741			4465
			4612			741			4466
			4613			741			4467
			4614			741			4468
			4615			741			4469
			4616			741			4470
			4617			741			4471
			4618			741			4472
			4619			741			4473
			4620			741			4474
			4621			741			4475
			4622			741			4476
			4623			741			4477
			4624			741			4478
			4625			741			4479
			4626			741			4480
			4627			741			4481
			4628			741			4482
			4629			741			4483
			4630			741			4484
			4631			741			4485
			4632			741			4486
			4633			741			4487
			4634			741			4488